solid OpenSCAD_Model
  facet normal -0.992325 -0.123654 0
    outer loop
      vertex -102.518 -62.385 0
      vertex -102.526 -62.3208 3
      vertex -102.526 -62.3208 0
    endloop
  endfacet
  facet normal -0.992325 -0.123654 0
    outer loop
      vertex -102.526 -62.3208 3
      vertex -102.518 -62.385 0
      vertex -102.518 -62.385 3
    endloop
  endfacet
  facet normal 0.886454 0.462817 0
    outer loop
      vertex 102.077 63.9981 3
      vertex 101.875 64.385 0
      vertex 101.875 64.385 3
    endloop
  endfacet
  facet normal 0.886454 0.462817 0
    outer loop
      vertex 101.875 64.385 0
      vertex 102.077 63.9981 3
      vertex 102.077 63.9981 0
    endloop
  endfacet
  facet normal -0.999051 -0.0435566 0
    outer loop
      vertex -102.526 -62.3208 0
      vertex -102.545 -61.885 3
      vertex -102.545 -61.885 0
    endloop
  endfacet
  facet normal -0.999051 -0.0435566 0
    outer loop
      vertex -102.545 -61.885 3
      vertex -102.526 -62.3208 0
      vertex -102.526 -62.3208 3
    endloop
  endfacet
  facet normal 0.953166 0.302447 0
    outer loop
      vertex 102.375 63.1791 3
      vertex 102.243 63.5951 0
      vertex 102.243 63.5951 3
    endloop
  endfacet
  facet normal 0.953166 0.302447 0
    outer loop
      vertex 102.243 63.5951 0
      vertex 102.375 63.1791 3
      vertex 102.375 63.1791 0
    endloop
  endfacet
  facet normal 0.537068 -0.843539 0
    outer loop
      vertex 100.045 -66.2151 0
      vertex 100.413 -65.9808 3
      vertex 100.045 -66.2151 3
    endloop
  endfacet
  facet normal 0.537068 -0.843539 0
    outer loop
      vertex 100.413 -65.9808 3
      vertex 100.045 -66.2151 0
      vertex 100.413 -65.9808 0
    endloop
  endfacet
  facet normal -0.0435566 -0.999051 0
    outer loop
      vertex -97.9808 -66.866 0
      vertex -97.545 -66.885 3
      vertex -97.9808 -66.866 3
    endloop
  endfacet
  facet normal -0.0435566 -0.999051 -0
    outer loop
      vertex -97.545 -66.885 3
      vertex -97.9808 -66.866 0
      vertex -97.545 -66.885 0
    endloop
  endfacet
  facet normal 1 -0 0
    outer loop
      vertex 102.545 -61.885 3
      vertex 102.545 61.885 0
      vertex 102.545 61.885 3
    endloop
  endfacet
  facet normal 1 0 0
    outer loop
      vertex 102.545 61.885 0
      vertex 102.545 -61.885 3
      vertex 102.545 -61.885 0
    endloop
  endfacet
  facet normal 0.675143 -0.737686 0
    outer loop
      vertex 100.759 -65.7152 0
      vertex 101.081 -65.4205 3
      vertex 100.759 -65.7152 3
    endloop
  endfacet
  facet normal 0.675143 -0.737686 0
    outer loop
      vertex 101.081 -65.4205 3
      vertex 100.759 -65.7152 0
      vertex 101.081 -65.4205 0
    endloop
  endfacet
  facet normal -0.924631 0.380865 0
    outer loop
      vertex -102.243 63.5951 0
      vertex -102.077 63.9981 3
      vertex -102.077 63.9981 0
    endloop
  endfacet
  facet normal -0.924631 0.380865 0
    outer loop
      vertex -102.077 63.9981 3
      vertex -102.243 63.5951 0
      vertex -102.243 63.5951 3
    endloop
  endfacet
  facet normal 0.300572 -0.953759 0
    outer loop
      vertex 98.8391 -66.7146 0
      vertex 99.2551 -66.5835 3
      vertex 98.8391 -66.7146 3
    endloop
  endfacet
  facet normal 0.300572 -0.953759 0
    outer loop
      vertex 99.2551 -66.5835 3
      vertex 98.8391 -66.7146 0
      vertex 99.2551 -66.5835 0
    endloop
  endfacet
  facet normal -0.886454 0.462817 0
    outer loop
      vertex -102.077 63.9981 0
      vertex -101.875 64.385 3
      vertex -101.875 64.385 0
    endloop
  endfacet
  facet normal -0.886454 0.462817 0
    outer loop
      vertex -101.875 64.385 3
      vertex -102.077 63.9981 0
      vertex -102.077 63.9981 3
    endloop
  endfacet
  facet normal -1 0 0
    outer loop
      vertex -102.545 -61.885 0
      vertex -102.545 61.885 3
      vertex -102.545 61.885 0
    endloop
  endfacet
  facet normal -1 -0 0
    outer loop
      vertex -102.545 61.885 3
      vertex -102.545 -61.885 0
      vertex -102.545 -61.885 3
    endloop
  endfacet
  facet normal 0 -1 0
    outer loop
      vertex -97.545 -66.885 0
      vertex 97.545 -66.885 3
      vertex -97.545 -66.885 3
    endloop
  endfacet
  facet normal 0 -1 -0
    outer loop
      vertex 97.545 -66.885 3
      vertex -97.545 -66.885 0
      vertex 97.545 -66.885 0
    endloop
  endfacet
  facet normal 0.976499 0.215522 0
    outer loop
      vertex 102.469 62.7532 3
      vertex 102.375 63.1791 0
      vertex 102.375 63.1791 3
    endloop
  endfacet
  facet normal 0.976499 0.215522 0
    outer loop
      vertex 102.375 63.1791 0
      vertex 102.469 62.7532 3
      vertex 102.469 62.7532 0
    endloop
  endfacet
  facet normal -0.537068 -0.843539 0
    outer loop
      vertex -100.413 -65.9808 0
      vertex -100.045 -66.2151 3
      vertex -100.413 -65.9808 3
    endloop
  endfacet
  facet normal -0.537068 -0.843539 -0
    outer loop
      vertex -100.045 -66.2151 3
      vertex -100.413 -65.9808 0
      vertex -100.045 -66.2151 0
    endloop
  endfacet
  facet normal 0.742774 -0.669543 0
    outer loop
      vertex 101.081 -65.4205 3
      vertex 101.113 -65.385 0
      vertex 101.113 -65.385 3
    endloop
  endfacet
  facet normal 0.742774 -0.669543 0
    outer loop
      vertex 101.113 -65.385 0
      vertex 101.081 -65.4205 3
      vertex 101.081 -65.4205 0
    endloop
  endfacet
  facet normal 0.924631 0.380865 0
    outer loop
      vertex 102.243 63.5951 3
      vertex 102.077 63.9981 0
      vertex 102.077 63.9981 3
    endloop
  endfacet
  facet normal 0.924631 0.380865 0
    outer loop
      vertex 102.077 63.9981 0
      vertex 102.243 63.5951 3
      vertex 102.243 63.5951 0
    endloop
  endfacet
  facet normal 0.999051 0.0435566 0
    outer loop
      vertex 102.545 61.885 3
      vertex 102.526 62.3208 0
      vertex 102.526 62.3208 3
    endloop
  endfacet
  facet normal 0.999051 0.0435566 0
    outer loop
      vertex 102.526 62.3208 0
      vertex 102.545 61.885 3
      vertex 102.545 61.885 0
    endloop
  endfacet
  facet normal 0.216396 -0.976306 0
    outer loop
      vertex 98.4132 -66.809 0
      vertex 98.8391 -66.7146 3
      vertex 98.4132 -66.809 3
    endloop
  endfacet
  facet normal 0.216396 -0.976306 0
    outer loop
      vertex 98.8391 -66.7146 3
      vertex 98.4132 -66.809 0
      vertex 98.8391 -66.7146 0
    endloop
  endfacet
  facet normal -0.953166 0.302447 0
    outer loop
      vertex -102.375 63.1791 0
      vertex -102.243 63.5951 3
      vertex -102.243 63.5951 0
    endloop
  endfacet
  facet normal -0.953166 0.302447 0
    outer loop
      vertex -102.243 63.5951 3
      vertex -102.375 63.1791 0
      vertex -102.375 63.1791 3
    endloop
  endfacet
  facet normal -0.130692 -0.991423 0
    outer loop
      vertex -98.4132 -66.809 0
      vertex -97.9808 -66.866 3
      vertex -98.4132 -66.809 3
    endloop
  endfacet
  facet normal -0.130692 -0.991423 -0
    outer loop
      vertex -97.9808 -66.866 3
      vertex -98.4132 -66.809 0
      vertex -97.9808 -66.866 0
    endloop
  endfacet
  facet normal 0.608913 -0.793237 0
    outer loop
      vertex 100.413 -65.9808 0
      vertex 100.759 -65.7152 3
      vertex 100.413 -65.9808 3
    endloop
  endfacet
  facet normal 0.608913 -0.793237 0
    outer loop
      vertex 100.759 -65.7152 3
      vertex 100.413 -65.9808 0
      vertex 100.759 -65.7152 0
    endloop
  endfacet
  facet normal 0.382824 -0.923821 0
    outer loop
      vertex 99.2551 -66.5835 0
      vertex 99.6581 -66.4165 3
      vertex 99.2551 -66.5835 3
    endloop
  endfacet
  facet normal 0.382824 -0.923821 0
    outer loop
      vertex 99.6581 -66.4165 3
      vertex 99.2551 -66.5835 0
      vertex 99.6581 -66.4165 0
    endloop
  endfacet
  facet normal 0.992325 -0.123654 0
    outer loop
      vertex 102.518 -62.385 3
      vertex 102.526 -62.3208 0
      vertex 102.526 -62.3208 3
    endloop
  endfacet
  facet normal 0.992325 -0.123654 0
    outer loop
      vertex 102.526 -62.3208 0
      vertex 102.518 -62.385 3
      vertex 102.518 -62.385 0
    endloop
  endfacet
  facet normal 0.991423 0.130692 0
    outer loop
      vertex 102.526 62.3208 3
      vertex 102.469 62.7532 0
      vertex 102.469 62.7532 3
    endloop
  endfacet
  facet normal 0.991423 0.130692 0
    outer loop
      vertex 102.469 62.7532 0
      vertex 102.526 62.3208 3
      vertex 102.526 62.3208 0
    endloop
  endfacet
  facet normal -0.999051 0.0435566 0
    outer loop
      vertex -102.545 61.885 0
      vertex -102.526 62.3208 3
      vertex -102.526 62.3208 0
    endloop
  endfacet
  facet normal -0.999051 0.0435566 0
    outer loop
      vertex -102.526 62.3208 3
      vertex -102.545 61.885 0
      vertex -102.545 61.885 3
    endloop
  endfacet
  facet normal -0.737486 0.675363 0
    outer loop
      vertex -101.375 65.0989 0
      vertex -101.113 65.385 3
      vertex -101.113 65.385 0
    endloop
  endfacet
  facet normal -0.737486 0.675363 0
    outer loop
      vertex -101.113 65.385 3
      vertex -101.375 65.0989 0
      vertex -101.375 65.0989 3
    endloop
  endfacet
  facet normal -0.216396 -0.976306 0
    outer loop
      vertex -98.8391 -66.7146 0
      vertex -98.4132 -66.809 3
      vertex -98.8391 -66.7146 3
    endloop
  endfacet
  facet normal -0.216396 -0.976306 -0
    outer loop
      vertex -98.4132 -66.809 3
      vertex -98.8391 -66.7146 0
      vertex -98.4132 -66.809 0
    endloop
  endfacet
  facet normal 0.792794 0.609489 0
    outer loop
      vertex 101.641 64.7529 3
      vertex 101.375 65.0989 0
      vertex 101.375 65.0989 3
    endloop
  endfacet
  facet normal 0.792794 0.609489 0
    outer loop
      vertex 101.375 65.0989 0
      vertex 101.641 64.7529 3
      vertex 101.641 64.7529 0
    endloop
  endfacet
  facet normal -0.792794 0.609489 0
    outer loop
      vertex -101.641 64.7529 0
      vertex -101.375 65.0989 3
      vertex -101.375 65.0989 0
    endloop
  endfacet
  facet normal -0.792794 0.609489 0
    outer loop
      vertex -101.375 65.0989 3
      vertex -101.641 64.7529 0
      vertex -101.641 64.7529 3
    endloop
  endfacet
  facet normal 0.461735 -0.887018 0
    outer loop
      vertex 99.6581 -66.4165 0
      vertex 100.045 -66.2151 3
      vertex 99.6581 -66.4165 3
    endloop
  endfacet
  facet normal 0.461735 -0.887018 0
    outer loop
      vertex 100.045 -66.2151 3
      vertex 99.6581 -66.4165 0
      vertex 100.045 -66.2151 0
    endloop
  endfacet
  facet normal 0.843784 0.536683 0
    outer loop
      vertex 101.875 64.385 3
      vertex 101.641 64.7529 0
      vertex 101.641 64.7529 3
    endloop
  endfacet
  facet normal 0.843784 0.536683 0
    outer loop
      vertex 101.641 64.7529 0
      vertex 101.875 64.385 3
      vertex 101.875 64.385 0
    endloop
  endfacet
  facet normal -0.300572 -0.953759 0
    outer loop
      vertex -99.2551 -66.5835 0
      vertex -98.8391 -66.7146 3
      vertex -99.2551 -66.5835 3
    endloop
  endfacet
  facet normal -0.300572 -0.953759 -0
    outer loop
      vertex -98.8391 -66.7146 3
      vertex -99.2551 -66.5835 0
      vertex -98.8391 -66.7146 0
    endloop
  endfacet
  facet normal -0.976499 0.215522 0
    outer loop
      vertex -102.469 62.7532 0
      vertex -102.375 63.1791 3
      vertex -102.375 63.1791 0
    endloop
  endfacet
  facet normal -0.976499 0.215522 0
    outer loop
      vertex -102.375 63.1791 3
      vertex -102.469 62.7532 0
      vertex -102.469 62.7532 3
    endloop
  endfacet
  facet normal 0.737486 0.675363 0
    outer loop
      vertex 101.375 65.0989 3
      vertex 101.113 65.385 0
      vertex 101.113 65.385 3
    endloop
  endfacet
  facet normal 0.737486 0.675363 0
    outer loop
      vertex 101.113 65.385 0
      vertex 101.375 65.0989 3
      vertex 101.375 65.0989 0
    endloop
  endfacet
  facet normal -0.843784 0.536683 0
    outer loop
      vertex -101.875 64.385 0
      vertex -101.641 64.7529 3
      vertex -101.641 64.7529 0
    endloop
  endfacet
  facet normal -0.843784 0.536683 0
    outer loop
      vertex -101.641 64.7529 3
      vertex -101.875 64.385 0
      vertex -101.875 64.385 3
    endloop
  endfacet
  facet normal -0.742774 -0.669543 0
    outer loop
      vertex -101.081 -65.4205 0
      vertex -101.113 -65.385 3
      vertex -101.113 -65.385 0
    endloop
  endfacet
  facet normal -0.742774 -0.669543 0
    outer loop
      vertex -101.113 -65.385 3
      vertex -101.081 -65.4205 0
      vertex -101.081 -65.4205 3
    endloop
  endfacet
  facet normal -0.991423 0.130692 0
    outer loop
      vertex -102.526 62.3208 0
      vertex -102.469 62.7532 3
      vertex -102.469 62.7532 0
    endloop
  endfacet
  facet normal -0.991423 0.130692 0
    outer loop
      vertex -102.469 62.7532 3
      vertex -102.526 62.3208 0
      vertex -102.526 62.3208 3
    endloop
  endfacet
  facet normal 0.0435566 -0.999051 0
    outer loop
      vertex 97.545 -66.885 0
      vertex 97.9808 -66.866 3
      vertex 97.545 -66.885 3
    endloop
  endfacet
  facet normal 0.0435566 -0.999051 0
    outer loop
      vertex 97.9808 -66.866 3
      vertex 97.545 -66.885 0
      vertex 97.9808 -66.866 0
    endloop
  endfacet
  facet normal 0.130692 -0.991423 0
    outer loop
      vertex 97.9808 -66.866 0
      vertex 98.4132 -66.809 3
      vertex 97.9808 -66.866 3
    endloop
  endfacet
  facet normal 0.130692 -0.991423 0
    outer loop
      vertex 98.4132 -66.809 3
      vertex 97.9808 -66.866 0
      vertex 98.4132 -66.809 0
    endloop
  endfacet
  facet normal -0.382824 -0.923821 0
    outer loop
      vertex -99.6581 -66.4165 0
      vertex -99.2551 -66.5835 3
      vertex -99.6581 -66.4165 3
    endloop
  endfacet
  facet normal -0.382824 -0.923821 -0
    outer loop
      vertex -99.2551 -66.5835 3
      vertex -99.6581 -66.4165 0
      vertex -99.2551 -66.5835 0
    endloop
  endfacet
  facet normal 0.999051 -0.0435566 0
    outer loop
      vertex 102.526 -62.3208 3
      vertex 102.545 -61.885 0
      vertex 102.545 -61.885 3
    endloop
  endfacet
  facet normal 0.999051 -0.0435566 0
    outer loop
      vertex 102.545 -61.885 0
      vertex 102.526 -62.3208 3
      vertex 102.526 -62.3208 0
    endloop
  endfacet
  facet normal 0 0 1
    outer loop
      vertex -5.34352 15.6835 3
      vertex -38.929 15.6835 3
      vertex -5.24229 15.4391 3
    endloop
  endfacet
  facet normal 0 0 1
    outer loop
      vertex -4.65807 -14.3667 3
      vertex -38.5961 -17.397 3
      vertex -38.586 -17.6283 3
    endloop
  endfacet
  facet normal 0 0 1
    outer loop
      vertex -39.0302 15.4391 3
      vertex -5.24229 15.4391 3
      vertex -38.929 15.6835 3
    endloop
  endfacet
  facet normal 0 0 1
    outer loop
      vertex -4.65807 -14.3667 3
      vertex -38.6077 -17.1327 3
      vertex -38.5961 -17.397 3
    endloop
  endfacet
  facet normal 0 0 1
    outer loop
      vertex -5.24229 15.4391 3
      vertex -39.0302 15.4391 3
      vertex -5.15368 15.2251 3
    endloop
  endfacet
  facet normal 0 0 1
    outer loop
      vertex -4.65807 -14.3667 3
      vertex -38.6422 -16.8705 3
      vertex -38.6077 -17.1327 3
    endloop
  endfacet
  facet normal 0 0 1
    outer loop
      vertex -39.1188 15.2251 3
      vertex -5.15368 15.2251 3
      vertex -39.0302 15.4391 3
    endloop
  endfacet
  facet normal 0 0 1
    outer loop
      vertex -4.65807 -14.3667 3
      vertex -38.6724 -16.6409 3
      vertex -38.6422 -16.8705 3
    endloop
  endfacet
  facet normal 0 0 1
    outer loop
      vertex -5.15368 15.2251 3
      vertex -39.1188 15.2251 3
      vertex -5.04677 15.0197 3
    endloop
  endfacet
  facet normal 0 0 1
    outer loop
      vertex -4.65807 -14.3667 3
      vertex -38.7297 -16.3826 3
      vertex -38.6724 -16.6409 3
    endloop
  endfacet
  facet normal 0 0 1
    outer loop
      vertex -39.2257 15.0197 3
      vertex -5.04677 15.0197 3
      vertex -39.1188 15.2251 3
    endloop
  endfacet
  facet normal 0 0 1
    outer loop
      vertex -4.65807 -14.3667 3
      vertex -38.7798 -16.1566 3
      vertex -38.7297 -16.3826 3
    endloop
  endfacet
  facet normal 0 0 1
    outer loop
      vertex -5.04677 15.0197 3
      vertex -39.2257 15.0197 3
      vertex -4.92462 14.7851 3
    endloop
  endfacet
  facet normal 0 0 1
    outer loop
      vertex -4.65807 -14.3667 3
      vertex -38.8593 -15.9043 3
      vertex -38.7798 -16.1566 3
    endloop
  endfacet
  facet normal 0 0 1
    outer loop
      vertex -39.3479 14.7851 3
      vertex -4.92462 14.7851 3
      vertex -39.2257 15.0197 3
    endloop
  endfacet
  facet normal 0 0 1
    outer loop
      vertex -4.65807 -14.3667 3
      vertex -38.929 -15.6835 3
      vertex -38.8593 -15.9043 3
    endloop
  endfacet
  facet normal 0 0 1
    outer loop
      vertex -4.92462 14.7851 3
      vertex -39.3479 14.7851 3
      vertex -4.78248 14.562 3
    endloop
  endfacet
  facet normal 0 0 1
    outer loop
      vertex -4.65807 -14.3667 3
      vertex -39.0302 -15.4391 3
      vertex -38.929 -15.6835 3
    endloop
  endfacet
  facet normal 0 0 1
    outer loop
      vertex -39.49 14.562 3
      vertex -4.78248 14.562 3
      vertex -39.3479 14.7851 3
    endloop
  endfacet
  facet normal 0 0 1
    outer loop
      vertex -4.65807 -14.3667 3
      vertex -39.1188 -15.2251 3
      vertex -39.0302 -15.4391 3
    endloop
  endfacet
  facet normal 0 0 1
    outer loop
      vertex -4.78248 14.562 3
      vertex -39.49 14.562 3
      vertex -4.65807 14.3667 3
    endloop
  endfacet
  facet normal 0 0 1
    outer loop
      vertex -4.65807 -14.3667 3
      vertex -39.2257 -15.0197 3
      vertex -39.1188 -15.2251 3
    endloop
  endfacet
  facet normal 0 0 1
    outer loop
      vertex -39.6144 14.3667 3
      vertex -4.65807 14.3667 3
      vertex -39.49 14.562 3
    endloop
  endfacet
  facet normal 0 0 1
    outer loop
      vertex -4.65807 -14.3667 3
      vertex -39.3479 -14.7851 3
      vertex -39.2257 -15.0197 3
    endloop
  endfacet
  facet normal 0 0 1
    outer loop
      vertex -39.7755 14.1568 3
      vertex -4.65807 14.3667 3
      vertex -39.6144 14.3667 3
    endloop
  endfacet
  facet normal 0 0 1
    outer loop
      vertex -4.65807 -14.3667 3
      vertex -39.49 -14.562 3
      vertex -39.3479 -14.7851 3
    endloop
  endfacet
  facet normal 0 0 1
    outer loop
      vertex -39.9164 13.9731 3
      vertex -4.65807 14.3667 3
      vertex -39.7755 14.1568 3
    endloop
  endfacet
  facet normal 0 0 1
    outer loop
      vertex -4.65807 -14.3667 3
      vertex -39.6144 -14.3667 3
      vertex -39.49 -14.562 3
    endloop
  endfacet
  facet normal 0 0 1
    outer loop
      vertex -4.65807 14.3667 3
      vertex -39.9164 13.9731 3
      vertex -4.65807 -14.3667 3
    endloop
  endfacet
  facet normal 0 0 1
    outer loop
      vertex -4.65807 -14.3667 3
      vertex -39.7755 -14.1568 3
      vertex -39.6144 -14.3667 3
    endloop
  endfacet
  facet normal -0 0 1
    outer loop
      vertex -39.9164 -13.9731 3
      vertex -4.65807 -14.3667 3
      vertex -39.9164 13.9731 3
    endloop
  endfacet
  facet normal 0 0 1
    outer loop
      vertex -4.65807 -14.3667 3
      vertex -39.9164 -13.9731 3
      vertex -39.7755 -14.1568 3
    endloop
  endfacet
  facet normal -0 0 1
    outer loop
      vertex -40.0728 13.8024 3
      vertex -39.9164 -13.9731 3
      vertex -39.9164 13.9731 3
    endloop
  endfacet
  facet normal 0 0 1
    outer loop
      vertex -40.0728 13.8024 3
      vertex -40.0728 -13.8024 3
      vertex -39.9164 -13.9731 3
    endloop
  endfacet
  facet normal -0 0 1
    outer loop
      vertex -40.2516 13.6074 3
      vertex -40.0728 -13.8024 3
      vertex -40.0728 13.8024 3
    endloop
  endfacet
  facet normal 0 0 1
    outer loop
      vertex -40.2516 13.6074 3
      vertex -40.2516 -13.6074 3
      vertex -40.0728 -13.8024 3
    endloop
  endfacet
  facet normal -0 0 1
    outer loop
      vertex -40.4466 13.4287 3
      vertex -40.2516 -13.6074 3
      vertex -40.2516 13.6074 3
    endloop
  endfacet
  facet normal 0 0 1
    outer loop
      vertex -40.4466 13.4287 3
      vertex -40.4466 -13.4287 3
      vertex -40.2516 -13.6074 3
    endloop
  endfacet
  facet normal -0 0 1
    outer loop
      vertex -40.6173 13.2723 3
      vertex -40.4466 -13.4287 3
      vertex -40.4466 13.4287 3
    endloop
  endfacet
  facet normal 0 0 1
    outer loop
      vertex -40.6173 13.2723 3
      vertex -40.6173 -13.2723 3
      vertex -40.4466 -13.4287 3
    endloop
  endfacet
  facet normal -0 0 1
    outer loop
      vertex -40.801 13.1313 3
      vertex -40.6173 -13.2723 3
      vertex -40.6173 13.2723 3
    endloop
  endfacet
  facet normal 0 0 1
    outer loop
      vertex -40.801 13.1313 3
      vertex -40.801 -13.1313 3
      vertex -40.6173 -13.2723 3
    endloop
  endfacet
  facet normal -0 0 1
    outer loop
      vertex -41.0109 12.9703 3
      vertex -40.801 -13.1313 3
      vertex -40.801 13.1313 3
    endloop
  endfacet
  facet normal 0 0 1
    outer loop
      vertex -41.0109 12.9703 3
      vertex -41.0109 -12.9703 3
      vertex -40.801 -13.1313 3
    endloop
  endfacet
  facet normal -0 0 1
    outer loop
      vertex -41.2062 12.8458 3
      vertex -41.0109 -12.9703 3
      vertex -41.0109 12.9703 3
    endloop
  endfacet
  facet normal 0 0 1
    outer loop
      vertex -41.2062 12.8458 3
      vertex -41.2062 -12.8458 3
      vertex -41.0109 -12.9703 3
    endloop
  endfacet
  facet normal -0 0 1
    outer loop
      vertex -41.4293 12.7037 3
      vertex -41.2062 -12.8458 3
      vertex -41.2062 12.8458 3
    endloop
  endfacet
  facet normal 0 0 1
    outer loop
      vertex -41.4293 12.7037 3
      vertex -41.4293 -12.7037 3
      vertex -41.2062 -12.8458 3
    endloop
  endfacet
  facet normal -0 0 1
    outer loop
      vertex -41.6639 12.5816 3
      vertex -41.4293 -12.7037 3
      vertex -41.4293 12.7037 3
    endloop
  endfacet
  facet normal 0 0 1
    outer loop
      vertex -41.6639 12.5816 3
      vertex -41.6639 -12.5816 3
      vertex -41.4293 -12.7037 3
    endloop
  endfacet
  facet normal -0 0 1
    outer loop
      vertex -41.8693 12.4747 3
      vertex -41.6639 -12.5816 3
      vertex -41.6639 12.5816 3
    endloop
  endfacet
  facet normal 0 0 1
    outer loop
      vertex -41.8693 12.4747 3
      vertex -41.8693 -12.4747 3
      vertex -41.6639 -12.5816 3
    endloop
  endfacet
  facet normal -0 0 1
    outer loop
      vertex -42.0832 12.386 3
      vertex -41.8693 -12.4747 3
      vertex -41.8693 12.4747 3
    endloop
  endfacet
  facet normal 0 0 1
    outer loop
      vertex -42.0832 12.386 3
      vertex -42.0832 -12.386 3
      vertex -41.8693 -12.4747 3
    endloop
  endfacet
  facet normal -0 0 1
    outer loop
      vertex -42.3276 12.2848 3
      vertex -42.0832 -12.386 3
      vertex -42.0832 12.386 3
    endloop
  endfacet
  facet normal 0 0 1
    outer loop
      vertex -42.3276 12.2848 3
      vertex -42.3276 -12.2848 3
      vertex -42.0832 -12.386 3
    endloop
  endfacet
  facet normal -0 0 1
    outer loop
      vertex -42.5484 12.2152 3
      vertex -42.3276 -12.2848 3
      vertex -42.3276 12.2848 3
    endloop
  endfacet
  facet normal 0 0 1
    outer loop
      vertex -42.5484 12.2152 3
      vertex -42.5484 -12.2152 3
      vertex -42.3276 -12.2848 3
    endloop
  endfacet
  facet normal -0 0 1
    outer loop
      vertex -42.8007 12.1356 3
      vertex -42.5484 -12.2152 3
      vertex -42.5484 12.2152 3
    endloop
  endfacet
  facet normal 0 0 1
    outer loop
      vertex -42.8007 12.1356 3
      vertex -42.8007 -12.1356 3
      vertex -42.5484 -12.2152 3
    endloop
  endfacet
  facet normal -0 0 1
    outer loop
      vertex -43.0268 12.0855 3
      vertex -42.8007 -12.1356 3
      vertex -42.8007 12.1356 3
    endloop
  endfacet
  facet normal 0 0 1
    outer loop
      vertex -43.0268 12.0855 3
      vertex -43.0268 -12.0855 3
      vertex -42.8007 -12.1356 3
    endloop
  endfacet
  facet normal -0 0 1
    outer loop
      vertex -43.2851 12.0283 3
      vertex -43.0268 -12.0855 3
      vertex -43.0268 12.0855 3
    endloop
  endfacet
  facet normal 0 0 1
    outer loop
      vertex -43.2851 12.0283 3
      vertex -43.2851 -12.0283 3
      vertex -43.0268 -12.0855 3
    endloop
  endfacet
  facet normal -0 0 1
    outer loop
      vertex -43.5146 11.998 3
      vertex -43.2851 -12.0283 3
      vertex -43.2851 12.0283 3
    endloop
  endfacet
  facet normal 0 0 1
    outer loop
      vertex -43.5146 11.998 3
      vertex -43.5146 -11.998 3
      vertex -43.2851 -12.0283 3
    endloop
  endfacet
  facet normal -0 0 1
    outer loop
      vertex -43.7769 11.9635 3
      vertex -43.5146 -11.998 3
      vertex -43.5146 11.998 3
    endloop
  endfacet
  facet normal 0 0 1
    outer loop
      vertex -43.7769 11.9635 3
      vertex -43.7769 -11.9635 3
      vertex -43.5146 -11.998 3
    endloop
  endfacet
  facet normal -0 0 1
    outer loop
      vertex -44.0412 11.952 3
      vertex -43.7769 -11.9635 3
      vertex -43.7769 11.9635 3
    endloop
  endfacet
  facet normal 0 0 1
    outer loop
      vertex -44.0412 11.952 3
      vertex -44.0412 -11.952 3
      vertex -43.7769 -11.9635 3
    endloop
  endfacet
  facet normal -0 0 1
    outer loop
      vertex -44.2725 11.9419 3
      vertex -44.0412 -11.952 3
      vertex -44.0412 11.952 3
    endloop
  endfacet
  facet normal 0 0 1
    outer loop
      vertex -44.2725 11.9419 3
      vertex -44.2725 -11.9419 3
      vertex -44.0412 -11.952 3
    endloop
  endfacet
  facet normal 0 0 1
    outer loop
      vertex -44.5038 11.952 3
      vertex -44.2725 -11.9419 3
      vertex -44.2725 11.9419 3
    endloop
  endfacet
  facet normal 0 0 1
    outer loop
      vertex -44.5038 11.952 3
      vertex -44.5038 -11.952 3
      vertex -44.2725 -11.9419 3
    endloop
  endfacet
  facet normal 0 0 1
    outer loop
      vertex -44.7681 11.9635 3
      vertex -44.5038 -11.952 3
      vertex -44.5038 11.952 3
    endloop
  endfacet
  facet normal 0 0 1
    outer loop
      vertex -44.7681 11.9635 3
      vertex -44.7681 -11.9635 3
      vertex -44.5038 -11.952 3
    endloop
  endfacet
  facet normal 0 0 1
    outer loop
      vertex -45.0304 11.998 3
      vertex -44.7681 -11.9635 3
      vertex -44.7681 11.9635 3
    endloop
  endfacet
  facet normal 0 0 1
    outer loop
      vertex -45.0304 11.998 3
      vertex -45.0304 -11.998 3
      vertex -44.7681 -11.9635 3
    endloop
  endfacet
  facet normal 0 0 1
    outer loop
      vertex -45.2599 12.0283 3
      vertex -45.0304 -11.998 3
      vertex -45.0304 11.998 3
    endloop
  endfacet
  facet normal 0 0 1
    outer loop
      vertex -45.2599 12.0283 3
      vertex -45.2599 -12.0283 3
      vertex -45.0304 -11.998 3
    endloop
  endfacet
  facet normal 0 0 1
    outer loop
      vertex -45.5182 12.0855 3
      vertex -45.2599 -12.0283 3
      vertex -45.2599 12.0283 3
    endloop
  endfacet
  facet normal 0 0 1
    outer loop
      vertex -45.5182 12.0855 3
      vertex -45.5182 -12.0855 3
      vertex -45.2599 -12.0283 3
    endloop
  endfacet
  facet normal 0 0 1
    outer loop
      vertex -45.7443 12.1356 3
      vertex -45.5182 -12.0855 3
      vertex -45.5182 12.0855 3
    endloop
  endfacet
  facet normal 0 0 1
    outer loop
      vertex -45.7443 12.1356 3
      vertex -45.7443 -12.1356 3
      vertex -45.5182 -12.0855 3
    endloop
  endfacet
  facet normal 0 0 1
    outer loop
      vertex -45.9966 12.2152 3
      vertex -45.7443 -12.1356 3
      vertex -45.7443 12.1356 3
    endloop
  endfacet
  facet normal 0 0 1
    outer loop
      vertex -45.9966 12.2152 3
      vertex -45.9966 -12.2152 3
      vertex -45.7443 -12.1356 3
    endloop
  endfacet
  facet normal 0 0 1
    outer loop
      vertex -46.2174 12.2848 3
      vertex -45.9966 -12.2152 3
      vertex -45.9966 12.2152 3
    endloop
  endfacet
  facet normal 0 0 1
    outer loop
      vertex -46.2174 12.2848 3
      vertex -46.2174 -12.2848 3
      vertex -45.9966 -12.2152 3
    endloop
  endfacet
  facet normal 0 0 1
    outer loop
      vertex -46.4618 12.386 3
      vertex -46.2174 -12.2848 3
      vertex -46.2174 12.2848 3
    endloop
  endfacet
  facet normal 0 0 1
    outer loop
      vertex -46.4618 12.386 3
      vertex -46.4618 -12.386 3
      vertex -46.2174 -12.2848 3
    endloop
  endfacet
  facet normal 0 0 1
    outer loop
      vertex -46.6757 12.4747 3
      vertex -46.4618 -12.386 3
      vertex -46.4618 12.386 3
    endloop
  endfacet
  facet normal 0 0 1
    outer loop
      vertex -46.6757 12.4747 3
      vertex -46.6757 -12.4747 3
      vertex -46.4618 -12.386 3
    endloop
  endfacet
  facet normal 0 0 1
    outer loop
      vertex -46.8811 12.5816 3
      vertex -46.6757 -12.4747 3
      vertex -46.6757 12.4747 3
    endloop
  endfacet
  facet normal 0 0 1
    outer loop
      vertex -46.8811 12.5816 3
      vertex -46.8811 -12.5816 3
      vertex -46.6757 -12.4747 3
    endloop
  endfacet
  facet normal 0 0 1
    outer loop
      vertex -47.1157 12.7037 3
      vertex -46.8811 -12.5816 3
      vertex -46.8811 12.5816 3
    endloop
  endfacet
  facet normal 0 0 1
    outer loop
      vertex -47.1157 12.7037 3
      vertex -47.1157 -12.7037 3
      vertex -46.8811 -12.5816 3
    endloop
  endfacet
  facet normal 0 0 1
    outer loop
      vertex -47.3388 12.8458 3
      vertex -47.1157 -12.7037 3
      vertex -47.1157 12.7037 3
    endloop
  endfacet
  facet normal 0 0 1
    outer loop
      vertex -47.3388 12.8458 3
      vertex -47.3388 -12.8458 3
      vertex -47.1157 -12.7037 3
    endloop
  endfacet
  facet normal 0 0 1
    outer loop
      vertex -47.5341 12.9703 3
      vertex -47.3388 -12.8458 3
      vertex -47.3388 12.8458 3
    endloop
  endfacet
  facet normal 0 0 1
    outer loop
      vertex -47.5341 12.9703 3
      vertex -47.5341 -12.9703 3
      vertex -47.3388 -12.8458 3
    endloop
  endfacet
  facet normal 0 0 1
    outer loop
      vertex -47.744 13.1313 3
      vertex -47.5341 -12.9703 3
      vertex -47.5341 12.9703 3
    endloop
  endfacet
  facet normal 0 0 1
    outer loop
      vertex -47.744 13.1313 3
      vertex -47.744 -13.1313 3
      vertex -47.5341 -12.9703 3
    endloop
  endfacet
  facet normal 0 0 1
    outer loop
      vertex -47.9277 13.2723 3
      vertex -47.744 -13.1313 3
      vertex -47.744 13.1313 3
    endloop
  endfacet
  facet normal 0 0 1
    outer loop
      vertex -47.9277 13.2723 3
      vertex -47.9277 -13.2723 3
      vertex -47.744 -13.1313 3
    endloop
  endfacet
  facet normal 0 0 1
    outer loop
      vertex -48.0984 13.4287 3
      vertex -47.9277 -13.2723 3
      vertex -47.9277 13.2723 3
    endloop
  endfacet
  facet normal 0 0 1
    outer loop
      vertex -48.0984 13.4287 3
      vertex -48.0984 -13.4287 3
      vertex -47.9277 -13.2723 3
    endloop
  endfacet
  facet normal 0 0 1
    outer loop
      vertex -48.2934 13.6074 3
      vertex -48.0984 -13.4287 3
      vertex -48.0984 13.4287 3
    endloop
  endfacet
  facet normal 0 0 1
    outer loop
      vertex -48.2934 13.6074 3
      vertex -48.2934 -13.6074 3
      vertex -48.0984 -13.4287 3
    endloop
  endfacet
  facet normal 0 0 1
    outer loop
      vertex -48.4721 13.8024 3
      vertex -48.2934 -13.6074 3
      vertex -48.2934 13.6074 3
    endloop
  endfacet
  facet normal 0 0 1
    outer loop
      vertex -48.4721 13.8024 3
      vertex -48.4721 -13.8024 3
      vertex -48.2934 -13.6074 3
    endloop
  endfacet
  facet normal 0 0 1
    outer loop
      vertex -48.6286 13.9731 3
      vertex -48.4721 -13.8024 3
      vertex -48.4721 13.8024 3
    endloop
  endfacet
  facet normal 0 0 1
    outer loop
      vertex -48.6286 13.9731 3
      vertex -48.6286 -13.9731 3
      vertex -48.4721 -13.8024 3
    endloop
  endfacet
  facet normal 0 0 1
    outer loop
      vertex -48.7695 14.1568 3
      vertex -48.6286 -13.9731 3
      vertex -48.6286 13.9731 3
    endloop
  endfacet
  facet normal 0 0 1
    outer loop
      vertex -48.7695 14.1568 3
      vertex -48.7695 -14.1568 3
      vertex -48.6286 -13.9731 3
    endloop
  endfacet
  facet normal 0 0 1
    outer loop
      vertex -48.9306 14.3667 3
      vertex -48.7695 -14.1568 3
      vertex -48.7695 14.1568 3
    endloop
  endfacet
  facet normal 0 0 1
    outer loop
      vertex -48.9306 14.3667 3
      vertex -48.9306 -14.3667 3
      vertex -48.7695 -14.1568 3
    endloop
  endfacet
  facet normal 0 0 1
    outer loop
      vertex -49.055 14.562 3
      vertex -48.9306 -14.3667 3
      vertex -48.9306 14.3667 3
    endloop
  endfacet
  facet normal 0 0 1
    outer loop
      vertex -49.055 14.562 3
      vertex -49.055 -14.562 3
      vertex -48.9306 -14.3667 3
    endloop
  endfacet
  facet normal 0 0 1
    outer loop
      vertex -49.1971 14.7851 3
      vertex -49.055 -14.562 3
      vertex -49.055 14.562 3
    endloop
  endfacet
  facet normal 0 0 1
    outer loop
      vertex -49.1971 14.7851 3
      vertex -49.1971 -14.7851 3
      vertex -49.055 -14.562 3
    endloop
  endfacet
  facet normal 0 0 1
    outer loop
      vertex -49.3193 15.0197 3
      vertex -49.1971 -14.7851 3
      vertex -49.1971 14.7851 3
    endloop
  endfacet
  facet normal 0 0 1
    outer loop
      vertex -49.3193 15.0197 3
      vertex -49.3193 -15.0197 3
      vertex -49.1971 -14.7851 3
    endloop
  endfacet
  facet normal 0 0 1
    outer loop
      vertex -49.4262 15.2251 3
      vertex -49.3193 -15.0197 3
      vertex -49.3193 15.0197 3
    endloop
  endfacet
  facet normal 0 0 1
    outer loop
      vertex -49.4262 15.2251 3
      vertex -49.4262 -15.2251 3
      vertex -49.3193 -15.0197 3
    endloop
  endfacet
  facet normal 0 0 1
    outer loop
      vertex -49.5148 15.4391 3
      vertex -49.4262 -15.2251 3
      vertex -49.4262 15.2251 3
    endloop
  endfacet
  facet normal 0 0 1
    outer loop
      vertex -49.5148 15.4391 3
      vertex -49.5148 -15.4391 3
      vertex -49.4262 -15.2251 3
    endloop
  endfacet
  facet normal 0 0 1
    outer loop
      vertex -49.616 15.6835 3
      vertex -49.5148 -15.4391 3
      vertex -49.5148 15.4391 3
    endloop
  endfacet
  facet normal 0 0 1
    outer loop
      vertex -49.616 15.6835 3
      vertex -49.616 -15.6835 3
      vertex -49.5148 -15.4391 3
    endloop
  endfacet
  facet normal 0 0 1
    outer loop
      vertex -49.6856 15.9043 3
      vertex -49.616 -15.6835 3
      vertex -49.616 15.6835 3
    endloop
  endfacet
  facet normal 0 0 1
    outer loop
      vertex -49.6856 15.9043 3
      vertex -49.6856 -15.9043 3
      vertex -49.616 -15.6835 3
    endloop
  endfacet
  facet normal 0 0 1
    outer loop
      vertex -49.7652 16.1566 3
      vertex -49.6856 -15.9043 3
      vertex -49.6856 15.9043 3
    endloop
  endfacet
  facet normal 0 0 1
    outer loop
      vertex -49.7652 16.1566 3
      vertex -49.7652 -16.1566 3
      vertex -49.6856 -15.9043 3
    endloop
  endfacet
  facet normal 0 0 1
    outer loop
      vertex -102.545 61.885 3
      vertex -49.7652 16.1566 3
      vertex -49.8153 16.3826 3
    endloop
  endfacet
  facet normal 0 0 1
    outer loop
      vertex -49.7652 16.1566 3
      vertex -102.545 -61.885 3
      vertex -49.7652 -16.1566 3
    endloop
  endfacet
  facet normal 0 0 1
    outer loop
      vertex -102.545 61.885 3
      vertex -49.8153 16.3826 3
      vertex -49.8726 16.6409 3
    endloop
  endfacet
  facet normal 0 0 1
    outer loop
      vertex -49.7652 -16.1566 3
      vertex -102.545 -61.885 3
      vertex -49.8153 -16.3826 3
    endloop
  endfacet
  facet normal 0 0 1
    outer loop
      vertex -102.545 61.885 3
      vertex -49.8726 16.6409 3
      vertex -49.9028 16.8705 3
    endloop
  endfacet
  facet normal 0 0 1
    outer loop
      vertex -49.8153 -16.3826 3
      vertex -102.545 -61.885 3
      vertex -49.8726 -16.6409 3
    endloop
  endfacet
  facet normal 0 0 1
    outer loop
      vertex -102.545 61.885 3
      vertex -49.9028 16.8705 3
      vertex -49.9373 17.1327 3
    endloop
  endfacet
  facet normal 0 0 1
    outer loop
      vertex -49.8726 -16.6409 3
      vertex -102.545 -61.885 3
      vertex -49.9028 -16.8705 3
    endloop
  endfacet
  facet normal 0 0 1
    outer loop
      vertex -102.545 61.885 3
      vertex -49.9373 17.1327 3
      vertex -49.9489 17.397 3
    endloop
  endfacet
  facet normal 0 0 1
    outer loop
      vertex -49.9028 -16.8705 3
      vertex -102.545 -61.885 3
      vertex -49.9373 -17.1327 3
    endloop
  endfacet
  facet normal 0 0 1
    outer loop
      vertex -102.545 61.885 3
      vertex -49.9489 17.397 3
      vertex -49.959 17.6283 3
    endloop
  endfacet
  facet normal 0 0 1
    outer loop
      vertex -49.9373 -17.1327 3
      vertex -102.545 -61.885 3
      vertex -49.9489 -17.397 3
    endloop
  endfacet
  facet normal 0 0 1
    outer loop
      vertex 38.929 15.6835 3
      vertex 5.34352 15.6835 3
      vertex 39.0302 15.4391 3
    endloop
  endfacet
  facet normal 0 0 1
    outer loop
      vertex 39.6144 -14.3667 3
      vertex 5.67636 -17.397 3
      vertex 5.68646 -17.6283 3
    endloop
  endfacet
  facet normal 0 0 1
    outer loop
      vertex 5.24229 15.4391 3
      vertex 39.0302 15.4391 3
      vertex 5.34352 15.6835 3
    endloop
  endfacet
  facet normal 0 0 1
    outer loop
      vertex 39.6144 -14.3667 3
      vertex 5.66482 -17.1327 3
      vertex 5.67636 -17.397 3
    endloop
  endfacet
  facet normal 0 0 1
    outer loop
      vertex 39.0302 15.4391 3
      vertex 5.24229 15.4391 3
      vertex 39.1188 15.2251 3
    endloop
  endfacet
  facet normal 0 0 1
    outer loop
      vertex 39.6144 -14.3667 3
      vertex 5.63029 -16.8705 3
      vertex 5.66482 -17.1327 3
    endloop
  endfacet
  facet normal 0 0 1
    outer loop
      vertex 5.15368 15.2251 3
      vertex 39.1188 15.2251 3
      vertex 5.24229 15.4391 3
    endloop
  endfacet
  facet normal 0 0 1
    outer loop
      vertex 39.6144 -14.3667 3
      vertex 5.60007 -16.6409 3
      vertex 5.63029 -16.8705 3
    endloop
  endfacet
  facet normal 0 0 1
    outer loop
      vertex 39.1188 15.2251 3
      vertex 5.15368 15.2251 3
      vertex 39.2257 15.0197 3
    endloop
  endfacet
  facet normal 0 0 1
    outer loop
      vertex 39.6144 -14.3667 3
      vertex 5.54281 -16.3826 3
      vertex 5.60007 -16.6409 3
    endloop
  endfacet
  facet normal 0 0 1
    outer loop
      vertex 5.04677 15.0197 3
      vertex 39.2257 15.0197 3
      vertex 5.15368 15.2251 3
    endloop
  endfacet
  facet normal 0 0 1
    outer loop
      vertex 39.6144 -14.3667 3
      vertex 5.4927 -16.1566 3
      vertex 5.54281 -16.3826 3
    endloop
  endfacet
  facet normal 0 0 1
    outer loop
      vertex 39.2257 15.0197 3
      vertex 5.04677 15.0197 3
      vertex 39.3479 14.7851 3
    endloop
  endfacet
  facet normal 0 0 1
    outer loop
      vertex 39.6144 -14.3667 3
      vertex 5.41315 -15.9043 3
      vertex 5.4927 -16.1566 3
    endloop
  endfacet
  facet normal 0 0 1
    outer loop
      vertex 4.92462 14.7851 3
      vertex 39.3479 14.7851 3
      vertex 5.04677 15.0197 3
    endloop
  endfacet
  facet normal 0 0 1
    outer loop
      vertex 39.6144 -14.3667 3
      vertex 5.34352 -15.6835 3
      vertex 5.41315 -15.9043 3
    endloop
  endfacet
  facet normal 0 0 1
    outer loop
      vertex 39.3479 14.7851 3
      vertex 4.92462 14.7851 3
      vertex 39.49 14.562 3
    endloop
  endfacet
  facet normal 0 0 1
    outer loop
      vertex 39.6144 -14.3667 3
      vertex 5.24229 -15.4391 3
      vertex 5.34352 -15.6835 3
    endloop
  endfacet
  facet normal 0 0 1
    outer loop
      vertex 4.78248 14.562 3
      vertex 39.49 14.562 3
      vertex 4.92462 14.7851 3
    endloop
  endfacet
  facet normal 0 0 1
    outer loop
      vertex 39.6144 -14.3667 3
      vertex 5.15368 -15.2251 3
      vertex 5.24229 -15.4391 3
    endloop
  endfacet
  facet normal 0 0 1
    outer loop
      vertex 39.49 14.562 3
      vertex 4.78248 14.562 3
      vertex 39.6144 14.3667 3
    endloop
  endfacet
  facet normal 0 0 1
    outer loop
      vertex 39.6144 -14.3667 3
      vertex 5.04677 -15.0197 3
      vertex 5.15368 -15.2251 3
    endloop
  endfacet
  facet normal 0 0 1
    outer loop
      vertex 4.65807 14.3667 3
      vertex 39.6144 14.3667 3
      vertex 4.78248 14.562 3
    endloop
  endfacet
  facet normal 0 0 1
    outer loop
      vertex 39.6144 -14.3667 3
      vertex 4.92462 -14.7851 3
      vertex 5.04677 -15.0197 3
    endloop
  endfacet
  facet normal 0 0 1
    outer loop
      vertex 4.49704 14.1568 3
      vertex 39.6144 14.3667 3
      vertex 4.65807 14.3667 3
    endloop
  endfacet
  facet normal 0 0 1
    outer loop
      vertex 39.6144 -14.3667 3
      vertex 4.78248 -14.562 3
      vertex 4.92462 -14.7851 3
    endloop
  endfacet
  facet normal 0 0 1
    outer loop
      vertex 4.35608 13.9731 3
      vertex 39.6144 14.3667 3
      vertex 4.49704 14.1568 3
    endloop
  endfacet
  facet normal 0 0 1
    outer loop
      vertex 39.6144 -14.3667 3
      vertex 4.65807 -14.3667 3
      vertex 4.78248 -14.562 3
    endloop
  endfacet
  facet normal 0 0 1
    outer loop
      vertex 39.6144 14.3667 3
      vertex 4.35608 13.9731 3
      vertex 39.6144 -14.3667 3
    endloop
  endfacet
  facet normal 0 0 1
    outer loop
      vertex 39.6144 -14.3667 3
      vertex 4.49704 -14.1568 3
      vertex 4.65807 -14.3667 3
    endloop
  endfacet
  facet normal -0 0 1
    outer loop
      vertex 4.35608 -13.9731 3
      vertex 39.6144 -14.3667 3
      vertex 4.35608 13.9731 3
    endloop
  endfacet
  facet normal 0 0 1
    outer loop
      vertex 39.6144 -14.3667 3
      vertex 4.35608 -13.9731 3
      vertex 4.49704 -14.1568 3
    endloop
  endfacet
  facet normal -0 0 1
    outer loop
      vertex 4.19965 13.8024 3
      vertex 4.35608 -13.9731 3
      vertex 4.35608 13.9731 3
    endloop
  endfacet
  facet normal 0 0 1
    outer loop
      vertex 4.19965 13.8024 3
      vertex 4.19965 -13.8024 3
      vertex 4.35608 -13.9731 3
    endloop
  endfacet
  facet normal -0 0 1
    outer loop
      vertex 4.02093 13.6074 3
      vertex 4.19965 -13.8024 3
      vertex 4.19965 13.8024 3
    endloop
  endfacet
  facet normal 0 0 1
    outer loop
      vertex 4.02093 13.6074 3
      vertex 4.02093 -13.6074 3
      vertex 4.19965 -13.8024 3
    endloop
  endfacet
  facet normal -0 0 1
    outer loop
      vertex 3.8259 13.4287 3
      vertex 4.02093 -13.6074 3
      vertex 4.02093 13.6074 3
    endloop
  endfacet
  facet normal 0 0 1
    outer loop
      vertex 3.8259 13.4287 3
      vertex 3.8259 -13.4287 3
      vertex 4.02093 -13.6074 3
    endloop
  endfacet
  facet normal -0 0 1
    outer loop
      vertex 3.65518 13.2723 3
      vertex 3.8259 -13.4287 3
      vertex 3.8259 13.4287 3
    endloop
  endfacet
  facet normal 0 0 1
    outer loop
      vertex 3.65518 13.2723 3
      vertex 3.65518 -13.2723 3
      vertex 3.8259 -13.4287 3
    endloop
  endfacet
  facet normal -0 0 1
    outer loop
      vertex 3.47149 13.1313 3
      vertex 3.65518 -13.2723 3
      vertex 3.65518 13.2723 3
    endloop
  endfacet
  facet normal 0 0 1
    outer loop
      vertex 3.47149 13.1313 3
      vertex 3.47149 -13.1313 3
      vertex 3.65518 -13.2723 3
    endloop
  endfacet
  facet normal -0 0 1
    outer loop
      vertex 3.26162 12.9703 3
      vertex 3.47149 -13.1313 3
      vertex 3.47149 13.1313 3
    endloop
  endfacet
  facet normal 0 0 1
    outer loop
      vertex 3.26162 12.9703 3
      vertex 3.26162 -12.9703 3
      vertex 3.47149 -13.1313 3
    endloop
  endfacet
  facet normal -0 0 1
    outer loop
      vertex 3.06633 12.8458 3
      vertex 3.26162 -12.9703 3
      vertex 3.26162 12.9703 3
    endloop
  endfacet
  facet normal 0 0 1
    outer loop
      vertex 3.06633 12.8458 3
      vertex 3.06633 -12.8458 3
      vertex 3.26162 -12.9703 3
    endloop
  endfacet
  facet normal -0 0 1
    outer loop
      vertex 2.84323 12.7037 3
      vertex 3.06633 -12.8458 3
      vertex 3.06633 12.8458 3
    endloop
  endfacet
  facet normal 0 0 1
    outer loop
      vertex 2.84323 12.7037 3
      vertex 2.84323 -12.7037 3
      vertex 3.06633 -12.8458 3
    endloop
  endfacet
  facet normal -0 0 1
    outer loop
      vertex 2.60859 12.5816 3
      vertex 2.84323 -12.7037 3
      vertex 2.84323 12.7037 3
    endloop
  endfacet
  facet normal 0 0 1
    outer loop
      vertex 2.60859 12.5816 3
      vertex 2.60859 -12.5816 3
      vertex 2.84323 -12.7037 3
    endloop
  endfacet
  facet normal -0 0 1
    outer loop
      vertex 2.4032 12.4747 3
      vertex 2.60859 -12.5816 3
      vertex 2.60859 12.5816 3
    endloop
  endfacet
  facet normal 0 0 1
    outer loop
      vertex 2.4032 12.4747 3
      vertex 2.4032 -12.4747 3
      vertex 2.60859 -12.5816 3
    endloop
  endfacet
  facet normal -0 0 1
    outer loop
      vertex 2.18928 12.386 3
      vertex 2.4032 -12.4747 3
      vertex 2.4032 12.4747 3
    endloop
  endfacet
  facet normal 0 0 1
    outer loop
      vertex 2.18928 12.386 3
      vertex 2.18928 -12.386 3
      vertex 2.4032 -12.4747 3
    endloop
  endfacet
  facet normal -0 0 1
    outer loop
      vertex 1.94488 12.2848 3
      vertex 2.18928 -12.386 3
      vertex 2.18928 12.386 3
    endloop
  endfacet
  facet normal 0 0 1
    outer loop
      vertex 1.94488 12.2848 3
      vertex 1.94488 -12.2848 3
      vertex 2.18928 -12.386 3
    endloop
  endfacet
  facet normal -0 0 1
    outer loop
      vertex 1.72405 12.2152 3
      vertex 1.94488 -12.2848 3
      vertex 1.94488 12.2848 3
    endloop
  endfacet
  facet normal 0 0 1
    outer loop
      vertex 1.72405 12.2152 3
      vertex 1.72405 -12.2152 3
      vertex 1.94488 -12.2848 3
    endloop
  endfacet
  facet normal -0 0 1
    outer loop
      vertex 1.47176 12.1356 3
      vertex 1.72405 -12.2152 3
      vertex 1.72405 12.2152 3
    endloop
  endfacet
  facet normal 0 0 1
    outer loop
      vertex 1.47176 12.1356 3
      vertex 1.47176 -12.1356 3
      vertex 1.72405 -12.2152 3
    endloop
  endfacet
  facet normal -0 0 1
    outer loop
      vertex 1.24571 12.0855 3
      vertex 1.47176 -12.1356 3
      vertex 1.47176 12.1356 3
    endloop
  endfacet
  facet normal 0 0 1
    outer loop
      vertex 1.24571 12.0855 3
      vertex 1.24571 -12.0855 3
      vertex 1.47176 -12.1356 3
    endloop
  endfacet
  facet normal -0 0 1
    outer loop
      vertex 0.987442 12.0283 3
      vertex 1.24571 -12.0855 3
      vertex 1.24571 12.0855 3
    endloop
  endfacet
  facet normal 0 0 1
    outer loop
      vertex 0.987442 12.0283 3
      vertex 0.987442 -12.0283 3
      vertex 1.24571 -12.0855 3
    endloop
  endfacet
  facet normal -0 0 1
    outer loop
      vertex 0.757877 11.998 3
      vertex 0.987442 -12.0283 3
      vertex 0.987442 12.0283 3
    endloop
  endfacet
  facet normal 0 0 1
    outer loop
      vertex 0.757877 11.998 3
      vertex 0.757877 -11.998 3
      vertex 0.987442 -12.0283 3
    endloop
  endfacet
  facet normal -0 0 1
    outer loop
      vertex 0.495607 11.9635 3
      vertex 0.757877 -11.998 3
      vertex 0.757877 11.998 3
    endloop
  endfacet
  facet normal 0 0 1
    outer loop
      vertex 0.495607 11.9635 3
      vertex 0.495607 -11.9635 3
      vertex 0.757877 -11.998 3
    endloop
  endfacet
  facet normal -0 0 1
    outer loop
      vertex 0.231326 11.952 3
      vertex 0.495607 -11.9635 3
      vertex 0.495607 11.9635 3
    endloop
  endfacet
  facet normal 0 0 1
    outer loop
      vertex 0.231326 11.952 3
      vertex 0.231326 -11.952 3
      vertex 0.495607 -11.9635 3
    endloop
  endfacet
  facet normal -0 0 1
    outer loop
      vertex 0 11.9419 3
      vertex 0.231326 -11.952 3
      vertex 0.231326 11.952 3
    endloop
  endfacet
  facet normal 0 0 1
    outer loop
      vertex 0 11.9419 3
      vertex 0 -11.9419 3
      vertex 0.231326 -11.952 3
    endloop
  endfacet
  facet normal 0 0 1
    outer loop
      vertex -0.231326 11.952 3
      vertex 0 -11.9419 3
      vertex 0 11.9419 3
    endloop
  endfacet
  facet normal 0 0 1
    outer loop
      vertex -0.231326 11.952 3
      vertex -0.231326 -11.952 3
      vertex 0 -11.9419 3
    endloop
  endfacet
  facet normal 0 0 1
    outer loop
      vertex -0.495607 11.9635 3
      vertex -0.231326 -11.952 3
      vertex -0.231326 11.952 3
    endloop
  endfacet
  facet normal 0 0 1
    outer loop
      vertex -0.495607 11.9635 3
      vertex -0.495607 -11.9635 3
      vertex -0.231326 -11.952 3
    endloop
  endfacet
  facet normal 0 0 1
    outer loop
      vertex -0.757877 11.998 3
      vertex -0.495607 -11.9635 3
      vertex -0.495607 11.9635 3
    endloop
  endfacet
  facet normal 0 0 1
    outer loop
      vertex -0.757877 11.998 3
      vertex -0.757877 -11.998 3
      vertex -0.495607 -11.9635 3
    endloop
  endfacet
  facet normal 0 0 1
    outer loop
      vertex -0.987442 12.0283 3
      vertex -0.757877 -11.998 3
      vertex -0.757877 11.998 3
    endloop
  endfacet
  facet normal 0 0 1
    outer loop
      vertex -0.987442 12.0283 3
      vertex -0.987442 -12.0283 3
      vertex -0.757877 -11.998 3
    endloop
  endfacet
  facet normal 0 0 1
    outer loop
      vertex -1.24571 12.0855 3
      vertex -0.987442 -12.0283 3
      vertex -0.987442 12.0283 3
    endloop
  endfacet
  facet normal 0 0 1
    outer loop
      vertex -1.24571 12.0855 3
      vertex -1.24571 -12.0855 3
      vertex -0.987442 -12.0283 3
    endloop
  endfacet
  facet normal 0 0 1
    outer loop
      vertex -1.47176 12.1356 3
      vertex -1.24571 -12.0855 3
      vertex -1.24571 12.0855 3
    endloop
  endfacet
  facet normal 0 0 1
    outer loop
      vertex -1.47176 12.1356 3
      vertex -1.47176 -12.1356 3
      vertex -1.24571 -12.0855 3
    endloop
  endfacet
  facet normal 0 0 1
    outer loop
      vertex -1.72405 12.2152 3
      vertex -1.47176 -12.1356 3
      vertex -1.47176 12.1356 3
    endloop
  endfacet
  facet normal 0 0 1
    outer loop
      vertex -1.72405 12.2152 3
      vertex -1.72405 -12.2152 3
      vertex -1.47176 -12.1356 3
    endloop
  endfacet
  facet normal 0 0 1
    outer loop
      vertex -1.94488 12.2848 3
      vertex -1.72405 -12.2152 3
      vertex -1.72405 12.2152 3
    endloop
  endfacet
  facet normal 0 0 1
    outer loop
      vertex -1.94488 12.2848 3
      vertex -1.94488 -12.2848 3
      vertex -1.72405 -12.2152 3
    endloop
  endfacet
  facet normal 0 0 1
    outer loop
      vertex -2.18928 12.386 3
      vertex -1.94488 -12.2848 3
      vertex -1.94488 12.2848 3
    endloop
  endfacet
  facet normal 0 0 1
    outer loop
      vertex -2.18928 12.386 3
      vertex -2.18928 -12.386 3
      vertex -1.94488 -12.2848 3
    endloop
  endfacet
  facet normal 0 0 1
    outer loop
      vertex -2.4032 12.4747 3
      vertex -2.18928 -12.386 3
      vertex -2.18928 12.386 3
    endloop
  endfacet
  facet normal 0 0 1
    outer loop
      vertex -2.4032 12.4747 3
      vertex -2.4032 -12.4747 3
      vertex -2.18928 -12.386 3
    endloop
  endfacet
  facet normal 0 0 1
    outer loop
      vertex -2.60859 12.5816 3
      vertex -2.4032 -12.4747 3
      vertex -2.4032 12.4747 3
    endloop
  endfacet
  facet normal 0 0 1
    outer loop
      vertex -2.60859 12.5816 3
      vertex -2.60859 -12.5816 3
      vertex -2.4032 -12.4747 3
    endloop
  endfacet
  facet normal 0 0 1
    outer loop
      vertex -2.84323 12.7037 3
      vertex -2.60859 -12.5816 3
      vertex -2.60859 12.5816 3
    endloop
  endfacet
  facet normal 0 0 1
    outer loop
      vertex -2.84323 12.7037 3
      vertex -2.84323 -12.7037 3
      vertex -2.60859 -12.5816 3
    endloop
  endfacet
  facet normal 0 0 1
    outer loop
      vertex -3.06633 12.8458 3
      vertex -2.84323 -12.7037 3
      vertex -2.84323 12.7037 3
    endloop
  endfacet
  facet normal 0 0 1
    outer loop
      vertex -3.06633 12.8458 3
      vertex -3.06633 -12.8458 3
      vertex -2.84323 -12.7037 3
    endloop
  endfacet
  facet normal 0 0 1
    outer loop
      vertex -3.26162 12.9703 3
      vertex -3.06633 -12.8458 3
      vertex -3.06633 12.8458 3
    endloop
  endfacet
  facet normal 0 0 1
    outer loop
      vertex -3.26162 12.9703 3
      vertex -3.26162 -12.9703 3
      vertex -3.06633 -12.8458 3
    endloop
  endfacet
  facet normal 0 0 1
    outer loop
      vertex -3.47149 13.1313 3
      vertex -3.26162 -12.9703 3
      vertex -3.26162 12.9703 3
    endloop
  endfacet
  facet normal 0 0 1
    outer loop
      vertex -3.47149 13.1313 3
      vertex -3.47149 -13.1313 3
      vertex -3.26162 -12.9703 3
    endloop
  endfacet
  facet normal 0 0 1
    outer loop
      vertex -3.65518 13.2723 3
      vertex -3.47149 -13.1313 3
      vertex -3.47149 13.1313 3
    endloop
  endfacet
  facet normal 0 0 1
    outer loop
      vertex -3.65518 13.2723 3
      vertex -3.65518 -13.2723 3
      vertex -3.47149 -13.1313 3
    endloop
  endfacet
  facet normal 0 0 1
    outer loop
      vertex -3.8259 13.4287 3
      vertex -3.65518 -13.2723 3
      vertex -3.65518 13.2723 3
    endloop
  endfacet
  facet normal 0 0 1
    outer loop
      vertex -3.8259 13.4287 3
      vertex -3.8259 -13.4287 3
      vertex -3.65518 -13.2723 3
    endloop
  endfacet
  facet normal 0 0 1
    outer loop
      vertex -4.02093 13.6074 3
      vertex -3.8259 -13.4287 3
      vertex -3.8259 13.4287 3
    endloop
  endfacet
  facet normal 0 0 1
    outer loop
      vertex -4.02093 13.6074 3
      vertex -4.02093 -13.6074 3
      vertex -3.8259 -13.4287 3
    endloop
  endfacet
  facet normal 0 0 1
    outer loop
      vertex -4.19965 13.8024 3
      vertex -4.02093 -13.6074 3
      vertex -4.02093 13.6074 3
    endloop
  endfacet
  facet normal 0 0 1
    outer loop
      vertex -4.19965 13.8024 3
      vertex -4.19965 -13.8024 3
      vertex -4.02093 -13.6074 3
    endloop
  endfacet
  facet normal 0 0 1
    outer loop
      vertex -4.35608 13.9731 3
      vertex -4.19965 -13.8024 3
      vertex -4.19965 13.8024 3
    endloop
  endfacet
  facet normal 0 0 1
    outer loop
      vertex -4.35608 13.9731 3
      vertex -4.35608 -13.9731 3
      vertex -4.19965 -13.8024 3
    endloop
  endfacet
  facet normal 0 0 1
    outer loop
      vertex -4.49704 14.1568 3
      vertex -4.35608 -13.9731 3
      vertex -4.35608 13.9731 3
    endloop
  endfacet
  facet normal 0 0 1
    outer loop
      vertex -4.49704 14.1568 3
      vertex -4.49704 -14.1568 3
      vertex -4.35608 -13.9731 3
    endloop
  endfacet
  facet normal 0 0 1
    outer loop
      vertex -4.65807 14.3667 3
      vertex -4.49704 -14.1568 3
      vertex -4.49704 14.1568 3
    endloop
  endfacet
  facet normal 0 0 1
    outer loop
      vertex -4.65807 14.3667 3
      vertex -4.65807 -14.3667 3
      vertex -4.49704 -14.1568 3
    endloop
  endfacet
  facet normal 0 0 1
    outer loop
      vertex -38.8593 15.9043 3
      vertex -5.41315 15.9043 3
      vertex -38.7798 16.1566 3
    endloop
  endfacet
  facet normal 0 0 1
    outer loop
      vertex -5.41315 15.9043 3
      vertex -38.8593 15.9043 3
      vertex -5.34352 15.6835 3
    endloop
  endfacet
  facet normal 0 0 1
    outer loop
      vertex -5.4927 16.1566 3
      vertex -38.7798 16.1566 3
      vertex -5.41315 15.9043 3
    endloop
  endfacet
  facet normal 0 0 1
    outer loop
      vertex -38.929 15.6835 3
      vertex -5.34352 15.6835 3
      vertex -38.8593 15.9043 3
    endloop
  endfacet
  facet normal 0 0 1
    outer loop
      vertex -38.7798 16.1566 3
      vertex -5.4927 16.1566 3
      vertex -38.7297 16.3826 3
    endloop
  endfacet
  facet normal 0 0 1
    outer loop
      vertex -4.65807 -14.3667 3
      vertex -38.586 -17.6283 3
      vertex -4.78248 -14.562 3
    endloop
  endfacet
  facet normal 0 0 1
    outer loop
      vertex -5.54281 16.3826 3
      vertex -38.7297 16.3826 3
      vertex -5.4927 16.1566 3
    endloop
  endfacet
  facet normal 0 0 1
    outer loop
      vertex -4.78248 -14.562 3
      vertex -38.586 -17.6283 3
      vertex -4.92462 -14.7851 3
    endloop
  endfacet
  facet normal 0 0 1
    outer loop
      vertex -38.7297 16.3826 3
      vertex -5.54281 16.3826 3
      vertex -38.6724 16.6409 3
    endloop
  endfacet
  facet normal 0 0 1
    outer loop
      vertex -4.92462 -14.7851 3
      vertex -38.586 -17.6283 3
      vertex -5.04677 -15.0197 3
    endloop
  endfacet
  facet normal 0 0 1
    outer loop
      vertex -5.60007 16.6409 3
      vertex -38.6724 16.6409 3
      vertex -5.54281 16.3826 3
    endloop
  endfacet
  facet normal 0 0 1
    outer loop
      vertex -5.04677 -15.0197 3
      vertex -38.586 -17.6283 3
      vertex -5.15368 -15.2251 3
    endloop
  endfacet
  facet normal 0 0 1
    outer loop
      vertex -38.6724 16.6409 3
      vertex -5.60007 16.6409 3
      vertex -38.6422 16.8705 3
    endloop
  endfacet
  facet normal 0 0 1
    outer loop
      vertex -5.15368 -15.2251 3
      vertex -38.586 -17.6283 3
      vertex -5.24229 -15.4391 3
    endloop
  endfacet
  facet normal 0 0 1
    outer loop
      vertex -5.63029 16.8705 3
      vertex -38.6422 16.8705 3
      vertex -5.60007 16.6409 3
    endloop
  endfacet
  facet normal 0 0 1
    outer loop
      vertex -5.24229 -15.4391 3
      vertex -38.586 -17.6283 3
      vertex -5.34352 -15.6835 3
    endloop
  endfacet
  facet normal 0 0 1
    outer loop
      vertex -38.6422 16.8705 3
      vertex -5.63029 16.8705 3
      vertex -38.6077 17.1327 3
    endloop
  endfacet
  facet normal 0 0 1
    outer loop
      vertex -5.34352 -15.6835 3
      vertex -38.586 -17.6283 3
      vertex -5.41315 -15.9043 3
    endloop
  endfacet
  facet normal 0 0 1
    outer loop
      vertex -5.66482 17.1327 3
      vertex -38.6077 17.1327 3
      vertex -5.63029 16.8705 3
    endloop
  endfacet
  facet normal 0 0 1
    outer loop
      vertex -5.41315 -15.9043 3
      vertex -38.586 -17.6283 3
      vertex -5.4927 -16.1566 3
    endloop
  endfacet
  facet normal 0 0 1
    outer loop
      vertex -38.6077 17.1327 3
      vertex -5.66482 17.1327 3
      vertex -38.5961 17.397 3
    endloop
  endfacet
  facet normal 0 0 1
    outer loop
      vertex -5.4927 -16.1566 3
      vertex -38.586 -17.6283 3
      vertex -5.54281 -16.3826 3
    endloop
  endfacet
  facet normal 0 0 1
    outer loop
      vertex -5.67636 17.397 3
      vertex -38.5961 17.397 3
      vertex -5.66482 17.1327 3
    endloop
  endfacet
  facet normal 0 0 1
    outer loop
      vertex -5.54281 -16.3826 3
      vertex -38.586 -17.6283 3
      vertex -5.60007 -16.6409 3
    endloop
  endfacet
  facet normal 0 0 1
    outer loop
      vertex -38.5961 17.397 3
      vertex -5.67636 17.397 3
      vertex -38.586 17.6283 3
    endloop
  endfacet
  facet normal 0 0 1
    outer loop
      vertex -5.60007 -16.6409 3
      vertex -38.586 -17.6283 3
      vertex -5.63029 -16.8705 3
    endloop
  endfacet
  facet normal -0 0 1
    outer loop
      vertex -38.586 17.6283 3
      vertex -5.67636 17.397 3
      vertex -5.68646 17.6283 3
    endloop
  endfacet
  facet normal 0 0 1
    outer loop
      vertex -5.63029 -16.8705 3
      vertex -38.586 -17.6283 3
      vertex -5.66482 -17.1327 3
    endloop
  endfacet
  facet normal 0 0 1
    outer loop
      vertex 49.9028 16.8705 3
      vertex 102.545 61.885 3
      vertex 49.9373 17.1327 3
    endloop
  endfacet
  facet normal 0 0 1
    outer loop
      vertex 102.545 -61.885 3
      vertex 49.9489 -17.397 3
      vertex 49.959 -17.6283 3
    endloop
  endfacet
  facet normal 0 0 1
    outer loop
      vertex 49.8726 16.6409 3
      vertex 102.545 61.885 3
      vertex 49.9028 16.8705 3
    endloop
  endfacet
  facet normal 0 0 1
    outer loop
      vertex 102.545 -61.885 3
      vertex 49.9373 -17.1327 3
      vertex 49.9489 -17.397 3
    endloop
  endfacet
  facet normal 0 0 1
    outer loop
      vertex 49.8153 16.3826 3
      vertex 102.545 61.885 3
      vertex 49.8726 16.6409 3
    endloop
  endfacet
  facet normal 0 0 1
    outer loop
      vertex 102.545 -61.885 3
      vertex 49.9028 -16.8705 3
      vertex 49.9373 -17.1327 3
    endloop
  endfacet
  facet normal 0 0 1
    outer loop
      vertex 49.7652 16.1566 3
      vertex 102.545 61.885 3
      vertex 49.8153 16.3826 3
    endloop
  endfacet
  facet normal 0 0 1
    outer loop
      vertex 102.545 -61.885 3
      vertex 49.8726 -16.6409 3
      vertex 49.9028 -16.8705 3
    endloop
  endfacet
  facet normal 0 0 1
    outer loop
      vertex 102.545 61.885 3
      vertex 49.7652 16.1566 3
      vertex 102.545 -61.885 3
    endloop
  endfacet
  facet normal 0 0 1
    outer loop
      vertex 102.545 -61.885 3
      vertex 49.8153 -16.3826 3
      vertex 49.8726 -16.6409 3
    endloop
  endfacet
  facet normal -0 0 1
    outer loop
      vertex 49.7652 -16.1566 3
      vertex 102.545 -61.885 3
      vertex 49.7652 16.1566 3
    endloop
  endfacet
  facet normal 0 0 1
    outer loop
      vertex 102.545 -61.885 3
      vertex 49.7652 -16.1566 3
      vertex 49.8153 -16.3826 3
    endloop
  endfacet
  facet normal -0 0 1
    outer loop
      vertex 49.6856 15.9043 3
      vertex 49.7652 -16.1566 3
      vertex 49.7652 16.1566 3
    endloop
  endfacet
  facet normal 0 0 1
    outer loop
      vertex 49.6856 15.9043 3
      vertex 49.6856 -15.9043 3
      vertex 49.7652 -16.1566 3
    endloop
  endfacet
  facet normal -0 0 1
    outer loop
      vertex 49.616 15.6835 3
      vertex 49.6856 -15.9043 3
      vertex 49.6856 15.9043 3
    endloop
  endfacet
  facet normal 0 0 1
    outer loop
      vertex 49.616 15.6835 3
      vertex 49.616 -15.6835 3
      vertex 49.6856 -15.9043 3
    endloop
  endfacet
  facet normal -0 0 1
    outer loop
      vertex 49.5148 15.4391 3
      vertex 49.616 -15.6835 3
      vertex 49.616 15.6835 3
    endloop
  endfacet
  facet normal 0 0 1
    outer loop
      vertex 49.5148 15.4391 3
      vertex 49.5148 -15.4391 3
      vertex 49.616 -15.6835 3
    endloop
  endfacet
  facet normal -0 0 1
    outer loop
      vertex 49.4262 15.2251 3
      vertex 49.5148 -15.4391 3
      vertex 49.5148 15.4391 3
    endloop
  endfacet
  facet normal 0 0 1
    outer loop
      vertex 49.4262 15.2251 3
      vertex 49.4262 -15.2251 3
      vertex 49.5148 -15.4391 3
    endloop
  endfacet
  facet normal -0 0 1
    outer loop
      vertex 49.3193 15.0197 3
      vertex 49.4262 -15.2251 3
      vertex 49.4262 15.2251 3
    endloop
  endfacet
  facet normal 0 0 1
    outer loop
      vertex 49.3193 15.0197 3
      vertex 49.3193 -15.0197 3
      vertex 49.4262 -15.2251 3
    endloop
  endfacet
  facet normal -0 0 1
    outer loop
      vertex 49.1971 14.7851 3
      vertex 49.3193 -15.0197 3
      vertex 49.3193 15.0197 3
    endloop
  endfacet
  facet normal 0 0 1
    outer loop
      vertex 49.1971 14.7851 3
      vertex 49.1971 -14.7851 3
      vertex 49.3193 -15.0197 3
    endloop
  endfacet
  facet normal -0 0 1
    outer loop
      vertex 49.055 14.562 3
      vertex 49.1971 -14.7851 3
      vertex 49.1971 14.7851 3
    endloop
  endfacet
  facet normal 0 0 1
    outer loop
      vertex 49.055 14.562 3
      vertex 49.055 -14.562 3
      vertex 49.1971 -14.7851 3
    endloop
  endfacet
  facet normal -0 0 1
    outer loop
      vertex 48.9306 14.3667 3
      vertex 49.055 -14.562 3
      vertex 49.055 14.562 3
    endloop
  endfacet
  facet normal 0 0 1
    outer loop
      vertex 48.9306 14.3667 3
      vertex 48.9306 -14.3667 3
      vertex 49.055 -14.562 3
    endloop
  endfacet
  facet normal -0 0 1
    outer loop
      vertex 48.7695 14.1568 3
      vertex 48.9306 -14.3667 3
      vertex 48.9306 14.3667 3
    endloop
  endfacet
  facet normal 0 0 1
    outer loop
      vertex 48.7695 14.1568 3
      vertex 48.7695 -14.1568 3
      vertex 48.9306 -14.3667 3
    endloop
  endfacet
  facet normal -0 0 1
    outer loop
      vertex 48.6286 13.9731 3
      vertex 48.7695 -14.1568 3
      vertex 48.7695 14.1568 3
    endloop
  endfacet
  facet normal 0 0 1
    outer loop
      vertex 48.6286 13.9731 3
      vertex 48.6286 -13.9731 3
      vertex 48.7695 -14.1568 3
    endloop
  endfacet
  facet normal -0 0 1
    outer loop
      vertex 48.4721 13.8024 3
      vertex 48.6286 -13.9731 3
      vertex 48.6286 13.9731 3
    endloop
  endfacet
  facet normal 0 0 1
    outer loop
      vertex 48.4721 13.8024 3
      vertex 48.4721 -13.8024 3
      vertex 48.6286 -13.9731 3
    endloop
  endfacet
  facet normal -0 0 1
    outer loop
      vertex 48.2934 13.6074 3
      vertex 48.4721 -13.8024 3
      vertex 48.4721 13.8024 3
    endloop
  endfacet
  facet normal 0 0 1
    outer loop
      vertex 48.2934 13.6074 3
      vertex 48.2934 -13.6074 3
      vertex 48.4721 -13.8024 3
    endloop
  endfacet
  facet normal -0 0 1
    outer loop
      vertex 48.0984 13.4287 3
      vertex 48.2934 -13.6074 3
      vertex 48.2934 13.6074 3
    endloop
  endfacet
  facet normal 0 0 1
    outer loop
      vertex 48.0984 13.4287 3
      vertex 48.0984 -13.4287 3
      vertex 48.2934 -13.6074 3
    endloop
  endfacet
  facet normal -0 0 1
    outer loop
      vertex 47.9277 13.2723 3
      vertex 48.0984 -13.4287 3
      vertex 48.0984 13.4287 3
    endloop
  endfacet
  facet normal 0 0 1
    outer loop
      vertex 47.9277 13.2723 3
      vertex 47.9277 -13.2723 3
      vertex 48.0984 -13.4287 3
    endloop
  endfacet
  facet normal -0 0 1
    outer loop
      vertex 47.744 13.1313 3
      vertex 47.9277 -13.2723 3
      vertex 47.9277 13.2723 3
    endloop
  endfacet
  facet normal 0 0 1
    outer loop
      vertex 47.744 13.1313 3
      vertex 47.744 -13.1313 3
      vertex 47.9277 -13.2723 3
    endloop
  endfacet
  facet normal -0 0 1
    outer loop
      vertex 47.5341 12.9703 3
      vertex 47.744 -13.1313 3
      vertex 47.744 13.1313 3
    endloop
  endfacet
  facet normal 0 0 1
    outer loop
      vertex 47.5341 12.9703 3
      vertex 47.5341 -12.9703 3
      vertex 47.744 -13.1313 3
    endloop
  endfacet
  facet normal -0 0 1
    outer loop
      vertex 47.3388 12.8458 3
      vertex 47.5341 -12.9703 3
      vertex 47.5341 12.9703 3
    endloop
  endfacet
  facet normal 0 0 1
    outer loop
      vertex 47.3388 12.8458 3
      vertex 47.3388 -12.8458 3
      vertex 47.5341 -12.9703 3
    endloop
  endfacet
  facet normal -0 0 1
    outer loop
      vertex 47.1157 12.7037 3
      vertex 47.3388 -12.8458 3
      vertex 47.3388 12.8458 3
    endloop
  endfacet
  facet normal 0 0 1
    outer loop
      vertex 47.1157 12.7037 3
      vertex 47.1157 -12.7037 3
      vertex 47.3388 -12.8458 3
    endloop
  endfacet
  facet normal -0 0 1
    outer loop
      vertex 46.8811 12.5816 3
      vertex 47.1157 -12.7037 3
      vertex 47.1157 12.7037 3
    endloop
  endfacet
  facet normal 0 0 1
    outer loop
      vertex 46.8811 12.5816 3
      vertex 46.8811 -12.5816 3
      vertex 47.1157 -12.7037 3
    endloop
  endfacet
  facet normal -0 0 1
    outer loop
      vertex 46.6757 12.4747 3
      vertex 46.8811 -12.5816 3
      vertex 46.8811 12.5816 3
    endloop
  endfacet
  facet normal 0 0 1
    outer loop
      vertex 46.6757 12.4747 3
      vertex 46.6757 -12.4747 3
      vertex 46.8811 -12.5816 3
    endloop
  endfacet
  facet normal -0 0 1
    outer loop
      vertex 46.4618 12.386 3
      vertex 46.6757 -12.4747 3
      vertex 46.6757 12.4747 3
    endloop
  endfacet
  facet normal 0 0 1
    outer loop
      vertex 46.4618 12.386 3
      vertex 46.4618 -12.386 3
      vertex 46.6757 -12.4747 3
    endloop
  endfacet
  facet normal -0 0 1
    outer loop
      vertex 46.2174 12.2848 3
      vertex 46.4618 -12.386 3
      vertex 46.4618 12.386 3
    endloop
  endfacet
  facet normal 0 0 1
    outer loop
      vertex 46.2174 12.2848 3
      vertex 46.2174 -12.2848 3
      vertex 46.4618 -12.386 3
    endloop
  endfacet
  facet normal -0 0 1
    outer loop
      vertex 45.9966 12.2152 3
      vertex 46.2174 -12.2848 3
      vertex 46.2174 12.2848 3
    endloop
  endfacet
  facet normal 0 0 1
    outer loop
      vertex 45.9966 12.2152 3
      vertex 45.9966 -12.2152 3
      vertex 46.2174 -12.2848 3
    endloop
  endfacet
  facet normal -0 0 1
    outer loop
      vertex 45.7443 12.1356 3
      vertex 45.9966 -12.2152 3
      vertex 45.9966 12.2152 3
    endloop
  endfacet
  facet normal 0 0 1
    outer loop
      vertex 45.7443 12.1356 3
      vertex 45.7443 -12.1356 3
      vertex 45.9966 -12.2152 3
    endloop
  endfacet
  facet normal -0 0 1
    outer loop
      vertex 45.5182 12.0855 3
      vertex 45.7443 -12.1356 3
      vertex 45.7443 12.1356 3
    endloop
  endfacet
  facet normal 0 0 1
    outer loop
      vertex 45.5182 12.0855 3
      vertex 45.5182 -12.0855 3
      vertex 45.7443 -12.1356 3
    endloop
  endfacet
  facet normal -0 0 1
    outer loop
      vertex 45.2599 12.0283 3
      vertex 45.5182 -12.0855 3
      vertex 45.5182 12.0855 3
    endloop
  endfacet
  facet normal 0 0 1
    outer loop
      vertex 45.2599 12.0283 3
      vertex 45.2599 -12.0283 3
      vertex 45.5182 -12.0855 3
    endloop
  endfacet
  facet normal -0 0 1
    outer loop
      vertex 45.0304 11.998 3
      vertex 45.2599 -12.0283 3
      vertex 45.2599 12.0283 3
    endloop
  endfacet
  facet normal 0 0 1
    outer loop
      vertex 45.0304 11.998 3
      vertex 45.0304 -11.998 3
      vertex 45.2599 -12.0283 3
    endloop
  endfacet
  facet normal -0 0 1
    outer loop
      vertex 44.7681 11.9635 3
      vertex 45.0304 -11.998 3
      vertex 45.0304 11.998 3
    endloop
  endfacet
  facet normal 0 0 1
    outer loop
      vertex 44.7681 11.9635 3
      vertex 44.7681 -11.9635 3
      vertex 45.0304 -11.998 3
    endloop
  endfacet
  facet normal -0 0 1
    outer loop
      vertex 44.5038 11.952 3
      vertex 44.7681 -11.9635 3
      vertex 44.7681 11.9635 3
    endloop
  endfacet
  facet normal 0 0 1
    outer loop
      vertex 44.5038 11.952 3
      vertex 44.5038 -11.952 3
      vertex 44.7681 -11.9635 3
    endloop
  endfacet
  facet normal -0 0 1
    outer loop
      vertex 44.2725 11.9419 3
      vertex 44.5038 -11.952 3
      vertex 44.5038 11.952 3
    endloop
  endfacet
  facet normal 0 0 1
    outer loop
      vertex 44.2725 11.9419 3
      vertex 44.2725 -11.9419 3
      vertex 44.5038 -11.952 3
    endloop
  endfacet
  facet normal 0 0 1
    outer loop
      vertex 44.0412 11.952 3
      vertex 44.2725 -11.9419 3
      vertex 44.2725 11.9419 3
    endloop
  endfacet
  facet normal 0 0 1
    outer loop
      vertex 44.0412 11.952 3
      vertex 44.0412 -11.952 3
      vertex 44.2725 -11.9419 3
    endloop
  endfacet
  facet normal 0 0 1
    outer loop
      vertex 43.7769 11.9635 3
      vertex 44.0412 -11.952 3
      vertex 44.0412 11.952 3
    endloop
  endfacet
  facet normal 0 0 1
    outer loop
      vertex 43.7769 11.9635 3
      vertex 43.7769 -11.9635 3
      vertex 44.0412 -11.952 3
    endloop
  endfacet
  facet normal 0 0 1
    outer loop
      vertex 43.5146 11.998 3
      vertex 43.7769 -11.9635 3
      vertex 43.7769 11.9635 3
    endloop
  endfacet
  facet normal 0 0 1
    outer loop
      vertex 43.5146 11.998 3
      vertex 43.5146 -11.998 3
      vertex 43.7769 -11.9635 3
    endloop
  endfacet
  facet normal 0 0 1
    outer loop
      vertex 43.2851 12.0283 3
      vertex 43.5146 -11.998 3
      vertex 43.5146 11.998 3
    endloop
  endfacet
  facet normal 0 0 1
    outer loop
      vertex 43.2851 12.0283 3
      vertex 43.2851 -12.0283 3
      vertex 43.5146 -11.998 3
    endloop
  endfacet
  facet normal 0 0 1
    outer loop
      vertex 43.0268 12.0855 3
      vertex 43.2851 -12.0283 3
      vertex 43.2851 12.0283 3
    endloop
  endfacet
  facet normal 0 0 1
    outer loop
      vertex 43.0268 12.0855 3
      vertex 43.0268 -12.0855 3
      vertex 43.2851 -12.0283 3
    endloop
  endfacet
  facet normal 0 0 1
    outer loop
      vertex 42.8007 12.1356 3
      vertex 43.0268 -12.0855 3
      vertex 43.0268 12.0855 3
    endloop
  endfacet
  facet normal 0 0 1
    outer loop
      vertex 42.8007 12.1356 3
      vertex 42.8007 -12.1356 3
      vertex 43.0268 -12.0855 3
    endloop
  endfacet
  facet normal 0 0 1
    outer loop
      vertex 42.5484 12.2152 3
      vertex 42.8007 -12.1356 3
      vertex 42.8007 12.1356 3
    endloop
  endfacet
  facet normal 0 0 1
    outer loop
      vertex 42.5484 12.2152 3
      vertex 42.5484 -12.2152 3
      vertex 42.8007 -12.1356 3
    endloop
  endfacet
  facet normal 0 0 1
    outer loop
      vertex 42.3276 12.2848 3
      vertex 42.5484 -12.2152 3
      vertex 42.5484 12.2152 3
    endloop
  endfacet
  facet normal 0 0 1
    outer loop
      vertex 42.3276 12.2848 3
      vertex 42.3276 -12.2848 3
      vertex 42.5484 -12.2152 3
    endloop
  endfacet
  facet normal 0 0 1
    outer loop
      vertex 42.0832 12.386 3
      vertex 42.3276 -12.2848 3
      vertex 42.3276 12.2848 3
    endloop
  endfacet
  facet normal 0 0 1
    outer loop
      vertex 42.0832 12.386 3
      vertex 42.0832 -12.386 3
      vertex 42.3276 -12.2848 3
    endloop
  endfacet
  facet normal 0 0 1
    outer loop
      vertex 41.8693 12.4747 3
      vertex 42.0832 -12.386 3
      vertex 42.0832 12.386 3
    endloop
  endfacet
  facet normal 0 0 1
    outer loop
      vertex 41.8693 12.4747 3
      vertex 41.8693 -12.4747 3
      vertex 42.0832 -12.386 3
    endloop
  endfacet
  facet normal 0 0 1
    outer loop
      vertex 41.6639 12.5816 3
      vertex 41.8693 -12.4747 3
      vertex 41.8693 12.4747 3
    endloop
  endfacet
  facet normal 0 0 1
    outer loop
      vertex 41.6639 12.5816 3
      vertex 41.6639 -12.5816 3
      vertex 41.8693 -12.4747 3
    endloop
  endfacet
  facet normal 0 0 1
    outer loop
      vertex 41.4293 12.7037 3
      vertex 41.6639 -12.5816 3
      vertex 41.6639 12.5816 3
    endloop
  endfacet
  facet normal 0 0 1
    outer loop
      vertex 41.4293 12.7037 3
      vertex 41.4293 -12.7037 3
      vertex 41.6639 -12.5816 3
    endloop
  endfacet
  facet normal 0 0 1
    outer loop
      vertex 41.2062 12.8458 3
      vertex 41.4293 -12.7037 3
      vertex 41.4293 12.7037 3
    endloop
  endfacet
  facet normal 0 0 1
    outer loop
      vertex 41.2062 12.8458 3
      vertex 41.2062 -12.8458 3
      vertex 41.4293 -12.7037 3
    endloop
  endfacet
  facet normal 0 0 1
    outer loop
      vertex 41.0109 12.9703 3
      vertex 41.2062 -12.8458 3
      vertex 41.2062 12.8458 3
    endloop
  endfacet
  facet normal 0 0 1
    outer loop
      vertex 41.0109 12.9703 3
      vertex 41.0109 -12.9703 3
      vertex 41.2062 -12.8458 3
    endloop
  endfacet
  facet normal 0 0 1
    outer loop
      vertex 40.801 13.1313 3
      vertex 41.0109 -12.9703 3
      vertex 41.0109 12.9703 3
    endloop
  endfacet
  facet normal 0 0 1
    outer loop
      vertex 40.801 13.1313 3
      vertex 40.801 -13.1313 3
      vertex 41.0109 -12.9703 3
    endloop
  endfacet
  facet normal 0 0 1
    outer loop
      vertex 40.6173 13.2723 3
      vertex 40.801 -13.1313 3
      vertex 40.801 13.1313 3
    endloop
  endfacet
  facet normal 0 0 1
    outer loop
      vertex 40.6173 13.2723 3
      vertex 40.6173 -13.2723 3
      vertex 40.801 -13.1313 3
    endloop
  endfacet
  facet normal 0 0 1
    outer loop
      vertex 40.4466 13.4287 3
      vertex 40.6173 -13.2723 3
      vertex 40.6173 13.2723 3
    endloop
  endfacet
  facet normal 0 0 1
    outer loop
      vertex 40.4466 13.4287 3
      vertex 40.4466 -13.4287 3
      vertex 40.6173 -13.2723 3
    endloop
  endfacet
  facet normal 0 0 1
    outer loop
      vertex 40.2516 13.6074 3
      vertex 40.4466 -13.4287 3
      vertex 40.4466 13.4287 3
    endloop
  endfacet
  facet normal 0 0 1
    outer loop
      vertex 40.2516 13.6074 3
      vertex 40.2516 -13.6074 3
      vertex 40.4466 -13.4287 3
    endloop
  endfacet
  facet normal 0 0 1
    outer loop
      vertex 40.0728 13.8024 3
      vertex 40.2516 -13.6074 3
      vertex 40.2516 13.6074 3
    endloop
  endfacet
  facet normal 0 0 1
    outer loop
      vertex 40.0728 13.8024 3
      vertex 40.0728 -13.8024 3
      vertex 40.2516 -13.6074 3
    endloop
  endfacet
  facet normal 0 0 1
    outer loop
      vertex 39.9164 13.9731 3
      vertex 40.0728 -13.8024 3
      vertex 40.0728 13.8024 3
    endloop
  endfacet
  facet normal 0 0 1
    outer loop
      vertex 39.9164 13.9731 3
      vertex 39.9164 -13.9731 3
      vertex 40.0728 -13.8024 3
    endloop
  endfacet
  facet normal 0 0 1
    outer loop
      vertex 39.7755 14.1568 3
      vertex 39.9164 -13.9731 3
      vertex 39.9164 13.9731 3
    endloop
  endfacet
  facet normal 0 0 1
    outer loop
      vertex 39.7755 14.1568 3
      vertex 39.7755 -14.1568 3
      vertex 39.9164 -13.9731 3
    endloop
  endfacet
  facet normal 0 0 1
    outer loop
      vertex 39.6144 14.3667 3
      vertex 39.7755 -14.1568 3
      vertex 39.7755 14.1568 3
    endloop
  endfacet
  facet normal 0 0 1
    outer loop
      vertex 39.6144 14.3667 3
      vertex 39.6144 -14.3667 3
      vertex 39.7755 -14.1568 3
    endloop
  endfacet
  facet normal 0 0 1
    outer loop
      vertex 5.41315 15.9043 3
      vertex 38.8593 15.9043 3
      vertex 5.4927 16.1566 3
    endloop
  endfacet
  facet normal 0 0 1
    outer loop
      vertex 38.8593 15.9043 3
      vertex 5.41315 15.9043 3
      vertex 38.929 15.6835 3
    endloop
  endfacet
  facet normal 0 0 1
    outer loop
      vertex 38.7798 16.1566 3
      vertex 5.4927 16.1566 3
      vertex 38.8593 15.9043 3
    endloop
  endfacet
  facet normal 0 0 1
    outer loop
      vertex 5.34352 15.6835 3
      vertex 38.929 15.6835 3
      vertex 5.41315 15.9043 3
    endloop
  endfacet
  facet normal 0 0 1
    outer loop
      vertex 5.4927 16.1566 3
      vertex 38.7798 16.1566 3
      vertex 5.54281 16.3826 3
    endloop
  endfacet
  facet normal 0 0 1
    outer loop
      vertex 39.6144 -14.3667 3
      vertex 5.68646 -17.6283 3
      vertex 39.49 -14.562 3
    endloop
  endfacet
  facet normal 0 0 1
    outer loop
      vertex 38.7297 16.3826 3
      vertex 5.54281 16.3826 3
      vertex 38.7798 16.1566 3
    endloop
  endfacet
  facet normal 0 0 1
    outer loop
      vertex 39.49 -14.562 3
      vertex 5.68646 -17.6283 3
      vertex 39.3479 -14.7851 3
    endloop
  endfacet
  facet normal 0 0 1
    outer loop
      vertex 5.54281 16.3826 3
      vertex 38.7297 16.3826 3
      vertex 5.60007 16.6409 3
    endloop
  endfacet
  facet normal 0 0 1
    outer loop
      vertex 39.3479 -14.7851 3
      vertex 5.68646 -17.6283 3
      vertex 39.2257 -15.0197 3
    endloop
  endfacet
  facet normal 0 0 1
    outer loop
      vertex 38.6724 16.6409 3
      vertex 5.60007 16.6409 3
      vertex 38.7297 16.3826 3
    endloop
  endfacet
  facet normal 0 0 1
    outer loop
      vertex 39.2257 -15.0197 3
      vertex 5.68646 -17.6283 3
      vertex 39.1188 -15.2251 3
    endloop
  endfacet
  facet normal 0 0 1
    outer loop
      vertex 5.60007 16.6409 3
      vertex 38.6724 16.6409 3
      vertex 5.63029 16.8705 3
    endloop
  endfacet
  facet normal 0 0 1
    outer loop
      vertex 39.1188 -15.2251 3
      vertex 5.68646 -17.6283 3
      vertex 39.0302 -15.4391 3
    endloop
  endfacet
  facet normal 0 0 1
    outer loop
      vertex 38.6422 16.8705 3
      vertex 5.63029 16.8705 3
      vertex 38.6724 16.6409 3
    endloop
  endfacet
  facet normal 0 0 1
    outer loop
      vertex 39.0302 -15.4391 3
      vertex 5.68646 -17.6283 3
      vertex 38.929 -15.6835 3
    endloop
  endfacet
  facet normal 0 0 1
    outer loop
      vertex 5.63029 16.8705 3
      vertex 38.6422 16.8705 3
      vertex 5.66482 17.1327 3
    endloop
  endfacet
  facet normal 0 0 1
    outer loop
      vertex 38.929 -15.6835 3
      vertex 5.68646 -17.6283 3
      vertex 38.8593 -15.9043 3
    endloop
  endfacet
  facet normal 0 0 1
    outer loop
      vertex 38.6077 17.1327 3
      vertex 5.66482 17.1327 3
      vertex 38.6422 16.8705 3
    endloop
  endfacet
  facet normal 0 0 1
    outer loop
      vertex 38.8593 -15.9043 3
      vertex 5.68646 -17.6283 3
      vertex 38.7798 -16.1566 3
    endloop
  endfacet
  facet normal 0 0 1
    outer loop
      vertex 5.66482 17.1327 3
      vertex 38.6077 17.1327 3
      vertex 5.67636 17.397 3
    endloop
  endfacet
  facet normal 0 0 1
    outer loop
      vertex 38.7798 -16.1566 3
      vertex 5.68646 -17.6283 3
      vertex 38.7297 -16.3826 3
    endloop
  endfacet
  facet normal 0 0 1
    outer loop
      vertex 38.5961 17.397 3
      vertex 5.67636 17.397 3
      vertex 38.6077 17.1327 3
    endloop
  endfacet
  facet normal 0 0 1
    outer loop
      vertex 38.7297 -16.3826 3
      vertex 5.68646 -17.6283 3
      vertex 38.6724 -16.6409 3
    endloop
  endfacet
  facet normal 0 0 1
    outer loop
      vertex 5.67636 17.397 3
      vertex 38.5961 17.397 3
      vertex 5.68646 17.6283 3
    endloop
  endfacet
  facet normal 0 0 1
    outer loop
      vertex 38.6724 -16.6409 3
      vertex 5.68646 -17.6283 3
      vertex 38.6422 -16.8705 3
    endloop
  endfacet
  facet normal -0 0 1
    outer loop
      vertex 5.68646 17.6283 3
      vertex 38.5961 17.397 3
      vertex 38.586 17.6283 3
    endloop
  endfacet
  facet normal 0 0 1
    outer loop
      vertex 38.6422 -16.8705 3
      vertex 5.68646 -17.6283 3
      vertex 38.6077 -17.1327 3
    endloop
  endfacet
  facet normal 0 0 1
    outer loop
      vertex 101.113 65.385 3
      vertex 102.545 61.885 3
      vertex 102.526 62.3208 3
    endloop
  endfacet
  facet normal 0 0 1
    outer loop
      vertex 49.9489 17.397 3
      vertex 102.545 61.885 3
      vertex 49.959 17.6283 3
    endloop
  endfacet
  facet normal 0 0 1
    outer loop
      vertex 49.9373 17.1327 3
      vertex 102.545 61.885 3
      vertex 49.9489 17.397 3
    endloop
  endfacet
  facet normal 0 0 1
    outer loop
      vertex 101.113 65.385 3
      vertex 102.526 62.3208 3
      vertex 102.469 62.7532 3
    endloop
  endfacet
  facet normal 0 0 1
    outer loop
      vertex 101.113 65.385 3
      vertex 102.469 62.7532 3
      vertex 102.375 63.1791 3
    endloop
  endfacet
  facet normal 0 0 1
    outer loop
      vertex 101.113 65.385 3
      vertex 102.375 63.1791 3
      vertex 102.243 63.5951 3
    endloop
  endfacet
  facet normal 0 0 1
    outer loop
      vertex 101.113 65.385 3
      vertex 102.243 63.5951 3
      vertex 102.077 63.9981 3
    endloop
  endfacet
  facet normal 0 0 1
    outer loop
      vertex 101.113 65.385 3
      vertex 102.077 63.9981 3
      vertex 101.875 64.385 3
    endloop
  endfacet
  facet normal 0 0 1
    outer loop
      vertex 101.113 65.385 3
      vertex 101.875 64.385 3
      vertex 101.641 64.7529 3
    endloop
  endfacet
  facet normal 0 0 1
    outer loop
      vertex 101.113 65.385 3
      vertex 101.641 64.7529 3
      vertex 101.375 65.0989 3
    endloop
  endfacet
  facet normal 0 0 1
    outer loop
      vertex 102.545 61.885 3
      vertex 101.113 65.385 3
      vertex 47.9277 21.9844 3
    endloop
  endfacet
  facet normal 0 -0 1
    outer loop
      vertex 99.545 -62.385 3
      vertex 102.545 -61.885 3
      vertex 49.959 -17.6283 3
    endloop
  endfacet
  facet normal 0 0 1
    outer loop
      vertex 97.545 -66.885 3
      vertex 99.545 -65.385 3
      vertex 99.545 -62.385 3
    endloop
  endfacet
  facet normal 0 0 1
    outer loop
      vertex 102.545 -61.885 3
      vertex 99.545 -62.385 3
      vertex 102.526 -62.3208 3
    endloop
  endfacet
  facet normal -0 0 1
    outer loop
      vertex 49.9489 -17.8597 3
      vertex 99.545 -62.385 3
      vertex 49.959 -17.6283 3
    endloop
  endfacet
  facet normal -0 0 1
    outer loop
      vertex 49.9373 -18.1239 3
      vertex 99.545 -62.385 3
      vertex 49.9489 -17.8597 3
    endloop
  endfacet
  facet normal -0 0 1
    outer loop
      vertex 49.9028 -18.3862 3
      vertex 99.545 -62.385 3
      vertex 49.9373 -18.1239 3
    endloop
  endfacet
  facet normal -0 0 1
    outer loop
      vertex 49.8726 -18.6158 3
      vertex 99.545 -62.385 3
      vertex 49.9028 -18.3862 3
    endloop
  endfacet
  facet normal 0 0 1
    outer loop
      vertex 102.526 -62.3208 3
      vertex 99.545 -62.385 3
      vertex 102.518 -62.385 3
    endloop
  endfacet
  facet normal 0 0 1
    outer loop
      vertex 102.545 61.885 3
      vertex 49.9489 17.8597 3
      vertex 49.959 17.6283 3
    endloop
  endfacet
  facet normal 0 0 1
    outer loop
      vertex 102.545 61.885 3
      vertex 49.9373 18.1239 3
      vertex 49.9489 17.8597 3
    endloop
  endfacet
  facet normal 0 0 1
    outer loop
      vertex 102.545 61.885 3
      vertex 49.9028 18.3862 3
      vertex 49.9373 18.1239 3
    endloop
  endfacet
  facet normal 0 0 1
    outer loop
      vertex 102.545 61.885 3
      vertex 49.8726 18.6158 3
      vertex 49.9028 18.3862 3
    endloop
  endfacet
  facet normal 0 0 1
    outer loop
      vertex 102.545 61.885 3
      vertex 49.8153 18.874 3
      vertex 49.8726 18.6158 3
    endloop
  endfacet
  facet normal 0 0 1
    outer loop
      vertex 102.545 61.885 3
      vertex 49.7652 19.1001 3
      vertex 49.8153 18.874 3
    endloop
  endfacet
  facet normal 0 0 1
    outer loop
      vertex 102.545 61.885 3
      vertex 49.6856 19.3524 3
      vertex 49.7652 19.1001 3
    endloop
  endfacet
  facet normal 0 0 1
    outer loop
      vertex 102.545 61.885 3
      vertex 49.616 19.5732 3
      vertex 49.6856 19.3524 3
    endloop
  endfacet
  facet normal 0 0 1
    outer loop
      vertex 102.545 61.885 3
      vertex 49.5148 19.8176 3
      vertex 49.616 19.5732 3
    endloop
  endfacet
  facet normal 0 0 1
    outer loop
      vertex 102.545 61.885 3
      vertex 49.4262 20.0315 3
      vertex 49.5148 19.8176 3
    endloop
  endfacet
  facet normal 0 0 1
    outer loop
      vertex 102.545 61.885 3
      vertex 49.3193 20.2369 3
      vertex 49.4262 20.0315 3
    endloop
  endfacet
  facet normal 0 0 1
    outer loop
      vertex 102.545 61.885 3
      vertex 49.1971 20.4716 3
      vertex 49.3193 20.2369 3
    endloop
  endfacet
  facet normal 0 0 1
    outer loop
      vertex 102.545 61.885 3
      vertex 49.055 20.6947 3
      vertex 49.1971 20.4716 3
    endloop
  endfacet
  facet normal 0 0 1
    outer loop
      vertex 102.545 61.885 3
      vertex 48.9306 20.89 3
      vertex 49.055 20.6947 3
    endloop
  endfacet
  facet normal 0 0 1
    outer loop
      vertex 102.545 61.885 3
      vertex 48.7695 21.0998 3
      vertex 48.9306 20.89 3
    endloop
  endfacet
  facet normal 0 0 1
    outer loop
      vertex 102.545 61.885 3
      vertex 48.6286 21.2835 3
      vertex 48.7695 21.0998 3
    endloop
  endfacet
  facet normal 0 0 1
    outer loop
      vertex 102.545 61.885 3
      vertex 48.4721 21.4542 3
      vertex 48.6286 21.2835 3
    endloop
  endfacet
  facet normal 0 0 1
    outer loop
      vertex 102.545 61.885 3
      vertex 48.2934 21.6493 3
      vertex 48.4721 21.4542 3
    endloop
  endfacet
  facet normal 0 0 1
    outer loop
      vertex 102.545 61.885 3
      vertex 48.0984 21.828 3
      vertex 48.2934 21.6493 3
    endloop
  endfacet
  facet normal 0 0 1
    outer loop
      vertex 102.545 61.885 3
      vertex 47.9277 21.9844 3
      vertex 48.0984 21.828 3
    endloop
  endfacet
  facet normal 0 0 1
    outer loop
      vertex 101.113 65.385 3
      vertex 47.744 22.1254 3
      vertex 47.9277 21.9844 3
    endloop
  endfacet
  facet normal 0 0 1
    outer loop
      vertex 101.113 65.385 3
      vertex 47.5341 22.2864 3
      vertex 47.744 22.1254 3
    endloop
  endfacet
  facet normal 0 0 1
    outer loop
      vertex 101.113 65.385 3
      vertex 47.3388 22.4108 3
      vertex 47.5341 22.2864 3
    endloop
  endfacet
  facet normal 0 0 1
    outer loop
      vertex 101.113 65.385 3
      vertex 47.1157 22.5529 3
      vertex 47.3388 22.4108 3
    endloop
  endfacet
  facet normal 0 0 1
    outer loop
      vertex 101.113 65.385 3
      vertex 46.8811 22.6751 3
      vertex 47.1157 22.5529 3
    endloop
  endfacet
  facet normal 0 0 1
    outer loop
      vertex 101.113 65.385 3
      vertex 46.6757 22.782 3
      vertex 46.8811 22.6751 3
    endloop
  endfacet
  facet normal 0 0 1
    outer loop
      vertex 101.113 65.385 3
      vertex 46.4618 22.8706 3
      vertex 46.6757 22.782 3
    endloop
  endfacet
  facet normal 0 0 1
    outer loop
      vertex 101.113 65.385 3
      vertex 46.2174 22.9719 3
      vertex 46.4618 22.8706 3
    endloop
  endfacet
  facet normal 0 0 1
    outer loop
      vertex 101.113 65.385 3
      vertex 45.9966 23.0415 3
      vertex 46.2174 22.9719 3
    endloop
  endfacet
  facet normal 0 0 1
    outer loop
      vertex 101.113 65.385 3
      vertex 45.7443 23.121 3
      vertex 45.9966 23.0415 3
    endloop
  endfacet
  facet normal 0 0 1
    outer loop
      vertex 101.113 65.385 3
      vertex 45.5182 23.1711 3
      vertex 45.7443 23.121 3
    endloop
  endfacet
  facet normal 0 0 1
    outer loop
      vertex 101.113 65.385 3
      vertex 45.2599 23.2284 3
      vertex 45.5182 23.1711 3
    endloop
  endfacet
  facet normal 0 0 1
    outer loop
      vertex 101.113 65.385 3
      vertex 45.0304 23.2586 3
      vertex 45.2599 23.2284 3
    endloop
  endfacet
  facet normal 0 0 1
    outer loop
      vertex 101.113 65.385 3
      vertex 44.7681 23.2932 3
      vertex 45.0304 23.2586 3
    endloop
  endfacet
  facet normal 0 0 1
    outer loop
      vertex 101.113 65.385 3
      vertex 44.5038 23.3047 3
      vertex 44.7681 23.2932 3
    endloop
  endfacet
  facet normal 0 0 1
    outer loop
      vertex 101.113 65.385 3
      vertex 44.2725 23.3148 3
      vertex 44.5038 23.3047 3
    endloop
  endfacet
  facet normal 0 0 1
    outer loop
      vertex 101.113 65.385 3
      vertex 44.0412 23.3047 3
      vertex 44.2725 23.3148 3
    endloop
  endfacet
  facet normal 0 0 1
    outer loop
      vertex 101.113 65.385 3
      vertex 43.7769 23.2932 3
      vertex 44.0412 23.3047 3
    endloop
  endfacet
  facet normal 0 0 1
    outer loop
      vertex 101.113 65.385 3
      vertex 43.5146 23.2586 3
      vertex 43.7769 23.2932 3
    endloop
  endfacet
  facet normal 0 0 1
    outer loop
      vertex 101.113 65.385 3
      vertex 43.2851 23.2284 3
      vertex 43.5146 23.2586 3
    endloop
  endfacet
  facet normal 0 0 1
    outer loop
      vertex 101.113 65.385 3
      vertex 43.0268 23.1711 3
      vertex 43.2851 23.2284 3
    endloop
  endfacet
  facet normal 0 0 1
    outer loop
      vertex 101.113 65.385 3
      vertex 42.8007 23.121 3
      vertex 43.0268 23.1711 3
    endloop
  endfacet
  facet normal 0 0 1
    outer loop
      vertex 1.47176 23.121 3
      vertex 42.8007 23.121 3
      vertex 101.113 65.385 3
    endloop
  endfacet
  facet normal 0 0 1
    outer loop
      vertex 42.8007 23.121 3
      vertex 1.47176 23.121 3
      vertex 42.5484 23.0415 3
    endloop
  endfacet
  facet normal 0 0 1
    outer loop
      vertex 42.5484 23.0415 3
      vertex 1.47176 23.121 3
      vertex 42.3276 22.9719 3
    endloop
  endfacet
  facet normal -0 -0 1
    outer loop
      vertex 1.72405 23.0415 3
      vertex 42.3276 22.9719 3
      vertex 1.47176 23.121 3
    endloop
  endfacet
  facet normal 0 -0 1
    outer loop
      vertex 1.94488 22.9719 3
      vertex 42.3276 22.9719 3
      vertex 1.72405 23.0415 3
    endloop
  endfacet
  facet normal 0 0 1
    outer loop
      vertex 42.3276 22.9719 3
      vertex 1.94488 22.9719 3
      vertex 42.0832 22.8706 3
    endloop
  endfacet
  facet normal 0 0 1
    outer loop
      vertex 42.0832 22.8706 3
      vertex 1.94488 22.9719 3
      vertex 41.8693 22.782 3
    endloop
  endfacet
  facet normal -0 -0 1
    outer loop
      vertex 2.18928 22.8706 3
      vertex 41.8693 22.782 3
      vertex 1.94488 22.9719 3
    endloop
  endfacet
  facet normal 0 0 -1
    outer loop
      vertex 41.0109 22.2864 3
      vertex 40.6173 21.9844 3
      vertex 40.801 22.1254 3
    endloop
  endfacet
  facet normal 0 0 1
    outer loop
      vertex 4.49704 21.0998 3
      vertex 39.7755 21.0998 3
      vertex 39.9164 21.2835 3
    endloop
  endfacet
  facet normal 0 0 1
    outer loop
      vertex 4.78248 20.6947 3
      vertex 39.49 20.6947 3
      vertex 39.6144 20.89 3
    endloop
  endfacet
  facet normal 0 0 1
    outer loop
      vertex 5.67636 17.8597 3
      vertex 38.5961 17.8597 3
      vertex 38.6077 18.1239 3
    endloop
  endfacet
  facet normal 0 0 1
    outer loop
      vertex 38.6077 -17.1327 3
      vertex 5.68646 -17.6283 3
      vertex 38.5961 -17.397 3
    endloop
  endfacet
  facet normal 0 0 1
    outer loop
      vertex 38.5961 17.8597 3
      vertex 5.68646 17.6283 3
      vertex 38.586 17.6283 3
    endloop
  endfacet
  facet normal 0 0 1
    outer loop
      vertex 5.66482 18.1239 3
      vertex 38.6077 18.1239 3
      vertex 38.6422 18.3862 3
    endloop
  endfacet
  facet normal 0 0 1
    outer loop
      vertex 5.63029 18.3862 3
      vertex 38.6422 18.3862 3
      vertex 38.6724 18.6158 3
    endloop
  endfacet
  facet normal 0 0 1
    outer loop
      vertex 5.60007 18.6158 3
      vertex 38.6724 18.6158 3
      vertex 38.7297 18.874 3
    endloop
  endfacet
  facet normal 0 0 1
    outer loop
      vertex 5.54281 18.874 3
      vertex 38.7297 18.874 3
      vertex 38.7798 19.1001 3
    endloop
  endfacet
  facet normal 0 0 1
    outer loop
      vertex 5.4927 19.1001 3
      vertex 38.7798 19.1001 3
      vertex 38.8593 19.3524 3
    endloop
  endfacet
  facet normal 0 0 1
    outer loop
      vertex 5.41315 19.3524 3
      vertex 38.8593 19.3524 3
      vertex 38.929 19.5732 3
    endloop
  endfacet
  facet normal 0 0 1
    outer loop
      vertex 5.34352 19.5732 3
      vertex 38.929 19.5732 3
      vertex 39.0302 19.8176 3
    endloop
  endfacet
  facet normal 0 0 1
    outer loop
      vertex 5.24229 19.8176 3
      vertex 39.0302 19.8176 3
      vertex 39.1188 20.0315 3
    endloop
  endfacet
  facet normal 0 0 1
    outer loop
      vertex 5.15368 20.0315 3
      vertex 39.1188 20.0315 3
      vertex 39.2257 20.2369 3
    endloop
  endfacet
  facet normal 0 0 1
    outer loop
      vertex 5.04677 20.2369 3
      vertex 39.2257 20.2369 3
      vertex 39.3479 20.4716 3
    endloop
  endfacet
  facet normal 0 0 1
    outer loop
      vertex 39.49 20.6947 3
      vertex 4.92462 20.4716 3
      vertex 39.3479 20.4716 3
    endloop
  endfacet
  facet normal 0 0 1
    outer loop
      vertex 39.7755 21.0998 3
      vertex 4.65807 20.89 3
      vertex 39.6144 20.89 3
    endloop
  endfacet
  facet normal 0 0 1
    outer loop
      vertex 4.35608 21.2835 3
      vertex 39.9164 21.2835 3
      vertex 40.0728 21.4542 3
    endloop
  endfacet
  facet normal 0 0 1
    outer loop
      vertex 4.19965 21.4542 3
      vertex 40.0728 21.4542 3
      vertex 40.2516 21.6493 3
    endloop
  endfacet
  facet normal 0 0 1
    outer loop
      vertex 4.02093 21.6493 3
      vertex 40.2516 21.6493 3
      vertex 40.4466 21.828 3
    endloop
  endfacet
  facet normal 0 0 1
    outer loop
      vertex 4.02093 21.6493 3
      vertex 40.4466 21.828 3
      vertex 40.6173 21.9844 3
    endloop
  endfacet
  facet normal 0 0 1
    outer loop
      vertex 3.65518 21.9844 3
      vertex 40.6173 21.9844 3
      vertex 41.0109 22.2864 3
    endloop
  endfacet
  facet normal 0 -0 1
    outer loop
      vertex 2.4032 22.782 3
      vertex 41.8693 22.782 3
      vertex 2.18928 22.8706 3
    endloop
  endfacet
  facet normal 0 0 1
    outer loop
      vertex 38.5961 17.8597 3
      vertex 5.67636 17.8597 3
      vertex 5.68646 17.6283 3
    endloop
  endfacet
  facet normal 0 0 1
    outer loop
      vertex 38.6077 18.1239 3
      vertex 5.66482 18.1239 3
      vertex 5.67636 17.8597 3
    endloop
  endfacet
  facet normal 0 0 1
    outer loop
      vertex 38.6422 18.3862 3
      vertex 5.63029 18.3862 3
      vertex 5.66482 18.1239 3
    endloop
  endfacet
  facet normal 0 0 1
    outer loop
      vertex 38.6724 18.6158 3
      vertex 5.60007 18.6158 3
      vertex 5.63029 18.3862 3
    endloop
  endfacet
  facet normal 0 0 1
    outer loop
      vertex 38.7297 18.874 3
      vertex 5.54281 18.874 3
      vertex 5.60007 18.6158 3
    endloop
  endfacet
  facet normal 0 0 1
    outer loop
      vertex 38.7798 19.1001 3
      vertex 5.4927 19.1001 3
      vertex 5.54281 18.874 3
    endloop
  endfacet
  facet normal 0 0 1
    outer loop
      vertex 38.8593 19.3524 3
      vertex 5.41315 19.3524 3
      vertex 5.4927 19.1001 3
    endloop
  endfacet
  facet normal 0 0 1
    outer loop
      vertex 38.929 19.5732 3
      vertex 5.34352 19.5732 3
      vertex 5.41315 19.3524 3
    endloop
  endfacet
  facet normal 0 0 1
    outer loop
      vertex 39.0302 19.8176 3
      vertex 5.24229 19.8176 3
      vertex 5.34352 19.5732 3
    endloop
  endfacet
  facet normal 0 0 1
    outer loop
      vertex 39.1188 20.0315 3
      vertex 5.15368 20.0315 3
      vertex 5.24229 19.8176 3
    endloop
  endfacet
  facet normal 0 0 1
    outer loop
      vertex 39.2257 20.2369 3
      vertex 5.04677 20.2369 3
      vertex 5.15368 20.0315 3
    endloop
  endfacet
  facet normal 0 0 1
    outer loop
      vertex 39.3479 20.4716 3
      vertex 4.92462 20.4716 3
      vertex 5.04677 20.2369 3
    endloop
  endfacet
  facet normal 0 0 1
    outer loop
      vertex 39.49 20.6947 3
      vertex 4.78248 20.6947 3
      vertex 4.92462 20.4716 3
    endloop
  endfacet
  facet normal 0 0 1
    outer loop
      vertex 39.6144 20.89 3
      vertex 4.65807 20.89 3
      vertex 4.78248 20.6947 3
    endloop
  endfacet
  facet normal 0 0 1
    outer loop
      vertex 39.7755 21.0998 3
      vertex 4.49704 21.0998 3
      vertex 4.65807 20.89 3
    endloop
  endfacet
  facet normal 0 0 1
    outer loop
      vertex 39.9164 21.2835 3
      vertex 4.35608 21.2835 3
      vertex 4.49704 21.0998 3
    endloop
  endfacet
  facet normal 0 0 1
    outer loop
      vertex 40.0728 21.4542 3
      vertex 4.19965 21.4542 3
      vertex 4.35608 21.2835 3
    endloop
  endfacet
  facet normal 0 0 1
    outer loop
      vertex 40.2516 21.6493 3
      vertex 4.02093 21.6493 3
      vertex 4.19965 21.4542 3
    endloop
  endfacet
  facet normal 0 0 1
    outer loop
      vertex 40.6173 21.9844 3
      vertex 3.8259 21.828 3
      vertex 4.02093 21.6493 3
    endloop
  endfacet
  facet normal 0 0 1
    outer loop
      vertex 40.6173 21.9844 3
      vertex 3.65518 21.9844 3
      vertex 3.8259 21.828 3
    endloop
  endfacet
  facet normal 0 0 1
    outer loop
      vertex 41.0109 22.2864 3
      vertex 3.47149 22.1254 3
      vertex 3.65518 21.9844 3
    endloop
  endfacet
  facet normal 0 0 1
    outer loop
      vertex 41.0109 22.2864 3
      vertex 3.26162 22.2864 3
      vertex 3.47149 22.1254 3
    endloop
  endfacet
  facet normal 0 0 1
    outer loop
      vertex 41.0109 22.2864 3
      vertex 3.06633 22.4108 3
      vertex 3.26162 22.2864 3
    endloop
  endfacet
  facet normal 0 0 1
    outer loop
      vertex 41.0109 22.2864 3
      vertex 2.84323 22.5529 3
      vertex 3.06633 22.4108 3
    endloop
  endfacet
  facet normal 0 0 1
    outer loop
      vertex 41.2062 22.4108 3
      vertex 2.84323 22.5529 3
      vertex 41.0109 22.2864 3
    endloop
  endfacet
  facet normal 0 0 1
    outer loop
      vertex 41.4293 22.5529 3
      vertex 2.84323 22.5529 3
      vertex 41.2062 22.4108 3
    endloop
  endfacet
  facet normal 0 -0 1
    outer loop
      vertex 2.84323 22.5529 3
      vertex 41.4293 22.5529 3
      vertex 2.60859 22.6751 3
    endloop
  endfacet
  facet normal -0 -0 1
    outer loop
      vertex 2.60859 22.6751 3
      vertex 41.4293 22.5529 3
      vertex 2.4032 22.782 3
    endloop
  endfacet
  facet normal 0 0 1
    outer loop
      vertex 41.6639 22.6751 3
      vertex 2.4032 22.782 3
      vertex 41.4293 22.5529 3
    endloop
  endfacet
  facet normal 0 0 1
    outer loop
      vertex 41.8693 22.782 3
      vertex 2.4032 22.782 3
      vertex 41.6639 22.6751 3
    endloop
  endfacet
  facet normal 0 0 1
    outer loop
      vertex 101.113 65.385 3
      vertex 1.24571 23.1711 3
      vertex 1.47176 23.121 3
    endloop
  endfacet
  facet normal 0 0 1
    outer loop
      vertex 101.113 65.385 3
      vertex 0.987442 23.2284 3
      vertex 1.24571 23.1711 3
    endloop
  endfacet
  facet normal 0 0 1
    outer loop
      vertex 101.113 65.385 3
      vertex 0.757877 23.2586 3
      vertex 0.987442 23.2284 3
    endloop
  endfacet
  facet normal 0 0 1
    outer loop
      vertex 101.113 65.385 3
      vertex 0.495607 23.2932 3
      vertex 0.757877 23.2586 3
    endloop
  endfacet
  facet normal 0 0 1
    outer loop
      vertex 101.113 65.385 3
      vertex 0.231326 23.3047 3
      vertex 0.495607 23.2932 3
    endloop
  endfacet
  facet normal 0 0 1
    outer loop
      vertex 101.113 65.385 3
      vertex 0 23.3148 3
      vertex 0.231326 23.3047 3
    endloop
  endfacet
  facet normal -0 0 1
    outer loop
      vertex -101.113 65.385 3
      vertex 0 23.3148 3
      vertex 101.113 65.385 3
    endloop
  endfacet
  facet normal 0 0 1
    outer loop
      vertex 0 23.3148 3
      vertex -101.113 65.385 3
      vertex -0.231326 23.3047 3
    endloop
  endfacet
  facet normal 0 0 1
    outer loop
      vertex -0.231326 23.3047 3
      vertex -101.113 65.385 3
      vertex -0.495607 23.2932 3
    endloop
  endfacet
  facet normal 0 0 1
    outer loop
      vertex -0.495607 23.2932 3
      vertex -101.113 65.385 3
      vertex -0.757877 23.2586 3
    endloop
  endfacet
  facet normal 0 0 1
    outer loop
      vertex -0.757877 23.2586 3
      vertex -101.113 65.385 3
      vertex -0.987442 23.2284 3
    endloop
  endfacet
  facet normal 0 0 1
    outer loop
      vertex -0.987442 23.2284 3
      vertex -101.113 65.385 3
      vertex -1.24571 23.1711 3
    endloop
  endfacet
  facet normal 0 0 1
    outer loop
      vertex -1.24571 23.1711 3
      vertex -101.113 65.385 3
      vertex -1.47176 23.121 3
    endloop
  endfacet
  facet normal 0 -0 1
    outer loop
      vertex -42.8007 23.121 3
      vertex -1.47176 23.121 3
      vertex -101.113 65.385 3
    endloop
  endfacet
  facet normal 0 0 -1
    outer loop
      vertex -2.84323 22.5529 3
      vertex -3.26162 22.2864 3
      vertex -3.06633 22.4108 3
    endloop
  endfacet
  facet normal 0 0 -1
    outer loop
      vertex -3.65518 21.9844 3
      vertex -4.02093 21.6493 3
      vertex -3.8259 21.828 3
    endloop
  endfacet
  facet normal 0 0 1
    outer loop
      vertex -39.7755 21.0998 3
      vertex -4.49704 21.0998 3
      vertex -4.35608 21.2835 3
    endloop
  endfacet
  facet normal 0 0 1
    outer loop
      vertex -39.49 20.6947 3
      vertex -4.78248 20.6947 3
      vertex -4.65807 20.89 3
    endloop
  endfacet
  facet normal 0 0 1
    outer loop
      vertex -38.5961 17.8597 3
      vertex -5.67636 17.8597 3
      vertex -5.66482 18.1239 3
    endloop
  endfacet
  facet normal 0 0 1
    outer loop
      vertex -5.66482 -17.1327 3
      vertex -38.586 -17.6283 3
      vertex -5.67636 -17.397 3
    endloop
  endfacet
  facet normal 0 0 1
    outer loop
      vertex -5.67636 17.8597 3
      vertex -38.586 17.6283 3
      vertex -5.68646 17.6283 3
    endloop
  endfacet
  facet normal 0 0 1
    outer loop
      vertex -38.6077 18.1239 3
      vertex -5.66482 18.1239 3
      vertex -5.63029 18.3862 3
    endloop
  endfacet
  facet normal 0 0 1
    outer loop
      vertex -38.6422 18.3862 3
      vertex -5.63029 18.3862 3
      vertex -5.60007 18.6158 3
    endloop
  endfacet
  facet normal 0 0 1
    outer loop
      vertex -38.6724 18.6158 3
      vertex -5.60007 18.6158 3
      vertex -5.54281 18.874 3
    endloop
  endfacet
  facet normal 0 0 1
    outer loop
      vertex -38.7297 18.874 3
      vertex -5.54281 18.874 3
      vertex -5.4927 19.1001 3
    endloop
  endfacet
  facet normal 0 0 1
    outer loop
      vertex -38.7798 19.1001 3
      vertex -5.4927 19.1001 3
      vertex -5.41315 19.3524 3
    endloop
  endfacet
  facet normal 0 0 1
    outer loop
      vertex -38.8593 19.3524 3
      vertex -5.41315 19.3524 3
      vertex -5.34352 19.5732 3
    endloop
  endfacet
  facet normal 0 0 1
    outer loop
      vertex -38.929 19.5732 3
      vertex -5.34352 19.5732 3
      vertex -5.24229 19.8176 3
    endloop
  endfacet
  facet normal 0 0 1
    outer loop
      vertex -39.0302 19.8176 3
      vertex -5.24229 19.8176 3
      vertex -5.15368 20.0315 3
    endloop
  endfacet
  facet normal 0 0 1
    outer loop
      vertex -39.1188 20.0315 3
      vertex -5.15368 20.0315 3
      vertex -5.04677 20.2369 3
    endloop
  endfacet
  facet normal 0 0 1
    outer loop
      vertex -39.2257 20.2369 3
      vertex -5.04677 20.2369 3
      vertex -4.92462 20.4716 3
    endloop
  endfacet
  facet normal 0 0 1
    outer loop
      vertex -4.78248 20.6947 3
      vertex -39.3479 20.4716 3
      vertex -4.92462 20.4716 3
    endloop
  endfacet
  facet normal 0 0 1
    outer loop
      vertex -4.49704 21.0998 3
      vertex -39.6144 20.89 3
      vertex -4.65807 20.89 3
    endloop
  endfacet
  facet normal 0 0 1
    outer loop
      vertex -39.9164 21.2835 3
      vertex -4.35608 21.2835 3
      vertex -4.19965 21.4542 3
    endloop
  endfacet
  facet normal 0 0 1
    outer loop
      vertex -40.0728 21.4542 3
      vertex -4.19965 21.4542 3
      vertex -4.02093 21.6493 3
    endloop
  endfacet
  facet normal 0 0 1
    outer loop
      vertex -40.2516 21.6493 3
      vertex -4.02093 21.6493 3
      vertex -3.65518 21.9844 3
    endloop
  endfacet
  facet normal 0 0 1
    outer loop
      vertex -40.6173 21.9844 3
      vertex -3.65518 21.9844 3
      vertex -3.47149 22.1254 3
    endloop
  endfacet
  facet normal 0 0 1
    outer loop
      vertex -40.6173 21.9844 3
      vertex -3.47149 22.1254 3
      vertex -3.26162 22.2864 3
    endloop
  endfacet
  facet normal 0 0 1
    outer loop
      vertex -41.0109 22.2864 3
      vertex -3.26162 22.2864 3
      vertex -2.84323 22.5529 3
    endloop
  endfacet
  facet normal 0 0 1
    outer loop
      vertex -41.4293 22.5529 3
      vertex -2.84323 22.5529 3
      vertex -2.60859 22.6751 3
    endloop
  endfacet
  facet normal 0 0 1
    outer loop
      vertex -41.4293 22.5529 3
      vertex -2.60859 22.6751 3
      vertex -2.4032 22.782 3
    endloop
  endfacet
  facet normal 0 0 1
    outer loop
      vertex -41.8693 22.782 3
      vertex -2.4032 22.782 3
      vertex -2.18928 22.8706 3
    endloop
  endfacet
  facet normal 0 0 1
    outer loop
      vertex -41.8693 22.782 3
      vertex -2.18928 22.8706 3
      vertex -1.94488 22.9719 3
    endloop
  endfacet
  facet normal 0 0 1
    outer loop
      vertex -1.47176 23.121 3
      vertex -42.8007 23.121 3
      vertex -1.72405 23.0415 3
    endloop
  endfacet
  facet normal 0 0 1
    outer loop
      vertex -5.67636 17.8597 3
      vertex -38.5961 17.8597 3
      vertex -38.586 17.6283 3
    endloop
  endfacet
  facet normal 0 0 1
    outer loop
      vertex -5.66482 18.1239 3
      vertex -38.6077 18.1239 3
      vertex -38.5961 17.8597 3
    endloop
  endfacet
  facet normal 0 0 1
    outer loop
      vertex -5.63029 18.3862 3
      vertex -38.6422 18.3862 3
      vertex -38.6077 18.1239 3
    endloop
  endfacet
  facet normal 0 0 1
    outer loop
      vertex -5.60007 18.6158 3
      vertex -38.6724 18.6158 3
      vertex -38.6422 18.3862 3
    endloop
  endfacet
  facet normal 0 0 1
    outer loop
      vertex -5.54281 18.874 3
      vertex -38.7297 18.874 3
      vertex -38.6724 18.6158 3
    endloop
  endfacet
  facet normal 0 0 1
    outer loop
      vertex -5.4927 19.1001 3
      vertex -38.7798 19.1001 3
      vertex -38.7297 18.874 3
    endloop
  endfacet
  facet normal 0 0 1
    outer loop
      vertex -5.41315 19.3524 3
      vertex -38.8593 19.3524 3
      vertex -38.7798 19.1001 3
    endloop
  endfacet
  facet normal 0 0 1
    outer loop
      vertex -5.34352 19.5732 3
      vertex -38.929 19.5732 3
      vertex -38.8593 19.3524 3
    endloop
  endfacet
  facet normal 0 0 1
    outer loop
      vertex -5.24229 19.8176 3
      vertex -39.0302 19.8176 3
      vertex -38.929 19.5732 3
    endloop
  endfacet
  facet normal 0 0 1
    outer loop
      vertex -5.15368 20.0315 3
      vertex -39.1188 20.0315 3
      vertex -39.0302 19.8176 3
    endloop
  endfacet
  facet normal 0 0 1
    outer loop
      vertex -5.04677 20.2369 3
      vertex -39.2257 20.2369 3
      vertex -39.1188 20.0315 3
    endloop
  endfacet
  facet normal 0 0 1
    outer loop
      vertex -4.92462 20.4716 3
      vertex -39.3479 20.4716 3
      vertex -39.2257 20.2369 3
    endloop
  endfacet
  facet normal 0 0 1
    outer loop
      vertex -4.78248 20.6947 3
      vertex -39.49 20.6947 3
      vertex -39.3479 20.4716 3
    endloop
  endfacet
  facet normal 0 0 1
    outer loop
      vertex -4.65807 20.89 3
      vertex -39.6144 20.89 3
      vertex -39.49 20.6947 3
    endloop
  endfacet
  facet normal 0 0 1
    outer loop
      vertex -4.49704 21.0998 3
      vertex -39.7755 21.0998 3
      vertex -39.6144 20.89 3
    endloop
  endfacet
  facet normal 0 0 1
    outer loop
      vertex -4.35608 21.2835 3
      vertex -39.9164 21.2835 3
      vertex -39.7755 21.0998 3
    endloop
  endfacet
  facet normal 0 0 1
    outer loop
      vertex -4.19965 21.4542 3
      vertex -40.0728 21.4542 3
      vertex -39.9164 21.2835 3
    endloop
  endfacet
  facet normal 0 0 1
    outer loop
      vertex -4.02093 21.6493 3
      vertex -40.2516 21.6493 3
      vertex -40.0728 21.4542 3
    endloop
  endfacet
  facet normal 0 0 1
    outer loop
      vertex -3.65518 21.9844 3
      vertex -40.4466 21.828 3
      vertex -40.2516 21.6493 3
    endloop
  endfacet
  facet normal 0 0 1
    outer loop
      vertex -3.65518 21.9844 3
      vertex -40.6173 21.9844 3
      vertex -40.4466 21.828 3
    endloop
  endfacet
  facet normal 0 0 1
    outer loop
      vertex -3.26162 22.2864 3
      vertex -40.801 22.1254 3
      vertex -40.6173 21.9844 3
    endloop
  endfacet
  facet normal 0 0 1
    outer loop
      vertex -3.26162 22.2864 3
      vertex -41.0109 22.2864 3
      vertex -40.801 22.1254 3
    endloop
  endfacet
  facet normal 0 0 1
    outer loop
      vertex -2.84323 22.5529 3
      vertex -41.2062 22.4108 3
      vertex -41.0109 22.2864 3
    endloop
  endfacet
  facet normal 0 0 1
    outer loop
      vertex -2.84323 22.5529 3
      vertex -41.4293 22.5529 3
      vertex -41.2062 22.4108 3
    endloop
  endfacet
  facet normal 0 0 1
    outer loop
      vertex -2.4032 22.782 3
      vertex -41.6639 22.6751 3
      vertex -41.4293 22.5529 3
    endloop
  endfacet
  facet normal 0 0 1
    outer loop
      vertex -2.4032 22.782 3
      vertex -41.8693 22.782 3
      vertex -41.6639 22.6751 3
    endloop
  endfacet
  facet normal 0 0 1
    outer loop
      vertex -1.94488 22.9719 3
      vertex -42.0832 22.8706 3
      vertex -41.8693 22.782 3
    endloop
  endfacet
  facet normal 0 0 1
    outer loop
      vertex -1.94488 22.9719 3
      vertex -42.3276 22.9719 3
      vertex -42.0832 22.8706 3
    endloop
  endfacet
  facet normal 0 0 1
    outer loop
      vertex -1.72405 23.0415 3
      vertex -42.8007 23.121 3
      vertex -1.94488 22.9719 3
    endloop
  endfacet
  facet normal 0 0 1
    outer loop
      vertex -1.94488 22.9719 3
      vertex -42.5484 23.0415 3
      vertex -42.3276 22.9719 3
    endloop
  endfacet
  facet normal 0 0 1
    outer loop
      vertex -1.94488 22.9719 3
      vertex -42.8007 23.121 3
      vertex -42.5484 23.0415 3
    endloop
  endfacet
  facet normal 0 0 1
    outer loop
      vertex -42.8007 23.121 3
      vertex -101.113 65.385 3
      vertex -43.0268 23.1711 3
    endloop
  endfacet
  facet normal 0 0 1
    outer loop
      vertex -43.0268 23.1711 3
      vertex -101.113 65.385 3
      vertex -43.2851 23.2284 3
    endloop
  endfacet
  facet normal 0 0 1
    outer loop
      vertex -43.2851 23.2284 3
      vertex -101.113 65.385 3
      vertex -43.5146 23.2586 3
    endloop
  endfacet
  facet normal 0 0 1
    outer loop
      vertex -43.5146 23.2586 3
      vertex -101.113 65.385 3
      vertex -43.7769 23.2932 3
    endloop
  endfacet
  facet normal 0 0 1
    outer loop
      vertex -43.7769 23.2932 3
      vertex -101.113 65.385 3
      vertex -44.0412 23.3047 3
    endloop
  endfacet
  facet normal 0 0 1
    outer loop
      vertex -44.0412 23.3047 3
      vertex -101.113 65.385 3
      vertex -44.2725 23.3148 3
    endloop
  endfacet
  facet normal 0 0 1
    outer loop
      vertex -44.2725 23.3148 3
      vertex -101.113 65.385 3
      vertex -44.5038 23.3047 3
    endloop
  endfacet
  facet normal 0 0 1
    outer loop
      vertex -44.5038 23.3047 3
      vertex -101.113 65.385 3
      vertex -44.7681 23.2932 3
    endloop
  endfacet
  facet normal 0 0 1
    outer loop
      vertex -44.7681 23.2932 3
      vertex -101.113 65.385 3
      vertex -45.0304 23.2586 3
    endloop
  endfacet
  facet normal 0 0 1
    outer loop
      vertex -45.0304 23.2586 3
      vertex -101.113 65.385 3
      vertex -45.2599 23.2284 3
    endloop
  endfacet
  facet normal 0 0 1
    outer loop
      vertex -45.2599 23.2284 3
      vertex -101.113 65.385 3
      vertex -45.5182 23.1711 3
    endloop
  endfacet
  facet normal 0 0 -1
    outer loop
      vertex -45.7443 23.121 3
      vertex -46.2174 22.9719 3
      vertex -45.9966 23.0415 3
    endloop
  endfacet
  facet normal 0 0 -1
    outer loop
      vertex -46.6757 22.782 3
      vertex -47.1157 22.5529 3
      vertex -46.8811 22.6751 3
    endloop
  endfacet
  facet normal 0 0 -1
    outer loop
      vertex -47.1157 22.5529 3
      vertex -47.5341 22.2864 3
      vertex -47.3388 22.4108 3
    endloop
  endfacet
  facet normal 0 0 1
    outer loop
      vertex -48.2934 21.6493 3
      vertex -48.6286 21.2835 3
      vertex -48.4721 21.4542 3
    endloop
  endfacet
  facet normal 0 0 1
    outer loop
      vertex -48.6286 21.2835 3
      vertex -48.9306 20.89 3
      vertex -48.7695 21.0998 3
    endloop
  endfacet
  facet normal 0 0 -1
    outer loop
      vertex -49.1971 20.4716 3
      vertex -49.4262 20.0315 3
      vertex -49.3193 20.2369 3
    endloop
  endfacet
  facet normal 0 0 -1
    outer loop
      vertex -49.4262 20.0315 3
      vertex -49.616 19.5732 3
      vertex -49.5148 19.8176 3
    endloop
  endfacet
  facet normal 0 0 1
    outer loop
      vertex -49.616 19.5732 3
      vertex -49.7652 19.1001 3
      vertex -49.6856 19.3524 3
    endloop
  endfacet
  facet normal 0 0 1
    outer loop
      vertex -49.7652 19.1001 3
      vertex -49.8726 18.6158 3
      vertex -49.8153 18.874 3
    endloop
  endfacet
  facet normal 0 0 -1
    outer loop
      vertex -49.8726 18.6158 3
      vertex -49.9373 18.1239 3
      vertex -49.9028 18.3862 3
    endloop
  endfacet
  facet normal 0 0 1
    outer loop
      vertex -49.9489 -17.397 3
      vertex -102.545 -61.885 3
      vertex -49.959 -17.6283 3
    endloop
  endfacet
  facet normal 0 0 1
    outer loop
      vertex -102.545 61.885 3
      vertex -49.959 17.6283 3
      vertex -49.9489 17.8597 3
    endloop
  endfacet
  facet normal 0 0 1
    outer loop
      vertex -102.545 61.885 3
      vertex -49.9489 17.8597 3
      vertex -49.9373 18.1239 3
    endloop
  endfacet
  facet normal 0 0 1
    outer loop
      vertex -102.545 61.885 3
      vertex -49.9373 18.1239 3
      vertex -49.8726 18.6158 3
    endloop
  endfacet
  facet normal 0 0 1
    outer loop
      vertex -102.545 61.885 3
      vertex -49.8726 18.6158 3
      vertex -49.7652 19.1001 3
    endloop
  endfacet
  facet normal 0 0 1
    outer loop
      vertex -102.545 61.885 3
      vertex -49.7652 19.1001 3
      vertex -49.616 19.5732 3
    endloop
  endfacet
  facet normal 0 0 1
    outer loop
      vertex -102.545 61.885 3
      vertex -49.616 19.5732 3
      vertex -49.4262 20.0315 3
    endloop
  endfacet
  facet normal 0 0 1
    outer loop
      vertex -102.545 61.885 3
      vertex -49.4262 20.0315 3
      vertex -49.1971 20.4716 3
    endloop
  endfacet
  facet normal 0 0 1
    outer loop
      vertex -49.959 -17.6283 3
      vertex -99.545 -62.385 3
      vertex -97.545 -66.885 3
    endloop
  endfacet
  facet normal -0 0 1
    outer loop
      vertex -99.545 -65.385 3
      vertex -97.545 -66.885 3
      vertex -99.545 -62.385 3
    endloop
  endfacet
  facet normal 0 0 1
    outer loop
      vertex -97.545 -66.885 3
      vertex -99.545 -65.385 3
      vertex -97.9808 -66.866 3
    endloop
  endfacet
  facet normal 0 0 1
    outer loop
      vertex -97.9808 -66.866 3
      vertex -99.545 -65.385 3
      vertex -98.4132 -66.809 3
    endloop
  endfacet
  facet normal 0 0 1
    outer loop
      vertex -98.4132 -66.809 3
      vertex -99.545 -65.385 3
      vertex -98.8391 -66.7146 3
    endloop
  endfacet
  facet normal 0 0 1
    outer loop
      vertex -45.5182 23.1711 3
      vertex -101.113 65.385 3
      vertex -45.7443 23.121 3
    endloop
  endfacet
  facet normal 0 0 1
    outer loop
      vertex -101.113 65.385 3
      vertex -46.2174 22.9719 3
      vertex -45.7443 23.121 3
    endloop
  endfacet
  facet normal 0 0 1
    outer loop
      vertex -101.113 65.385 3
      vertex -46.4618 22.8706 3
      vertex -46.2174 22.9719 3
    endloop
  endfacet
  facet normal 0 0 1
    outer loop
      vertex -101.113 65.385 3
      vertex -46.6757 22.782 3
      vertex -46.4618 22.8706 3
    endloop
  endfacet
  facet normal 0 0 1
    outer loop
      vertex -101.113 65.385 3
      vertex -47.1157 22.5529 3
      vertex -46.6757 22.782 3
    endloop
  endfacet
  facet normal 0 0 1
    outer loop
      vertex -101.113 65.385 3
      vertex -47.5341 22.2864 3
      vertex -47.1157 22.5529 3
    endloop
  endfacet
  facet normal 0 0 1
    outer loop
      vertex -101.113 65.385 3
      vertex -47.744 22.1254 3
      vertex -47.5341 22.2864 3
    endloop
  endfacet
  facet normal 0 0 1
    outer loop
      vertex -101.113 65.385 3
      vertex -47.9277 21.9844 3
      vertex -47.744 22.1254 3
    endloop
  endfacet
  facet normal -0 0 1
    outer loop
      vertex -102.545 61.885 3
      vertex -47.9277 21.9844 3
      vertex -101.113 65.385 3
    endloop
  endfacet
  facet normal 0 0 1
    outer loop
      vertex -47.9277 21.9844 3
      vertex -102.545 61.885 3
      vertex -48.0984 21.828 3
    endloop
  endfacet
  facet normal 0 0 1
    outer loop
      vertex -48.0984 21.828 3
      vertex -102.545 61.885 3
      vertex -48.2934 21.6493 3
    endloop
  endfacet
  facet normal 0 0 1
    outer loop
      vertex -48.2934 21.6493 3
      vertex -102.545 61.885 3
      vertex -48.6286 21.2835 3
    endloop
  endfacet
  facet normal 0 0 1
    outer loop
      vertex -48.6286 21.2835 3
      vertex -102.545 61.885 3
      vertex -48.9306 20.89 3
    endloop
  endfacet
  facet normal 0 0 1
    outer loop
      vertex -48.9306 20.89 3
      vertex -102.545 61.885 3
      vertex -49.055 20.6947 3
    endloop
  endfacet
  facet normal 0 0 1
    outer loop
      vertex -49.055 20.6947 3
      vertex -102.545 61.885 3
      vertex -49.1971 20.4716 3
    endloop
  endfacet
  facet normal 0 0 1
    outer loop
      vertex -102.545 61.885 3
      vertex -101.113 65.385 3
      vertex -101.375 65.0989 3
    endloop
  endfacet
  facet normal 0 0 1
    outer loop
      vertex -102.545 61.885 3
      vertex -101.375 65.0989 3
      vertex -101.641 64.7529 3
    endloop
  endfacet
  facet normal 0 0 1
    outer loop
      vertex -102.545 61.885 3
      vertex -101.641 64.7529 3
      vertex -101.875 64.385 3
    endloop
  endfacet
  facet normal 0 0 1
    outer loop
      vertex -102.545 61.885 3
      vertex -101.875 64.385 3
      vertex -102.077 63.9981 3
    endloop
  endfacet
  facet normal 0 0 1
    outer loop
      vertex -102.545 61.885 3
      vertex -102.077 63.9981 3
      vertex -102.243 63.5951 3
    endloop
  endfacet
  facet normal 0 0 1
    outer loop
      vertex -102.545 61.885 3
      vertex -102.243 63.5951 3
      vertex -102.375 63.1791 3
    endloop
  endfacet
  facet normal 0 0 1
    outer loop
      vertex -102.545 61.885 3
      vertex -102.375 63.1791 3
      vertex -102.469 62.7532 3
    endloop
  endfacet
  facet normal 0 0 1
    outer loop
      vertex -49.7652 16.1566 3
      vertex -102.545 61.885 3
      vertex -102.545 -61.885 3
    endloop
  endfacet
  facet normal 0 0 1
    outer loop
      vertex -102.545 61.885 3
      vertex -102.469 62.7532 3
      vertex -102.526 62.3208 3
    endloop
  endfacet
  facet normal 0 0 1
    outer loop
      vertex -49.959 -17.6283 3
      vertex -102.545 -61.885 3
      vertex -99.545 -62.385 3
    endloop
  endfacet
  facet normal -0 -0 1
    outer loop
      vertex -102.526 -62.3208 3
      vertex -99.545 -62.385 3
      vertex -102.545 -61.885 3
    endloop
  endfacet
  facet normal 0 0 1
    outer loop
      vertex -99.545 -62.385 3
      vertex -102.526 -62.3208 3
      vertex -102.518 -62.385 3
    endloop
  endfacet
  facet normal -0 0 1
    outer loop
      vertex 99.545 -65.385 3
      vertex 101.081 -65.4205 3
      vertex 101.113 -65.385 3
    endloop
  endfacet
  facet normal 0 0 1
    outer loop
      vertex 101.081 -65.4205 3
      vertex 99.545 -65.385 3
      vertex 100.759 -65.7152 3
    endloop
  endfacet
  facet normal 0 0 1
    outer loop
      vertex 100.759 -65.7152 3
      vertex 99.545 -65.385 3
      vertex 100.413 -65.9808 3
    endloop
  endfacet
  facet normal 0 0 1
    outer loop
      vertex 100.413 -65.9808 3
      vertex 99.545 -65.385 3
      vertex 100.045 -66.2151 3
    endloop
  endfacet
  facet normal 0 0 1
    outer loop
      vertex 100.045 -66.2151 3
      vertex 99.545 -65.385 3
      vertex 99.6581 -66.4165 3
    endloop
  endfacet
  facet normal 0 0 1
    outer loop
      vertex 99.6581 -66.4165 3
      vertex 99.545 -65.385 3
      vertex 99.2551 -66.5835 3
    endloop
  endfacet
  facet normal 0 0 1
    outer loop
      vertex 99.545 -65.385 3
      vertex 98.8391 -66.7146 3
      vertex 99.2551 -66.5835 3
    endloop
  endfacet
  facet normal 0 0 1
    outer loop
      vertex 99.545 -65.385 3
      vertex 98.4132 -66.809 3
      vertex 98.8391 -66.7146 3
    endloop
  endfacet
  facet normal 0 0 1
    outer loop
      vertex 99.545 -65.385 3
      vertex 97.9808 -66.866 3
      vertex 98.4132 -66.809 3
    endloop
  endfacet
  facet normal -0 0 1
    outer loop
      vertex 49.8153 -18.874 3
      vertex 99.545 -62.385 3
      vertex 49.8726 -18.6158 3
    endloop
  endfacet
  facet normal 0 0 1
    outer loop
      vertex 99.545 -65.385 3
      vertex 97.545 -66.885 3
      vertex 97.9808 -66.866 3
    endloop
  endfacet
  facet normal -0 0 1
    outer loop
      vertex 49.7652 -19.1001 3
      vertex 99.545 -62.385 3
      vertex 49.8153 -18.874 3
    endloop
  endfacet
  facet normal -0 0 1
    outer loop
      vertex 49.6856 -19.3524 3
      vertex 99.545 -62.385 3
      vertex 49.7652 -19.1001 3
    endloop
  endfacet
  facet normal -0 0 1
    outer loop
      vertex 49.616 -19.5732 3
      vertex 99.545 -62.385 3
      vertex 49.6856 -19.3524 3
    endloop
  endfacet
  facet normal -0 0 1
    outer loop
      vertex 49.5148 -19.8176 3
      vertex 99.545 -62.385 3
      vertex 49.616 -19.5732 3
    endloop
  endfacet
  facet normal -0 0 1
    outer loop
      vertex 49.4262 -20.0315 3
      vertex 99.545 -62.385 3
      vertex 49.5148 -19.8176 3
    endloop
  endfacet
  facet normal -0 0 1
    outer loop
      vertex 49.3193 -20.2369 3
      vertex 99.545 -62.385 3
      vertex 49.4262 -20.0315 3
    endloop
  endfacet
  facet normal -0 0 1
    outer loop
      vertex 49.1971 -20.4716 3
      vertex 99.545 -62.385 3
      vertex 49.3193 -20.2369 3
    endloop
  endfacet
  facet normal -0 0 1
    outer loop
      vertex 49.055 -20.6947 3
      vertex 99.545 -62.385 3
      vertex 49.1971 -20.4716 3
    endloop
  endfacet
  facet normal -0 0 1
    outer loop
      vertex 48.9306 -20.89 3
      vertex 99.545 -62.385 3
      vertex 49.055 -20.6947 3
    endloop
  endfacet
  facet normal -0 0 1
    outer loop
      vertex 48.7695 -21.0998 3
      vertex 99.545 -62.385 3
      vertex 48.9306 -20.89 3
    endloop
  endfacet
  facet normal -0 0 1
    outer loop
      vertex 48.6286 -21.2835 3
      vertex 99.545 -62.385 3
      vertex 48.7695 -21.0998 3
    endloop
  endfacet
  facet normal -0 0 1
    outer loop
      vertex 48.4721 -21.4542 3
      vertex 99.545 -62.385 3
      vertex 48.6286 -21.2835 3
    endloop
  endfacet
  facet normal -0 0 1
    outer loop
      vertex 48.2934 -21.6493 3
      vertex 99.545 -62.385 3
      vertex 48.4721 -21.4542 3
    endloop
  endfacet
  facet normal -0 0 1
    outer loop
      vertex 48.0984 -21.828 3
      vertex 99.545 -62.385 3
      vertex 48.2934 -21.6493 3
    endloop
  endfacet
  facet normal -0 0 1
    outer loop
      vertex 47.9277 -21.9844 3
      vertex 99.545 -62.385 3
      vertex 48.0984 -21.828 3
    endloop
  endfacet
  facet normal -0 0 1
    outer loop
      vertex 47.744 -22.1254 3
      vertex 99.545 -62.385 3
      vertex 47.9277 -21.9844 3
    endloop
  endfacet
  facet normal -0 0 1
    outer loop
      vertex 47.5341 -22.2864 3
      vertex 99.545 -62.385 3
      vertex 47.744 -22.1254 3
    endloop
  endfacet
  facet normal 0 0 1
    outer loop
      vertex 99.545 -62.385 3
      vertex 47.5341 -22.2864 3
      vertex 97.545 -66.885 3
    endloop
  endfacet
  facet normal -0 0 1
    outer loop
      vertex 47.3388 -22.4108 3
      vertex 97.545 -66.885 3
      vertex 47.5341 -22.2864 3
    endloop
  endfacet
  facet normal -0 0 1
    outer loop
      vertex 47.1157 -22.5529 3
      vertex 97.545 -66.885 3
      vertex 47.3388 -22.4108 3
    endloop
  endfacet
  facet normal -0 0 1
    outer loop
      vertex 46.8811 -22.6751 3
      vertex 97.545 -66.885 3
      vertex 47.1157 -22.5529 3
    endloop
  endfacet
  facet normal -0 0 1
    outer loop
      vertex 46.6757 -22.782 3
      vertex 97.545 -66.885 3
      vertex 46.8811 -22.6751 3
    endloop
  endfacet
  facet normal -0 0 1
    outer loop
      vertex 46.4618 -22.8706 3
      vertex 97.545 -66.885 3
      vertex 46.6757 -22.782 3
    endloop
  endfacet
  facet normal -0 0 1
    outer loop
      vertex 46.2174 -22.9719 3
      vertex 97.545 -66.885 3
      vertex 46.4618 -22.8706 3
    endloop
  endfacet
  facet normal -0 0 1
    outer loop
      vertex 45.9966 -23.0415 3
      vertex 97.545 -66.885 3
      vertex 46.2174 -22.9719 3
    endloop
  endfacet
  facet normal -0 0 1
    outer loop
      vertex 45.7443 -23.121 3
      vertex 97.545 -66.885 3
      vertex 45.9966 -23.0415 3
    endloop
  endfacet
  facet normal -0 0 1
    outer loop
      vertex 45.5182 -23.1711 3
      vertex 97.545 -66.885 3
      vertex 45.7443 -23.121 3
    endloop
  endfacet
  facet normal -0 0 1
    outer loop
      vertex 45.2599 -23.2284 3
      vertex 97.545 -66.885 3
      vertex 45.5182 -23.1711 3
    endloop
  endfacet
  facet normal -0 0 1
    outer loop
      vertex 45.0304 -23.2586 3
      vertex 97.545 -66.885 3
      vertex 45.2599 -23.2284 3
    endloop
  endfacet
  facet normal -0 0 1
    outer loop
      vertex 44.7681 -23.2932 3
      vertex 97.545 -66.885 3
      vertex 45.0304 -23.2586 3
    endloop
  endfacet
  facet normal -0 0 1
    outer loop
      vertex 44.5038 -23.3047 3
      vertex 97.545 -66.885 3
      vertex 44.7681 -23.2932 3
    endloop
  endfacet
  facet normal -0 0 1
    outer loop
      vertex 44.2725 -23.3148 3
      vertex 97.545 -66.885 3
      vertex 44.5038 -23.3047 3
    endloop
  endfacet
  facet normal 0 0 1
    outer loop
      vertex 44.0412 -23.3047 3
      vertex 97.545 -66.885 3
      vertex 44.2725 -23.3148 3
    endloop
  endfacet
  facet normal 0 0 1
    outer loop
      vertex 43.7769 -23.2932 3
      vertex 97.545 -66.885 3
      vertex 44.0412 -23.3047 3
    endloop
  endfacet
  facet normal 0 0 1
    outer loop
      vertex 43.5146 -23.2586 3
      vertex 97.545 -66.885 3
      vertex 43.7769 -23.2932 3
    endloop
  endfacet
  facet normal 0 0 1
    outer loop
      vertex 43.2851 -23.2284 3
      vertex 97.545 -66.885 3
      vertex 43.5146 -23.2586 3
    endloop
  endfacet
  facet normal 0 0 1
    outer loop
      vertex 43.0268 -23.1711 3
      vertex 97.545 -66.885 3
      vertex 43.2851 -23.2284 3
    endloop
  endfacet
  facet normal 0 0 1
    outer loop
      vertex 42.8007 -23.121 3
      vertex 97.545 -66.885 3
      vertex 43.0268 -23.1711 3
    endloop
  endfacet
  facet normal 0 0 1
    outer loop
      vertex 1.47176 -23.121 3
      vertex 42.8007 -23.121 3
      vertex 42.5484 -23.0415 3
    endloop
  endfacet
  facet normal 0 0 1
    outer loop
      vertex 1.47176 -23.121 3
      vertex 42.5484 -23.0415 3
      vertex 42.3276 -22.9719 3
    endloop
  endfacet
  facet normal 0 0 1
    outer loop
      vertex 1.94488 -22.9719 3
      vertex 42.3276 -22.9719 3
      vertex 42.0832 -22.8706 3
    endloop
  endfacet
  facet normal 0 0 1
    outer loop
      vertex 1.94488 -22.9719 3
      vertex 42.0832 -22.8706 3
      vertex 41.8693 -22.782 3
    endloop
  endfacet
  facet normal 0 0 1
    outer loop
      vertex 2.4032 -22.782 3
      vertex 41.8693 -22.782 3
      vertex 41.6639 -22.6751 3
    endloop
  endfacet
  facet normal 0 0 1
    outer loop
      vertex 2.4032 -22.782 3
      vertex 41.6639 -22.6751 3
      vertex 41.4293 -22.5529 3
    endloop
  endfacet
  facet normal 0 0 1
    outer loop
      vertex 2.84323 -22.5529 3
      vertex 41.4293 -22.5529 3
      vertex 41.2062 -22.4108 3
    endloop
  endfacet
  facet normal 0 0 1
    outer loop
      vertex 2.84323 -22.5529 3
      vertex 41.2062 -22.4108 3
      vertex 41.0109 -22.2864 3
    endloop
  endfacet
  facet normal 0 0 1
    outer loop
      vertex 3.26162 -22.2864 3
      vertex 41.0109 -22.2864 3
      vertex 40.801 -22.1254 3
    endloop
  endfacet
  facet normal 0 0 1
    outer loop
      vertex 3.26162 -22.2864 3
      vertex 40.801 -22.1254 3
      vertex 40.6173 -21.9844 3
    endloop
  endfacet
  facet normal -0 0 1
    outer loop
      vertex 4.65807 -20.89 3
      vertex 39.7755 -21.0998 3
      vertex 39.6144 -20.89 3
    endloop
  endfacet
  facet normal -0 0 1
    outer loop
      vertex 4.92462 -20.4716 3
      vertex 39.49 -20.6947 3
      vertex 39.3479 -20.4716 3
    endloop
  endfacet
  facet normal -0 0 1
    outer loop
      vertex 5.68646 -17.6283 3
      vertex 38.5961 -17.8597 3
      vertex 38.586 -17.6283 3
    endloop
  endfacet
  facet normal 0 0 1
    outer loop
      vertex 38.5961 -17.397 3
      vertex 5.68646 -17.6283 3
      vertex 38.586 -17.6283 3
    endloop
  endfacet
  facet normal 0 0 1
    outer loop
      vertex 5.67636 -17.8597 3
      vertex 38.5961 -17.8597 3
      vertex 5.68646 -17.6283 3
    endloop
  endfacet
  facet normal 0 0 1
    outer loop
      vertex 38.5961 -17.8597 3
      vertex 5.67636 -17.8597 3
      vertex 38.6077 -18.1239 3
    endloop
  endfacet
  facet normal 0 0 1
    outer loop
      vertex 5.66482 -18.1239 3
      vertex 38.6077 -18.1239 3
      vertex 5.67636 -17.8597 3
    endloop
  endfacet
  facet normal 0 0 1
    outer loop
      vertex 38.6077 -18.1239 3
      vertex 5.66482 -18.1239 3
      vertex 38.6422 -18.3862 3
    endloop
  endfacet
  facet normal 0 0 1
    outer loop
      vertex 5.63029 -18.3862 3
      vertex 38.6422 -18.3862 3
      vertex 5.66482 -18.1239 3
    endloop
  endfacet
  facet normal 0 0 1
    outer loop
      vertex 38.6422 -18.3862 3
      vertex 5.63029 -18.3862 3
      vertex 38.6724 -18.6158 3
    endloop
  endfacet
  facet normal 0 0 1
    outer loop
      vertex 5.60007 -18.6158 3
      vertex 38.6724 -18.6158 3
      vertex 5.63029 -18.3862 3
    endloop
  endfacet
  facet normal 0 0 1
    outer loop
      vertex 38.6724 -18.6158 3
      vertex 5.60007 -18.6158 3
      vertex 38.7297 -18.874 3
    endloop
  endfacet
  facet normal 0 0 1
    outer loop
      vertex 5.54281 -18.874 3
      vertex 38.7297 -18.874 3
      vertex 5.60007 -18.6158 3
    endloop
  endfacet
  facet normal 0 0 1
    outer loop
      vertex 38.7297 -18.874 3
      vertex 5.54281 -18.874 3
      vertex 38.7798 -19.1001 3
    endloop
  endfacet
  facet normal 0 0 1
    outer loop
      vertex 5.4927 -19.1001 3
      vertex 38.7798 -19.1001 3
      vertex 5.54281 -18.874 3
    endloop
  endfacet
  facet normal 0 0 1
    outer loop
      vertex 38.7798 -19.1001 3
      vertex 5.4927 -19.1001 3
      vertex 38.8593 -19.3524 3
    endloop
  endfacet
  facet normal 0 0 1
    outer loop
      vertex 5.41315 -19.3524 3
      vertex 38.8593 -19.3524 3
      vertex 5.4927 -19.1001 3
    endloop
  endfacet
  facet normal 0 0 1
    outer loop
      vertex 38.8593 -19.3524 3
      vertex 5.41315 -19.3524 3
      vertex 38.929 -19.5732 3
    endloop
  endfacet
  facet normal 0 0 1
    outer loop
      vertex 5.34352 -19.5732 3
      vertex 38.929 -19.5732 3
      vertex 5.41315 -19.3524 3
    endloop
  endfacet
  facet normal 0 0 1
    outer loop
      vertex 38.929 -19.5732 3
      vertex 5.34352 -19.5732 3
      vertex 39.0302 -19.8176 3
    endloop
  endfacet
  facet normal 0 0 1
    outer loop
      vertex 5.24229 -19.8176 3
      vertex 39.0302 -19.8176 3
      vertex 5.34352 -19.5732 3
    endloop
  endfacet
  facet normal 0 0 1
    outer loop
      vertex 39.0302 -19.8176 3
      vertex 5.24229 -19.8176 3
      vertex 39.1188 -20.0315 3
    endloop
  endfacet
  facet normal 0 0 1
    outer loop
      vertex 5.15368 -20.0315 3
      vertex 39.1188 -20.0315 3
      vertex 5.24229 -19.8176 3
    endloop
  endfacet
  facet normal 0 0 1
    outer loop
      vertex 39.1188 -20.0315 3
      vertex 5.15368 -20.0315 3
      vertex 39.2257 -20.2369 3
    endloop
  endfacet
  facet normal 0 0 1
    outer loop
      vertex 5.04677 -20.2369 3
      vertex 39.2257 -20.2369 3
      vertex 5.15368 -20.0315 3
    endloop
  endfacet
  facet normal 0 0 1
    outer loop
      vertex 39.2257 -20.2369 3
      vertex 5.04677 -20.2369 3
      vertex 39.3479 -20.4716 3
    endloop
  endfacet
  facet normal 0 0 1
    outer loop
      vertex 4.92462 -20.4716 3
      vertex 39.3479 -20.4716 3
      vertex 5.04677 -20.2369 3
    endloop
  endfacet
  facet normal 0 0 1
    outer loop
      vertex 4.78248 -20.6947 3
      vertex 39.49 -20.6947 3
      vertex 4.92462 -20.4716 3
    endloop
  endfacet
  facet normal 0 0 1
    outer loop
      vertex 39.49 -20.6947 3
      vertex 4.78248 -20.6947 3
      vertex 39.6144 -20.89 3
    endloop
  endfacet
  facet normal 0 0 1
    outer loop
      vertex 4.65807 -20.89 3
      vertex 39.6144 -20.89 3
      vertex 4.78248 -20.6947 3
    endloop
  endfacet
  facet normal 0 0 1
    outer loop
      vertex 4.49704 -21.0998 3
      vertex 39.7755 -21.0998 3
      vertex 4.65807 -20.89 3
    endloop
  endfacet
  facet normal 0 0 1
    outer loop
      vertex 39.7755 -21.0998 3
      vertex 4.49704 -21.0998 3
      vertex 39.9164 -21.2835 3
    endloop
  endfacet
  facet normal 0 0 1
    outer loop
      vertex 4.35608 -21.2835 3
      vertex 39.9164 -21.2835 3
      vertex 4.49704 -21.0998 3
    endloop
  endfacet
  facet normal 0 0 1
    outer loop
      vertex 39.9164 -21.2835 3
      vertex 4.35608 -21.2835 3
      vertex 40.0728 -21.4542 3
    endloop
  endfacet
  facet normal 0 0 1
    outer loop
      vertex 4.19965 -21.4542 3
      vertex 40.0728 -21.4542 3
      vertex 4.35608 -21.2835 3
    endloop
  endfacet
  facet normal 0 0 1
    outer loop
      vertex 40.0728 -21.4542 3
      vertex 4.19965 -21.4542 3
      vertex 40.2516 -21.6493 3
    endloop
  endfacet
  facet normal 0 0 1
    outer loop
      vertex 4.02093 -21.6493 3
      vertex 40.2516 -21.6493 3
      vertex 4.19965 -21.4542 3
    endloop
  endfacet
  facet normal 0 0 1
    outer loop
      vertex 40.2516 -21.6493 3
      vertex 4.02093 -21.6493 3
      vertex 40.4466 -21.828 3
    endloop
  endfacet
  facet normal 0 0 1
    outer loop
      vertex 40.4466 -21.828 3
      vertex 4.02093 -21.6493 3
      vertex 40.6173 -21.9844 3
    endloop
  endfacet
  facet normal -0 0 1
    outer loop
      vertex 3.8259 -21.828 3
      vertex 40.6173 -21.9844 3
      vertex 4.02093 -21.6493 3
    endloop
  endfacet
  facet normal 0 0 1
    outer loop
      vertex 3.65518 -21.9844 3
      vertex 40.6173 -21.9844 3
      vertex 3.8259 -21.828 3
    endloop
  endfacet
  facet normal 0 0 1
    outer loop
      vertex 3.47149 -22.1254 3
      vertex 40.6173 -21.9844 3
      vertex 3.65518 -21.9844 3
    endloop
  endfacet
  facet normal 0 0 1
    outer loop
      vertex 3.26162 -22.2864 3
      vertex 40.6173 -21.9844 3
      vertex 3.47149 -22.1254 3
    endloop
  endfacet
  facet normal 0 0 1
    outer loop
      vertex 41.0109 -22.2864 3
      vertex 3.26162 -22.2864 3
      vertex 3.06633 -22.4108 3
    endloop
  endfacet
  facet normal 0 0 1
    outer loop
      vertex 41.0109 -22.2864 3
      vertex 3.06633 -22.4108 3
      vertex 2.84323 -22.5529 3
    endloop
  endfacet
  facet normal 0 0 1
    outer loop
      vertex 41.4293 -22.5529 3
      vertex 2.84323 -22.5529 3
      vertex 2.60859 -22.6751 3
    endloop
  endfacet
  facet normal 0 0 1
    outer loop
      vertex 41.4293 -22.5529 3
      vertex 2.60859 -22.6751 3
      vertex 2.4032 -22.782 3
    endloop
  endfacet
  facet normal 0 0 1
    outer loop
      vertex 41.8693 -22.782 3
      vertex 2.4032 -22.782 3
      vertex 2.18928 -22.8706 3
    endloop
  endfacet
  facet normal 0 0 1
    outer loop
      vertex 41.8693 -22.782 3
      vertex 2.18928 -22.8706 3
      vertex 1.94488 -22.9719 3
    endloop
  endfacet
  facet normal 0 0 1
    outer loop
      vertex 42.3276 -22.9719 3
      vertex 1.94488 -22.9719 3
      vertex 1.72405 -23.0415 3
    endloop
  endfacet
  facet normal 0 0 1
    outer loop
      vertex 42.3276 -22.9719 3
      vertex 1.72405 -23.0415 3
      vertex 1.47176 -23.121 3
    endloop
  endfacet
  facet normal 0 0 1
    outer loop
      vertex 42.8007 -23.121 3
      vertex 1.47176 -23.121 3
      vertex 97.545 -66.885 3
    endloop
  endfacet
  facet normal -0 0 1
    outer loop
      vertex 1.24571 -23.1711 3
      vertex 97.545 -66.885 3
      vertex 1.47176 -23.121 3
    endloop
  endfacet
  facet normal -0 0 1
    outer loop
      vertex 0.987442 -23.2284 3
      vertex 97.545 -66.885 3
      vertex 1.24571 -23.1711 3
    endloop
  endfacet
  facet normal -0 0 1
    outer loop
      vertex 0.757877 -23.2586 3
      vertex 97.545 -66.885 3
      vertex 0.987442 -23.2284 3
    endloop
  endfacet
  facet normal -0 0 1
    outer loop
      vertex 0.495607 -23.2932 3
      vertex 97.545 -66.885 3
      vertex 0.757877 -23.2586 3
    endloop
  endfacet
  facet normal -0 0 1
    outer loop
      vertex 0.231326 -23.3047 3
      vertex 97.545 -66.885 3
      vertex 0.495607 -23.2932 3
    endloop
  endfacet
  facet normal -0 0 1
    outer loop
      vertex 0 -23.3148 3
      vertex 97.545 -66.885 3
      vertex 0.231326 -23.3047 3
    endloop
  endfacet
  facet normal 0 0 1
    outer loop
      vertex -97.545 -66.885 3
      vertex 0 -23.3148 3
      vertex -0.231326 -23.3047 3
    endloop
  endfacet
  facet normal 0 0 1
    outer loop
      vertex -97.545 -66.885 3
      vertex -0.231326 -23.3047 3
      vertex -0.495607 -23.2932 3
    endloop
  endfacet
  facet normal 0 0 1
    outer loop
      vertex -97.545 -66.885 3
      vertex -0.495607 -23.2932 3
      vertex -0.757877 -23.2586 3
    endloop
  endfacet
  facet normal 0 0 1
    outer loop
      vertex -97.545 -66.885 3
      vertex -0.757877 -23.2586 3
      vertex -0.987442 -23.2284 3
    endloop
  endfacet
  facet normal 0 0 1
    outer loop
      vertex -97.545 -66.885 3
      vertex -0.987442 -23.2284 3
      vertex -1.24571 -23.1711 3
    endloop
  endfacet
  facet normal 0 0 1
    outer loop
      vertex -97.545 -66.885 3
      vertex -1.24571 -23.1711 3
      vertex -1.47176 -23.121 3
    endloop
  endfacet
  facet normal 0 0 1
    outer loop
      vertex -42.8007 -23.121 3
      vertex -1.47176 -23.121 3
      vertex -1.72405 -23.0415 3
    endloop
  endfacet
  facet normal 0 0 1
    outer loop
      vertex -42.8007 -23.121 3
      vertex -1.72405 -23.0415 3
      vertex -1.94488 -22.9719 3
    endloop
  endfacet
  facet normal 0 0 1
    outer loop
      vertex -42.3276 -22.9719 3
      vertex -1.94488 -22.9719 3
      vertex -2.18928 -22.8706 3
    endloop
  endfacet
  facet normal 0 0 1
    outer loop
      vertex -42.3276 -22.9719 3
      vertex -2.18928 -22.8706 3
      vertex -2.4032 -22.782 3
    endloop
  endfacet
  facet normal 0 0 -1
    outer loop
      vertex -3.26162 -22.2864 3
      vertex -2.84323 -22.5529 3
      vertex -3.06633 -22.4108 3
    endloop
  endfacet
  facet normal 0 0 -1
    outer loop
      vertex -4.02093 -21.6493 3
      vertex -3.65518 -21.9844 3
      vertex -3.8259 -21.828 3
    endloop
  endfacet
  facet normal -0 0 1
    outer loop
      vertex -39.6144 -20.89 3
      vertex -4.49704 -21.0998 3
      vertex -4.65807 -20.89 3
    endloop
  endfacet
  facet normal -0 0 1
    outer loop
      vertex -39.3479 -20.4716 3
      vertex -4.78248 -20.6947 3
      vertex -4.92462 -20.4716 3
    endloop
  endfacet
  facet normal -0 0 1
    outer loop
      vertex -38.586 -17.6283 3
      vertex -5.67636 -17.8597 3
      vertex -5.68646 -17.6283 3
    endloop
  endfacet
  facet normal 0 0 1
    outer loop
      vertex -5.67636 -17.397 3
      vertex -38.586 -17.6283 3
      vertex -5.68646 -17.6283 3
    endloop
  endfacet
  facet normal 0 0 1
    outer loop
      vertex -38.5961 -17.8597 3
      vertex -5.67636 -17.8597 3
      vertex -38.586 -17.6283 3
    endloop
  endfacet
  facet normal 0 0 1
    outer loop
      vertex -5.67636 -17.8597 3
      vertex -38.5961 -17.8597 3
      vertex -5.66482 -18.1239 3
    endloop
  endfacet
  facet normal 0 0 1
    outer loop
      vertex -38.6077 -18.1239 3
      vertex -5.66482 -18.1239 3
      vertex -38.5961 -17.8597 3
    endloop
  endfacet
  facet normal 0 0 1
    outer loop
      vertex -5.66482 -18.1239 3
      vertex -38.6077 -18.1239 3
      vertex -5.63029 -18.3862 3
    endloop
  endfacet
  facet normal 0 0 1
    outer loop
      vertex -38.6422 -18.3862 3
      vertex -5.63029 -18.3862 3
      vertex -38.6077 -18.1239 3
    endloop
  endfacet
  facet normal 0 0 1
    outer loop
      vertex -5.63029 -18.3862 3
      vertex -38.6422 -18.3862 3
      vertex -5.60007 -18.6158 3
    endloop
  endfacet
  facet normal 0 0 1
    outer loop
      vertex -38.6724 -18.6158 3
      vertex -5.60007 -18.6158 3
      vertex -38.6422 -18.3862 3
    endloop
  endfacet
  facet normal 0 0 1
    outer loop
      vertex -5.60007 -18.6158 3
      vertex -38.6724 -18.6158 3
      vertex -5.54281 -18.874 3
    endloop
  endfacet
  facet normal 0 0 1
    outer loop
      vertex -38.7297 -18.874 3
      vertex -5.54281 -18.874 3
      vertex -38.6724 -18.6158 3
    endloop
  endfacet
  facet normal 0 0 1
    outer loop
      vertex -5.54281 -18.874 3
      vertex -38.7297 -18.874 3
      vertex -5.4927 -19.1001 3
    endloop
  endfacet
  facet normal 0 0 1
    outer loop
      vertex -38.7798 -19.1001 3
      vertex -5.4927 -19.1001 3
      vertex -38.7297 -18.874 3
    endloop
  endfacet
  facet normal 0 0 1
    outer loop
      vertex -5.4927 -19.1001 3
      vertex -38.7798 -19.1001 3
      vertex -5.41315 -19.3524 3
    endloop
  endfacet
  facet normal 0 0 1
    outer loop
      vertex -38.8593 -19.3524 3
      vertex -5.41315 -19.3524 3
      vertex -38.7798 -19.1001 3
    endloop
  endfacet
  facet normal 0 0 1
    outer loop
      vertex -5.41315 -19.3524 3
      vertex -38.8593 -19.3524 3
      vertex -5.34352 -19.5732 3
    endloop
  endfacet
  facet normal 0 0 1
    outer loop
      vertex -38.929 -19.5732 3
      vertex -5.34352 -19.5732 3
      vertex -38.8593 -19.3524 3
    endloop
  endfacet
  facet normal 0 0 1
    outer loop
      vertex -5.34352 -19.5732 3
      vertex -38.929 -19.5732 3
      vertex -5.24229 -19.8176 3
    endloop
  endfacet
  facet normal 0 0 1
    outer loop
      vertex -39.0302 -19.8176 3
      vertex -5.24229 -19.8176 3
      vertex -38.929 -19.5732 3
    endloop
  endfacet
  facet normal 0 0 1
    outer loop
      vertex -5.24229 -19.8176 3
      vertex -39.0302 -19.8176 3
      vertex -5.15368 -20.0315 3
    endloop
  endfacet
  facet normal 0 0 1
    outer loop
      vertex -39.1188 -20.0315 3
      vertex -5.15368 -20.0315 3
      vertex -39.0302 -19.8176 3
    endloop
  endfacet
  facet normal 0 0 1
    outer loop
      vertex -5.15368 -20.0315 3
      vertex -39.1188 -20.0315 3
      vertex -5.04677 -20.2369 3
    endloop
  endfacet
  facet normal 0 0 1
    outer loop
      vertex -39.2257 -20.2369 3
      vertex -5.04677 -20.2369 3
      vertex -39.1188 -20.0315 3
    endloop
  endfacet
  facet normal 0 0 1
    outer loop
      vertex -5.04677 -20.2369 3
      vertex -39.2257 -20.2369 3
      vertex -4.92462 -20.4716 3
    endloop
  endfacet
  facet normal 0 0 1
    outer loop
      vertex -39.3479 -20.4716 3
      vertex -4.92462 -20.4716 3
      vertex -39.2257 -20.2369 3
    endloop
  endfacet
  facet normal 0 0 1
    outer loop
      vertex -39.49 -20.6947 3
      vertex -4.78248 -20.6947 3
      vertex -39.3479 -20.4716 3
    endloop
  endfacet
  facet normal 0 0 1
    outer loop
      vertex -4.78248 -20.6947 3
      vertex -39.49 -20.6947 3
      vertex -4.65807 -20.89 3
    endloop
  endfacet
  facet normal 0 0 1
    outer loop
      vertex -39.6144 -20.89 3
      vertex -4.65807 -20.89 3
      vertex -39.49 -20.6947 3
    endloop
  endfacet
  facet normal 0 0 1
    outer loop
      vertex -39.7755 -21.0998 3
      vertex -4.49704 -21.0998 3
      vertex -39.6144 -20.89 3
    endloop
  endfacet
  facet normal 0 0 1
    outer loop
      vertex -4.49704 -21.0998 3
      vertex -39.7755 -21.0998 3
      vertex -4.35608 -21.2835 3
    endloop
  endfacet
  facet normal 0 0 1
    outer loop
      vertex -39.9164 -21.2835 3
      vertex -4.35608 -21.2835 3
      vertex -39.7755 -21.0998 3
    endloop
  endfacet
  facet normal 0 0 1
    outer loop
      vertex -4.35608 -21.2835 3
      vertex -39.9164 -21.2835 3
      vertex -4.19965 -21.4542 3
    endloop
  endfacet
  facet normal 0 0 1
    outer loop
      vertex -40.0728 -21.4542 3
      vertex -4.19965 -21.4542 3
      vertex -39.9164 -21.2835 3
    endloop
  endfacet
  facet normal 0 0 1
    outer loop
      vertex -4.19965 -21.4542 3
      vertex -40.0728 -21.4542 3
      vertex -4.02093 -21.6493 3
    endloop
  endfacet
  facet normal 0 0 1
    outer loop
      vertex -40.2516 -21.6493 3
      vertex -4.02093 -21.6493 3
      vertex -40.0728 -21.4542 3
    endloop
  endfacet
  facet normal 0 0 1
    outer loop
      vertex -4.02093 -21.6493 3
      vertex -40.2516 -21.6493 3
      vertex -3.65518 -21.9844 3
    endloop
  endfacet
  facet normal -0 0 1
    outer loop
      vertex -40.4466 -21.828 3
      vertex -3.65518 -21.9844 3
      vertex -40.2516 -21.6493 3
    endloop
  endfacet
  facet normal 0 0 1
    outer loop
      vertex -40.6173 -21.9844 3
      vertex -3.65518 -21.9844 3
      vertex -40.4466 -21.828 3
    endloop
  endfacet
  facet normal 0 0 1
    outer loop
      vertex -3.65518 -21.9844 3
      vertex -40.6173 -21.9844 3
      vertex -3.47149 -22.1254 3
    endloop
  endfacet
  facet normal 0 0 1
    outer loop
      vertex -3.47149 -22.1254 3
      vertex -40.6173 -21.9844 3
      vertex -3.26162 -22.2864 3
    endloop
  endfacet
  facet normal -0 0 1
    outer loop
      vertex -40.801 -22.1254 3
      vertex -3.26162 -22.2864 3
      vertex -40.6173 -21.9844 3
    endloop
  endfacet
  facet normal 0 0 1
    outer loop
      vertex -41.0109 -22.2864 3
      vertex -3.26162 -22.2864 3
      vertex -40.801 -22.1254 3
    endloop
  endfacet
  facet normal 0 0 1
    outer loop
      vertex -3.26162 -22.2864 3
      vertex -41.0109 -22.2864 3
      vertex -2.84323 -22.5529 3
    endloop
  endfacet
  facet normal -0 0 1
    outer loop
      vertex -41.2062 -22.4108 3
      vertex -2.84323 -22.5529 3
      vertex -41.0109 -22.2864 3
    endloop
  endfacet
  facet normal 0 0 1
    outer loop
      vertex -41.4293 -22.5529 3
      vertex -2.84323 -22.5529 3
      vertex -41.2062 -22.4108 3
    endloop
  endfacet
  facet normal 0 0 1
    outer loop
      vertex -2.84323 -22.5529 3
      vertex -41.4293 -22.5529 3
      vertex -2.60859 -22.6751 3
    endloop
  endfacet
  facet normal 0 0 1
    outer loop
      vertex -2.60859 -22.6751 3
      vertex -41.4293 -22.5529 3
      vertex -2.4032 -22.782 3
    endloop
  endfacet
  facet normal -0 0 1
    outer loop
      vertex -41.6639 -22.6751 3
      vertex -2.4032 -22.782 3
      vertex -41.4293 -22.5529 3
    endloop
  endfacet
  facet normal 0 0 1
    outer loop
      vertex -41.8693 -22.782 3
      vertex -2.4032 -22.782 3
      vertex -41.6639 -22.6751 3
    endloop
  endfacet
  facet normal 0 0 1
    outer loop
      vertex -42.0832 -22.8706 3
      vertex -2.4032 -22.782 3
      vertex -41.8693 -22.782 3
    endloop
  endfacet
  facet normal 0 0 1
    outer loop
      vertex -42.3276 -22.9719 3
      vertex -2.4032 -22.782 3
      vertex -42.0832 -22.8706 3
    endloop
  endfacet
  facet normal 0 0 1
    outer loop
      vertex -1.94488 -22.9719 3
      vertex -42.3276 -22.9719 3
      vertex -42.5484 -23.0415 3
    endloop
  endfacet
  facet normal 0 0 1
    outer loop
      vertex -1.94488 -22.9719 3
      vertex -42.5484 -23.0415 3
      vertex -42.8007 -23.121 3
    endloop
  endfacet
  facet normal 0 0 1
    outer loop
      vertex -1.47176 -23.121 3
      vertex -42.8007 -23.121 3
      vertex -97.545 -66.885 3
    endloop
  endfacet
  facet normal 0 0 1
    outer loop
      vertex -97.545 -66.885 3
      vertex -42.8007 -23.121 3
      vertex -43.0268 -23.1711 3
    endloop
  endfacet
  facet normal 0 0 1
    outer loop
      vertex -97.545 -66.885 3
      vertex -43.0268 -23.1711 3
      vertex -43.2851 -23.2284 3
    endloop
  endfacet
  facet normal 0 0 1
    outer loop
      vertex -97.545 -66.885 3
      vertex -43.2851 -23.2284 3
      vertex -43.5146 -23.2586 3
    endloop
  endfacet
  facet normal 0 0 1
    outer loop
      vertex -97.545 -66.885 3
      vertex -43.5146 -23.2586 3
      vertex -43.7769 -23.2932 3
    endloop
  endfacet
  facet normal 0 0 1
    outer loop
      vertex -97.545 -66.885 3
      vertex -43.7769 -23.2932 3
      vertex -44.0412 -23.3047 3
    endloop
  endfacet
  facet normal 0 0 1
    outer loop
      vertex -97.545 -66.885 3
      vertex -44.0412 -23.3047 3
      vertex -44.2725 -23.3148 3
    endloop
  endfacet
  facet normal 0 0 1
    outer loop
      vertex -97.545 -66.885 3
      vertex -44.2725 -23.3148 3
      vertex -44.5038 -23.3047 3
    endloop
  endfacet
  facet normal 0 0 1
    outer loop
      vertex -97.545 -66.885 3
      vertex -44.5038 -23.3047 3
      vertex -44.7681 -23.2932 3
    endloop
  endfacet
  facet normal 0 0 1
    outer loop
      vertex -97.545 -66.885 3
      vertex -44.7681 -23.2932 3
      vertex -45.0304 -23.2586 3
    endloop
  endfacet
  facet normal 0 0 1
    outer loop
      vertex -97.545 -66.885 3
      vertex -45.0304 -23.2586 3
      vertex -45.2599 -23.2284 3
    endloop
  endfacet
  facet normal 0 0 1
    outer loop
      vertex -97.545 -66.885 3
      vertex -45.2599 -23.2284 3
      vertex -45.5182 -23.1711 3
    endloop
  endfacet
  facet normal 0 0 1
    outer loop
      vertex -97.545 -66.885 3
      vertex -45.5182 -23.1711 3
      vertex -45.7443 -23.121 3
    endloop
  endfacet
  facet normal 0 0 -1
    outer loop
      vertex -46.2174 -22.9719 3
      vertex -45.7443 -23.121 3
      vertex -45.9966 -23.0415 3
    endloop
  endfacet
  facet normal 0 0 -1
    outer loop
      vertex -47.1157 -22.5529 3
      vertex -46.6757 -22.782 3
      vertex -46.8811 -22.6751 3
    endloop
  endfacet
  facet normal 0 0 -1
    outer loop
      vertex -47.5341 -22.2864 3
      vertex -47.1157 -22.5529 3
      vertex -47.3388 -22.4108 3
    endloop
  endfacet
  facet normal 0 0 1
    outer loop
      vertex -48.6286 -21.2835 3
      vertex -48.2934 -21.6493 3
      vertex -48.4721 -21.4542 3
    endloop
  endfacet
  facet normal 0 0 1
    outer loop
      vertex -48.9306 -20.89 3
      vertex -48.6286 -21.2835 3
      vertex -48.7695 -21.0998 3
    endloop
  endfacet
  facet normal 0 0 -1
    outer loop
      vertex -49.4262 -20.0315 3
      vertex -49.1971 -20.4716 3
      vertex -49.3193 -20.2369 3
    endloop
  endfacet
  facet normal 0 0 -1
    outer loop
      vertex -49.616 -19.5732 3
      vertex -49.4262 -20.0315 3
      vertex -49.5148 -19.8176 3
    endloop
  endfacet
  facet normal 0 0 1
    outer loop
      vertex -49.7652 -19.1001 3
      vertex -49.616 -19.5732 3
      vertex -49.6856 -19.3524 3
    endloop
  endfacet
  facet normal 0 0 1
    outer loop
      vertex -49.8726 -18.6158 3
      vertex -49.7652 -19.1001 3
      vertex -49.8153 -18.874 3
    endloop
  endfacet
  facet normal 0 0 -1
    outer loop
      vertex -49.9373 -18.1239 3
      vertex -49.8726 -18.6158 3
      vertex -49.9028 -18.3862 3
    endloop
  endfacet
  facet normal 0 0 1
    outer loop
      vertex 0 -23.3148 3
      vertex -97.545 -66.885 3
      vertex 97.545 -66.885 3
    endloop
  endfacet
  facet normal 0 0 1
    outer loop
      vertex -46.2174 -22.9719 3
      vertex -97.545 -66.885 3
      vertex -45.7443 -23.121 3
    endloop
  endfacet
  facet normal 0 0 1
    outer loop
      vertex -46.4618 -22.8706 3
      vertex -97.545 -66.885 3
      vertex -46.2174 -22.9719 3
    endloop
  endfacet
  facet normal 0 0 1
    outer loop
      vertex -46.6757 -22.782 3
      vertex -97.545 -66.885 3
      vertex -46.4618 -22.8706 3
    endloop
  endfacet
  facet normal 0 0 1
    outer loop
      vertex -47.1157 -22.5529 3
      vertex -97.545 -66.885 3
      vertex -46.6757 -22.782 3
    endloop
  endfacet
  facet normal 0 0 1
    outer loop
      vertex -47.5341 -22.2864 3
      vertex -97.545 -66.885 3
      vertex -47.1157 -22.5529 3
    endloop
  endfacet
  facet normal 0 0 1
    outer loop
      vertex -47.744 -22.1254 3
      vertex -97.545 -66.885 3
      vertex -47.5341 -22.2864 3
    endloop
  endfacet
  facet normal 0 0 1
    outer loop
      vertex -47.9277 -21.9844 3
      vertex -97.545 -66.885 3
      vertex -47.744 -22.1254 3
    endloop
  endfacet
  facet normal 0 0 1
    outer loop
      vertex -48.0984 -21.828 3
      vertex -97.545 -66.885 3
      vertex -47.9277 -21.9844 3
    endloop
  endfacet
  facet normal 0 0 1
    outer loop
      vertex -48.2934 -21.6493 3
      vertex -97.545 -66.885 3
      vertex -48.0984 -21.828 3
    endloop
  endfacet
  facet normal 0 0 1
    outer loop
      vertex -48.6286 -21.2835 3
      vertex -97.545 -66.885 3
      vertex -48.2934 -21.6493 3
    endloop
  endfacet
  facet normal 0 0 1
    outer loop
      vertex -48.9306 -20.89 3
      vertex -97.545 -66.885 3
      vertex -48.6286 -21.2835 3
    endloop
  endfacet
  facet normal 0 0 1
    outer loop
      vertex -49.055 -20.6947 3
      vertex -97.545 -66.885 3
      vertex -48.9306 -20.89 3
    endloop
  endfacet
  facet normal 0 0 1
    outer loop
      vertex -49.1971 -20.4716 3
      vertex -97.545 -66.885 3
      vertex -49.055 -20.6947 3
    endloop
  endfacet
  facet normal 0 0 1
    outer loop
      vertex -49.4262 -20.0315 3
      vertex -97.545 -66.885 3
      vertex -49.1971 -20.4716 3
    endloop
  endfacet
  facet normal 0 0 1
    outer loop
      vertex -49.616 -19.5732 3
      vertex -97.545 -66.885 3
      vertex -49.4262 -20.0315 3
    endloop
  endfacet
  facet normal 0 0 1
    outer loop
      vertex -49.7652 -19.1001 3
      vertex -97.545 -66.885 3
      vertex -49.616 -19.5732 3
    endloop
  endfacet
  facet normal 0 0 1
    outer loop
      vertex -49.8726 -18.6158 3
      vertex -97.545 -66.885 3
      vertex -49.7652 -19.1001 3
    endloop
  endfacet
  facet normal 0 0 1
    outer loop
      vertex -49.9373 -18.1239 3
      vertex -97.545 -66.885 3
      vertex -49.8726 -18.6158 3
    endloop
  endfacet
  facet normal 0 0 1
    outer loop
      vertex -49.9489 -17.8597 3
      vertex -97.545 -66.885 3
      vertex -49.9373 -18.1239 3
    endloop
  endfacet
  facet normal 0 0 1
    outer loop
      vertex -97.545 -66.885 3
      vertex -49.9489 -17.8597 3
      vertex -49.959 -17.6283 3
    endloop
  endfacet
  facet normal 0 0 1
    outer loop
      vertex -98.8391 -66.7146 3
      vertex -99.545 -65.385 3
      vertex -99.2551 -66.5835 3
    endloop
  endfacet
  facet normal 0 0 1
    outer loop
      vertex -99.545 -65.385 3
      vertex -99.6581 -66.4165 3
      vertex -99.2551 -66.5835 3
    endloop
  endfacet
  facet normal 0 0 1
    outer loop
      vertex -99.545 -65.385 3
      vertex -100.045 -66.2151 3
      vertex -99.6581 -66.4165 3
    endloop
  endfacet
  facet normal 0 0 1
    outer loop
      vertex -99.545 -65.385 3
      vertex -100.413 -65.9808 3
      vertex -100.045 -66.2151 3
    endloop
  endfacet
  facet normal 0 0 1
    outer loop
      vertex -99.545 -65.385 3
      vertex -100.759 -65.7152 3
      vertex -100.413 -65.9808 3
    endloop
  endfacet
  facet normal 0 0 1
    outer loop
      vertex -99.545 -65.385 3
      vertex -101.081 -65.4205 3
      vertex -100.759 -65.7152 3
    endloop
  endfacet
  facet normal 0 -0 1
    outer loop
      vertex -101.081 -65.4205 3
      vertex -99.545 -65.385 3
      vertex -101.113 -65.385 3
    endloop
  endfacet
  facet normal -0.461735 -0.887018 0
    outer loop
      vertex -100.045 -66.2151 0
      vertex -99.6581 -66.4165 3
      vertex -100.045 -66.2151 3
    endloop
  endfacet
  facet normal -0.461735 -0.887018 -0
    outer loop
      vertex -99.6581 -66.4165 3
      vertex -100.045 -66.2151 0
      vertex -99.6581 -66.4165 0
    endloop
  endfacet
  facet normal -0.608913 -0.793237 0
    outer loop
      vertex -100.759 -65.7152 0
      vertex -100.413 -65.9808 3
      vertex -100.759 -65.7152 3
    endloop
  endfacet
  facet normal -0.608913 -0.793237 -0
    outer loop
      vertex -100.413 -65.9808 3
      vertex -100.759 -65.7152 0
      vertex -100.413 -65.9808 0
    endloop
  endfacet
  facet normal -0.675143 -0.737686 0
    outer loop
      vertex -101.081 -65.4205 0
      vertex -100.759 -65.7152 3
      vertex -101.081 -65.4205 3
    endloop
  endfacet
  facet normal -0.675143 -0.737686 -0
    outer loop
      vertex -100.759 -65.7152 3
      vertex -101.081 -65.4205 0
      vertex -100.759 -65.7152 0
    endloop
  endfacet
  facet normal 0 0 -1
    outer loop
      vertex 101.113 -65.385 0
      vertex 102.545 -65 0
      vertex 102.545 -65.385 0
    endloop
  endfacet
  facet normal 0 0 -1
    outer loop
      vertex 102.545 -65 0
      vertex 102.518 -62.385 0
      vertex 102.545 -62.385 0
    endloop
  endfacet
  facet normal 0 0 -1
    outer loop
      vertex 102.545 61.885 0
      vertex 102.375 63.1791 0
      vertex 102.469 62.7532 0
    endloop
  endfacet
  facet normal 0 0 -1
    outer loop
      vertex 102.545 -61.885 0
      vertex 49.2229 16.3019 0
      vertex 102.375 63.1791 0
    endloop
  endfacet
  facet normal 0 -0 -1
    outer loop
      vertex 49.3196 16.7384 0
      vertex 102.375 63.1791 0
      vertex 49.2229 16.3019 0
    endloop
  endfacet
  facet normal 0 -0 -1
    outer loop
      vertex 49.378 17.1817 0
      vertex 102.375 63.1791 0
      vertex 49.3196 16.7384 0
    endloop
  endfacet
  facet normal 0 -0 -1
    outer loop
      vertex 49.3975 17.6283 0
      vertex 102.375 63.1791 0
      vertex 49.378 17.1817 0
    endloop
  endfacet
  facet normal 0 0 -1
    outer loop
      vertex 49.378 18.075 0
      vertex 102.375 63.1791 0
      vertex 49.3975 17.6283 0
    endloop
  endfacet
  facet normal -0 0 -1
    outer loop
      vertex 102.545 -65 0
      vertex 101.113 -65.385 0
      vertex 102.518 -62.385 0
    endloop
  endfacet
  facet normal 0 0 -1
    outer loop
      vertex 97.545 -66.885 0
      vertex 102.518 -62.385 0
      vertex 101.113 -65.385 0
    endloop
  endfacet
  facet normal 0 0 -1
    outer loop
      vertex 102.545 -61.885 0
      vertex 49.2229 -16.3019 0
      vertex 49.2229 16.3019 0
    endloop
  endfacet
  facet normal 0 0 -1
    outer loop
      vertex 100.759 -65.7152 0
      vertex 101.113 -65.385 0
      vertex 101.081 -65.4205 0
    endloop
  endfacet
  facet normal 0 0 -1
    outer loop
      vertex 102.518 -62.385 0
      vertex 102.545 -61.885 0
      vertex 102.526 -62.3208 0
    endloop
  endfacet
  facet normal 0 0 -1
    outer loop
      vertex 97.545 -66.885 0
      vertex 102.545 -61.885 0
      vertex 102.518 -62.385 0
    endloop
  endfacet
  facet normal 0 0 -1
    outer loop
      vertex 102.375 63.1791 0
      vertex 102.545 61.885 0
      vertex 102.545 -61.885 0
    endloop
  endfacet
  facet normal 0 0 -1
    outer loop
      vertex 102.545 61.885 0
      vertex 102.469 62.7532 0
      vertex 102.526 62.3208 0
    endloop
  endfacet
  facet normal 0 0 -1
    outer loop
      vertex 101.113 65.385 0
      vertex 102.545 68.385 0
      vertex 102.545 65.385 0
    endloop
  endfacet
  facet normal 0 0 -1
    outer loop
      vertex 101.113 -65.385 0
      vertex 100.759 -65.7152 0
      vertex 97.545 -66.885 0
    endloop
  endfacet
  facet normal 0 0 -1
    outer loop
      vertex 97.545 -66.885 0
      vertex 100.759 -65.7152 0
      vertex 100.413 -65.9808 0
    endloop
  endfacet
  facet normal 0 0 -1
    outer loop
      vertex 97.545 -66.885 0
      vertex 100.413 -65.9808 0
      vertex 100.045 -66.2151 0
    endloop
  endfacet
  facet normal 0 0 -1
    outer loop
      vertex 97.545 -66.885 0
      vertex 100.045 -66.2151 0
      vertex 99.6581 -66.4165 0
    endloop
  endfacet
  facet normal 0 0 -1
    outer loop
      vertex 97.545 -66.885 0
      vertex 99.6581 -66.4165 0
      vertex 99.2551 -66.5835 0
    endloop
  endfacet
  facet normal 0 0 -1
    outer loop
      vertex 97.545 -66.885 0
      vertex 99.2551 -66.5835 0
      vertex 98.8391 -66.7146 0
    endloop
  endfacet
  facet normal 0 0 -1
    outer loop
      vertex 97.545 -66.885 0
      vertex 98.8391 -66.7146 0
      vertex 98.4132 -66.809 0
    endloop
  endfacet
  facet normal 0 0 -1
    outer loop
      vertex 97.545 -66.885 0
      vertex 98.4132 -66.809 0
      vertex 97.9808 -66.866 0
    endloop
  endfacet
  facet normal -0 0 -1
    outer loop
      vertex 102.545 -61.885 0
      vertex 97.545 -66.885 0
      vertex 48.4707 -20.5679 0
    endloop
  endfacet
  facet normal 0 0 -1
    outer loop
      vertex 102.545 -61.885 0
      vertex 49.3975 -17.6283 0
      vertex 49.378 -17.1817 0
    endloop
  endfacet
  facet normal 0 0 -1
    outer loop
      vertex 102.545 -61.885 0
      vertex 49.378 -17.1817 0
      vertex 49.3196 -16.7384 0
    endloop
  endfacet
  facet normal 0 0 -1
    outer loop
      vertex 102.545 -61.885 0
      vertex 49.3196 -16.7384 0
      vertex 49.2229 -16.3019 0
    endloop
  endfacet
  facet normal 0 0 -1
    outer loop
      vertex 48.1985 20.9226 0
      vertex 102.375 63.1791 0
      vertex 48.4707 20.5679 0
    endloop
  endfacet
  facet normal 0 0 -1
    outer loop
      vertex 47.8964 21.2523 0
      vertex 102.375 63.1791 0
      vertex 48.1985 20.9226 0
    endloop
  endfacet
  facet normal 0 -0 -1
    outer loop
      vertex 101.113 65.385 0
      vertex 102.375 63.1791 0
      vertex 47.8964 21.2523 0
    endloop
  endfacet
  facet normal 0 0 -1
    outer loop
      vertex 102.375 63.1791 0
      vertex 101.113 65.385 0
      vertex 102.243 63.5951 0
    endloop
  endfacet
  facet normal 0 0 -1
    outer loop
      vertex 102.077 63.9981 0
      vertex 101.113 65.385 0
      vertex 101.875 64.385 0
    endloop
  endfacet
  facet normal 0 0 -1
    outer loop
      vertex 101.641 64.7529 0
      vertex 101.113 65.385 0
      vertex 101.375 65.0989 0
    endloop
  endfacet
  facet normal 0 0 -1
    outer loop
      vertex 101.875 64.385 0
      vertex 101.113 65.385 0
      vertex 101.641 64.7529 0
    endloop
  endfacet
  facet normal 0 0 -1
    outer loop
      vertex 102.243 63.5951 0
      vertex 101.113 65.385 0
      vertex 102.077 63.9981 0
    endloop
  endfacet
  facet normal 0 0 -1
    outer loop
      vertex 47.5668 21.5543 0
      vertex 101.113 65.385 0
      vertex 47.8964 21.2523 0
    endloop
  endfacet
  facet normal 0 0 -1
    outer loop
      vertex 47.2121 21.8265 0
      vertex 101.113 65.385 0
      vertex 47.5668 21.5543 0
    endloop
  endfacet
  facet normal 0 0 -1
    outer loop
      vertex 46.835 22.0667 0
      vertex 101.113 65.385 0
      vertex 47.2121 21.8265 0
    endloop
  endfacet
  facet normal 0 0 -1
    outer loop
      vertex 46.4384 22.2732 0
      vertex 101.113 65.385 0
      vertex 46.835 22.0667 0
    endloop
  endfacet
  facet normal 0 0 -1
    outer loop
      vertex 46.0254 22.4443 0
      vertex 101.113 65.385 0
      vertex 46.4384 22.2732 0
    endloop
  endfacet
  facet normal 0 0 -1
    outer loop
      vertex 45.5989 22.5787 0
      vertex 101.113 65.385 0
      vertex 46.0254 22.4443 0
    endloop
  endfacet
  facet normal 0 0 -1
    outer loop
      vertex 45.1624 22.6755 0
      vertex 101.113 65.385 0
      vertex 45.5989 22.5787 0
    endloop
  endfacet
  facet normal 0 0 -1
    outer loop
      vertex 44.7192 22.7338 0
      vertex 101.113 65.385 0
      vertex 45.1624 22.6755 0
    endloop
  endfacet
  facet normal 0 0 -1
    outer loop
      vertex 44.2725 22.7533 0
      vertex 101.113 65.385 0
      vertex 44.7192 22.7338 0
    endloop
  endfacet
  facet normal 0 0 -1
    outer loop
      vertex 43.8258 22.7338 0
      vertex 101.113 65.385 0
      vertex 44.2725 22.7533 0
    endloop
  endfacet
  facet normal 0 0 -1
    outer loop
      vertex 43.3826 22.6755 0
      vertex 101.113 65.385 0
      vertex 43.8258 22.7338 0
    endloop
  endfacet
  facet normal -0 0 -1
    outer loop
      vertex 101.113 65.385 0
      vertex 43.3826 22.6755 0
      vertex 102.545 68.385 0
    endloop
  endfacet
  facet normal 0 0 -1
    outer loop
      vertex 42.9461 22.5787 0
      vertex 102.545 68.385 0
      vertex 43.3826 22.6755 0
    endloop
  endfacet
  facet normal 0 0 -1
    outer loop
      vertex 1.32645 22.5787 0
      vertex 42.9461 22.5787 0
      vertex 42.5196 22.4443 0
    endloop
  endfacet
  facet normal 0 0 -1
    outer loop
      vertex 1.75285 22.4443 0
      vertex 42.5196 22.4443 0
      vertex 42.1066 22.2732 0
    endloop
  endfacet
  facet normal 0 0 -1
    outer loop
      vertex 2.16592 22.2732 0
      vertex 42.1066 22.2732 0
      vertex 41.71 22.0667 0
    endloop
  endfacet
  facet normal 0 0 -1
    outer loop
      vertex 2.5625 22.0667 0
      vertex 41.71 22.0667 0
      vertex 41.3329 21.8265 0
    endloop
  endfacet
  facet normal 0 0 -1
    outer loop
      vertex 3.92598 14.334 0
      vertex 40.3465 14.334 0
      vertex 3.92598 -14.334 0
    endloop
  endfacet
  facet normal 0 0 -1
    outer loop
      vertex 40.3465 14.334 0
      vertex 3.92598 14.334 0
      vertex 40.0743 14.6888 0
    endloop
  endfacet
  facet normal 0 -0 -1
    outer loop
      vertex 4.19815 14.6888 0
      vertex 40.0743 14.6888 0
      vertex 3.92598 14.334 0
    endloop
  endfacet
  facet normal 0 0 -1
    outer loop
      vertex 40.0743 14.6888 0
      vertex 4.19815 14.6888 0
      vertex 39.8341 15.0658 0
    endloop
  endfacet
  facet normal 0 -0 -1
    outer loop
      vertex 4.43838 15.0658 0
      vertex 39.8341 15.0658 0
      vertex 4.19815 14.6888 0
    endloop
  endfacet
  facet normal 0 0 -1
    outer loop
      vertex 39.6277 15.4624 0
      vertex 4.64483 15.4624 0
      vertex 39.4566 15.8755 0
    endloop
  endfacet
  facet normal 0 -0 -1
    outer loop
      vertex 4.81592 15.8755 0
      vertex 39.4566 15.8755 0
      vertex 4.64483 15.4624 0
    endloop
  endfacet
  facet normal 0 0 -1
    outer loop
      vertex 39.4566 15.8755 0
      vertex 4.81592 15.8755 0
      vertex 39.3221 16.3019 0
    endloop
  endfacet
  facet normal 0 -0 -1
    outer loop
      vertex 4.95037 16.3019 0
      vertex 39.3221 16.3019 0
      vertex 4.81592 15.8755 0
    endloop
  endfacet
  facet normal 0 0 -1
    outer loop
      vertex 39.4566 19.3812 0
      vertex 4.81592 19.3812 0
      vertex 39.6277 19.7943 0
    endloop
  endfacet
  facet normal 0 0 -1
    outer loop
      vertex 4.64483 19.7943 0
      vertex 39.6277 19.7943 0
      vertex 4.81592 19.3812 0
    endloop
  endfacet
  facet normal 0 0 -1
    outer loop
      vertex 39.6277 19.7943 0
      vertex 4.64483 19.7943 0
      vertex 39.8341 20.1908 0
    endloop
  endfacet
  facet normal 0 0 -1
    outer loop
      vertex 4.43838 20.1908 0
      vertex 39.8341 20.1908 0
      vertex 4.64483 19.7943 0
    endloop
  endfacet
  facet normal 0 0 -1
    outer loop
      vertex 39.8341 20.1908 0
      vertex 4.43838 20.1908 0
      vertex 40.0743 20.5679 0
    endloop
  endfacet
  facet normal 0 0 -1
    outer loop
      vertex 4.19815 20.5679 0
      vertex 40.0743 20.5679 0
      vertex 4.43838 20.1908 0
    endloop
  endfacet
  facet normal 0 0 -1
    outer loop
      vertex 40.0743 20.5679 0
      vertex 4.19815 20.5679 0
      vertex 40.3465 20.9226 0
    endloop
  endfacet
  facet normal 0 0 -1
    outer loop
      vertex 3.92598 20.9226 0
      vertex 40.3465 20.9226 0
      vertex 4.19815 20.5679 0
    endloop
  endfacet
  facet normal 0 0 -1
    outer loop
      vertex 40.3465 20.9226 0
      vertex 3.92598 20.9226 0
      vertex 40.6486 21.2523 0
    endloop
  endfacet
  facet normal 0 0 -1
    outer loop
      vertex 3.62392 21.2523 0
      vertex 40.6486 21.2523 0
      vertex 3.92598 20.9226 0
    endloop
  endfacet
  facet normal 0 0 -1
    outer loop
      vertex 40.6486 21.2523 0
      vertex 3.62392 21.2523 0
      vertex 40.9782 21.5543 0
    endloop
  endfacet
  facet normal 0 0 -1
    outer loop
      vertex 3.29429 21.5543 0
      vertex 40.9782 21.5543 0
      vertex 3.62392 21.2523 0
    endloop
  endfacet
  facet normal 0 0 -1
    outer loop
      vertex 40.9782 21.5543 0
      vertex 3.29429 21.5543 0
      vertex 41.3329 21.8265 0
    endloop
  endfacet
  facet normal 0 0 -1
    outer loop
      vertex 2.93958 21.8265 0
      vertex 41.3329 21.8265 0
      vertex 3.29429 21.5543 0
    endloop
  endfacet
  facet normal 0 0 -1
    outer loop
      vertex 2.5625 22.0667 0
      vertex 41.3329 21.8265 0
      vertex 2.93958 21.8265 0
    endloop
  endfacet
  facet normal 0 0 -1
    outer loop
      vertex 41.71 22.0667 0
      vertex 2.5625 22.0667 0
      vertex 2.16592 22.2732 0
    endloop
  endfacet
  facet normal 0 0 -1
    outer loop
      vertex 42.1066 22.2732 0
      vertex 2.16592 22.2732 0
      vertex 1.75285 22.4443 0
    endloop
  endfacet
  facet normal 0 0 -1
    outer loop
      vertex 42.5196 22.4443 0
      vertex 1.75285 22.4443 0
      vertex 1.32645 22.5787 0
    endloop
  endfacet
  facet normal 0 0 -1
    outer loop
      vertex 42.9461 22.5787 0
      vertex 1.32645 22.5787 0
      vertex 102.545 68.385 0
    endloop
  endfacet
  facet normal 0 0 -1
    outer loop
      vertex 0.889946 22.6755 0
      vertex 102.545 68.385 0
      vertex 1.32645 22.5787 0
    endloop
  endfacet
  facet normal 0 0 -1
    outer loop
      vertex 0.446672 22.7338 0
      vertex 102.545 68.385 0
      vertex 0.889946 22.6755 0
    endloop
  endfacet
  facet normal 0 0 -1
    outer loop
      vertex 0 22.7533 0
      vertex 102.545 68.385 0
      vertex 0.446672 22.7338 0
    endloop
  endfacet
  facet normal 0 0 -1
    outer loop
      vertex -102.545 68.385 0
      vertex 0 22.7533 0
      vertex -0.446672 22.7338 0
    endloop
  endfacet
  facet normal 0 0 -1
    outer loop
      vertex -102.545 68.385 0
      vertex -0.446672 22.7338 0
      vertex -0.889946 22.6755 0
    endloop
  endfacet
  facet normal 0 0 -1
    outer loop
      vertex -102.545 68.385 0
      vertex -0.889946 22.6755 0
      vertex -1.32645 22.5787 0
    endloop
  endfacet
  facet normal 0 0 -1
    outer loop
      vertex -42.9461 22.5787 0
      vertex -1.32645 22.5787 0
      vertex -1.75285 22.4443 0
    endloop
  endfacet
  facet normal 0 0 -1
    outer loop
      vertex -42.5196 22.4443 0
      vertex -1.75285 22.4443 0
      vertex -2.16592 22.2732 0
    endloop
  endfacet
  facet normal 0 0 -1
    outer loop
      vertex -40.3465 14.334 0
      vertex -3.92598 14.334 0
      vertex -40.3465 -14.334 0
    endloop
  endfacet
  facet normal 0 0 -1
    outer loop
      vertex -3.92598 14.334 0
      vertex -40.3465 14.334 0
      vertex -4.19815 14.6888 0
    endloop
  endfacet
  facet normal 0 -0 -1
    outer loop
      vertex -40.0743 14.6888 0
      vertex -4.19815 14.6888 0
      vertex -40.3465 14.334 0
    endloop
  endfacet
  facet normal 0 0 -1
    outer loop
      vertex -4.19815 14.6888 0
      vertex -40.0743 14.6888 0
      vertex -4.43838 15.0658 0
    endloop
  endfacet
  facet normal 0 -0 -1
    outer loop
      vertex -39.8341 15.0658 0
      vertex -4.43838 15.0658 0
      vertex -40.0743 14.6888 0
    endloop
  endfacet
  facet normal 0 0 -1
    outer loop
      vertex -4.64483 15.4624 0
      vertex -39.6277 15.4624 0
      vertex -4.81592 15.8755 0
    endloop
  endfacet
  facet normal 0 -0 -1
    outer loop
      vertex -39.4566 15.8755 0
      vertex -4.81592 15.8755 0
      vertex -39.6277 15.4624 0
    endloop
  endfacet
  facet normal 0 0 -1
    outer loop
      vertex -4.81592 15.8755 0
      vertex -39.4566 15.8755 0
      vertex -4.95037 16.3019 0
    endloop
  endfacet
  facet normal 0 -0 -1
    outer loop
      vertex -39.3221 16.3019 0
      vertex -4.95037 16.3019 0
      vertex -39.4566 15.8755 0
    endloop
  endfacet
  facet normal 0 0 -1
    outer loop
      vertex -4.81592 19.3812 0
      vertex -39.4566 19.3812 0
      vertex -4.64483 19.7943 0
    endloop
  endfacet
  facet normal 0 0 -1
    outer loop
      vertex -39.6277 19.7943 0
      vertex -4.64483 19.7943 0
      vertex -39.4566 19.3812 0
    endloop
  endfacet
  facet normal 0 0 -1
    outer loop
      vertex -4.64483 19.7943 0
      vertex -39.6277 19.7943 0
      vertex -4.43838 20.1908 0
    endloop
  endfacet
  facet normal 0 0 -1
    outer loop
      vertex -39.8341 20.1908 0
      vertex -4.43838 20.1908 0
      vertex -39.6277 19.7943 0
    endloop
  endfacet
  facet normal 0 0 -1
    outer loop
      vertex -4.43838 20.1908 0
      vertex -39.8341 20.1908 0
      vertex -4.19815 20.5679 0
    endloop
  endfacet
  facet normal 0 0 -1
    outer loop
      vertex -40.0743 20.5679 0
      vertex -4.19815 20.5679 0
      vertex -39.8341 20.1908 0
    endloop
  endfacet
  facet normal 0 0 -1
    outer loop
      vertex -4.19815 20.5679 0
      vertex -40.0743 20.5679 0
      vertex -3.92598 20.9226 0
    endloop
  endfacet
  facet normal 0 0 -1
    outer loop
      vertex -40.3465 20.9226 0
      vertex -3.92598 20.9226 0
      vertex -40.0743 20.5679 0
    endloop
  endfacet
  facet normal 0 0 -1
    outer loop
      vertex -3.92598 20.9226 0
      vertex -40.3465 20.9226 0
      vertex -3.62392 21.2523 0
    endloop
  endfacet
  facet normal 0 0 -1
    outer loop
      vertex -40.6486 21.2523 0
      vertex -3.62392 21.2523 0
      vertex -40.3465 20.9226 0
    endloop
  endfacet
  facet normal 0 0 -1
    outer loop
      vertex -3.62392 21.2523 0
      vertex -40.6486 21.2523 0
      vertex -3.29429 21.5543 0
    endloop
  endfacet
  facet normal 0 0 -1
    outer loop
      vertex -40.9782 21.5543 0
      vertex -3.29429 21.5543 0
      vertex -40.6486 21.2523 0
    endloop
  endfacet
  facet normal 0 0 -1
    outer loop
      vertex -3.29429 21.5543 0
      vertex -40.9782 21.5543 0
      vertex -2.93958 21.8265 0
    endloop
  endfacet
  facet normal 0 0 -1
    outer loop
      vertex -41.3329 21.8265 0
      vertex -2.93958 21.8265 0
      vertex -40.9782 21.5543 0
    endloop
  endfacet
  facet normal 0 0 -1
    outer loop
      vertex -2.93958 21.8265 0
      vertex -41.3329 21.8265 0
      vertex -2.5625 22.0667 0
    endloop
  endfacet
  facet normal 0 0 -1
    outer loop
      vertex -41.71 22.0667 0
      vertex -2.5625 22.0667 0
      vertex -41.3329 21.8265 0
    endloop
  endfacet
  facet normal 0 0 -1
    outer loop
      vertex -2.5625 22.0667 0
      vertex -41.71 22.0667 0
      vertex -2.16592 22.2732 0
    endloop
  endfacet
  facet normal 0 0 -1
    outer loop
      vertex -42.1066 22.2732 0
      vertex -2.16592 22.2732 0
      vertex -41.71 22.0667 0
    endloop
  endfacet
  facet normal 0 0 -1
    outer loop
      vertex -42.5196 22.4443 0
      vertex -2.16592 22.2732 0
      vertex -42.1066 22.2732 0
    endloop
  endfacet
  facet normal 0 0 -1
    outer loop
      vertex -1.75285 22.4443 0
      vertex -42.5196 22.4443 0
      vertex -42.9461 22.5787 0
    endloop
  endfacet
  facet normal 0 0 -1
    outer loop
      vertex -1.32645 22.5787 0
      vertex -42.9461 22.5787 0
      vertex -102.545 68.385 0
    endloop
  endfacet
  facet normal 0 0 -1
    outer loop
      vertex -102.545 68.385 0
      vertex -42.9461 22.5787 0
      vertex -43.3826 22.6755 0
    endloop
  endfacet
  facet normal 0 0 -1
    outer loop
      vertex -101.113 65.385 0
      vertex -43.3826 22.6755 0
      vertex -43.8258 22.7338 0
    endloop
  endfacet
  facet normal 0 0 -1
    outer loop
      vertex -101.113 65.385 0
      vertex -43.8258 22.7338 0
      vertex -44.2725 22.7533 0
    endloop
  endfacet
  facet normal 0 0 -1
    outer loop
      vertex -101.113 65.385 0
      vertex -44.2725 22.7533 0
      vertex -44.7192 22.7338 0
    endloop
  endfacet
  facet normal 0 0 -1
    outer loop
      vertex -101.113 65.385 0
      vertex -44.7192 22.7338 0
      vertex -45.1624 22.6755 0
    endloop
  endfacet
  facet normal 0 0 -1
    outer loop
      vertex -101.113 65.385 0
      vertex -45.1624 22.6755 0
      vertex -45.5989 22.5787 0
    endloop
  endfacet
  facet normal 0 0 -1
    outer loop
      vertex -49.3196 16.7384 0
      vertex -102.545 61.885 0
      vertex -49.378 17.1817 0
    endloop
  endfacet
  facet normal 0 0 -1
    outer loop
      vertex -49.378 17.1817 0
      vertex -102.545 61.885 0
      vertex -49.3975 17.6283 0
    endloop
  endfacet
  facet normal 0 0 -1
    outer loop
      vertex -49.3975 17.6283 0
      vertex -102.545 61.885 0
      vertex -49.378 18.075 0
    endloop
  endfacet
  facet normal 0 0 -1
    outer loop
      vertex -49.378 18.075 0
      vertex -102.545 61.885 0
      vertex -49.3196 18.5183 0
    endloop
  endfacet
  facet normal 0 0 -1
    outer loop
      vertex -49.3196 18.5183 0
      vertex -102.545 61.885 0
      vertex -49.2229 18.9548 0
    endloop
  endfacet
  facet normal 0 0 -1
    outer loop
      vertex -49.2229 18.9548 0
      vertex -102.545 61.885 0
      vertex -49.0884 19.3812 0
    endloop
  endfacet
  facet normal 0 0 -1
    outer loop
      vertex -102.545 -61.885 0
      vertex -97.545 -66.885 0
      vertex -97.9808 -66.866 0
    endloop
  endfacet
  facet normal 0 0 -1
    outer loop
      vertex -102.545 -61.885 0
      vertex -97.9808 -66.866 0
      vertex -98.4132 -66.809 0
    endloop
  endfacet
  facet normal 0 0 -1
    outer loop
      vertex -102.545 -61.885 0
      vertex -98.4132 -66.809 0
      vertex -98.8391 -66.7146 0
    endloop
  endfacet
  facet normal 0 0 -1
    outer loop
      vertex -102.545 -61.885 0
      vertex -98.8391 -66.7146 0
      vertex -99.2551 -66.5835 0
    endloop
  endfacet
  facet normal 0 0 -1
    outer loop
      vertex -102.545 -61.885 0
      vertex -99.2551 -66.5835 0
      vertex -99.6581 -66.4165 0
    endloop
  endfacet
  facet normal 0 0 -1
    outer loop
      vertex -102.545 -61.885 0
      vertex -99.6581 -66.4165 0
      vertex -100.045 -66.2151 0
    endloop
  endfacet
  facet normal 0 0 -1
    outer loop
      vertex -102.545 -61.885 0
      vertex -100.045 -66.2151 0
      vertex -100.413 -65.9808 0
    endloop
  endfacet
  facet normal 0 0 -1
    outer loop
      vertex -102.545 -61.885 0
      vertex -100.413 -65.9808 0
      vertex -100.759 -65.7152 0
    endloop
  endfacet
  facet normal 0 0 -1
    outer loop
      vertex -101.113 -65.385 0
      vertex -100.759 -65.7152 0
      vertex -101.081 -65.4205 0
    endloop
  endfacet
  facet normal 0 0 -1
    outer loop
      vertex -100.759 -65.7152 0
      vertex -101.113 -65.385 0
      vertex -102.545 -61.885 0
    endloop
  endfacet
  facet normal 0 0 -1
    outer loop
      vertex -49.0884 19.3812 0
      vertex -102.545 61.885 0
      vertex -48.9173 19.7943 0
    endloop
  endfacet
  facet normal 0 0 -1
    outer loop
      vertex -102.545 61.885 0
      vertex -48.4707 20.5679 0
      vertex -48.7109 20.1908 0
    endloop
  endfacet
  facet normal 0 0 -1
    outer loop
      vertex -102.545 61.885 0
      vertex -48.1985 20.9226 0
      vertex -48.4707 20.5679 0
    endloop
  endfacet
  facet normal 0 0 -1
    outer loop
      vertex -102.545 61.885 0
      vertex -47.8964 21.2523 0
      vertex -48.1985 20.9226 0
    endloop
  endfacet
  facet normal 0 0 -1
    outer loop
      vertex -102.545 61.885 0
      vertex -47.5668 21.5543 0
      vertex -47.8964 21.2523 0
    endloop
  endfacet
  facet normal 0 0 -1
    outer loop
      vertex -101.113 65.385 0
      vertex -47.2121 21.8265 0
      vertex -47.5668 21.5543 0
    endloop
  endfacet
  facet normal 0 0 -1
    outer loop
      vertex -101.113 65.385 0
      vertex -46.835 22.0667 0
      vertex -47.2121 21.8265 0
    endloop
  endfacet
  facet normal 0 0 -1
    outer loop
      vertex -101.113 65.385 0
      vertex -46.4384 22.2732 0
      vertex -46.835 22.0667 0
    endloop
  endfacet
  facet normal 0 0 -1
    outer loop
      vertex -101.113 65.385 0
      vertex -46.0254 22.4443 0
      vertex -46.4384 22.2732 0
    endloop
  endfacet
  facet normal 0 0 -1
    outer loop
      vertex -101.113 65.385 0
      vertex -45.5989 22.5787 0
      vertex -46.0254 22.4443 0
    endloop
  endfacet
  facet normal 0 0 -1
    outer loop
      vertex -43.3826 22.6755 0
      vertex -101.113 65.385 0
      vertex -102.545 68.385 0
    endloop
  endfacet
  facet normal 0 0 -1
    outer loop
      vertex -102.545 68.385 0
      vertex -101.113 65.385 0
      vertex -102.545 65.385 0
    endloop
  endfacet
  facet normal 0 0 -1
    outer loop
      vertex 0 22.7533 0
      vertex -102.545 68.385 0
      vertex 102.545 68.385 0
    endloop
  endfacet
  facet normal 0 0 -1
    outer loop
      vertex -47.5668 21.5543 0
      vertex -102.545 61.885 0
      vertex -101.113 65.385 0
    endloop
  endfacet
  facet normal 0 0 -1
    outer loop
      vertex -101.113 65.385 0
      vertex -102.545 61.885 0
      vertex -101.375 65.0989 0
    endloop
  endfacet
  facet normal 0 0 -1
    outer loop
      vertex -101.375 65.0989 0
      vertex -102.545 61.885 0
      vertex -101.641 64.7529 0
    endloop
  endfacet
  facet normal 0 0 -1
    outer loop
      vertex -101.641 64.7529 0
      vertex -102.545 61.885 0
      vertex -101.875 64.385 0
    endloop
  endfacet
  facet normal 0 0 -1
    outer loop
      vertex -101.875 64.385 0
      vertex -102.545 61.885 0
      vertex -102.077 63.9981 0
    endloop
  endfacet
  facet normal 0 0 -1
    outer loop
      vertex -102.077 63.9981 0
      vertex -102.545 61.885 0
      vertex -102.243 63.5951 0
    endloop
  endfacet
  facet normal 0 0 -1
    outer loop
      vertex -102.243 63.5951 0
      vertex -102.545 61.885 0
      vertex -102.375 63.1791 0
    endloop
  endfacet
  facet normal 0 0 -1
    outer loop
      vertex -102.545 -61.885 0
      vertex -101.113 -65.385 0
      vertex -102.518 -62.385 0
    endloop
  endfacet
  facet normal 0 0 -1
    outer loop
      vertex -102.545 -65 0
      vertex -101.113 -65.385 0
      vertex -102.545 -65.385 0
    endloop
  endfacet
  facet normal 0 0 -1
    outer loop
      vertex -101.113 -65.385 0
      vertex -102.545 -65 0
      vertex -102.518 -62.385 0
    endloop
  endfacet
  facet normal -0 0 -1
    outer loop
      vertex -102.518 -62.385 0
      vertex -102.545 -65 0
      vertex -102.545 -62.385 0
    endloop
  endfacet
  facet normal 0 0 -1
    outer loop
      vertex -102.545 -61.885 0
      vertex -102.518 -62.385 0
      vertex -102.526 -62.3208 0
    endloop
  endfacet
  facet normal 0 0 -1
    outer loop
      vertex -48.9173 19.7943 0
      vertex -102.545 61.885 0
      vertex -48.7109 20.1908 0
    endloop
  endfacet
  facet normal 0 0 -1
    outer loop
      vertex -102.375 63.1791 0
      vertex -102.545 61.885 0
      vertex -102.469 62.7532 0
    endloop
  endfacet
  facet normal 0 0 -1
    outer loop
      vertex -102.469 62.7532 0
      vertex -102.545 61.885 0
      vertex -102.526 62.3208 0
    endloop
  endfacet
  facet normal 0 0 -1
    outer loop
      vertex -4.95037 16.3019 0
      vertex -39.3221 16.3019 0
      vertex -5.04714 16.7384 0
    endloop
  endfacet
  facet normal 0 0 -1
    outer loop
      vertex -39.4566 19.3812 0
      vertex -4.81592 19.3812 0
      vertex -39.3221 18.9548 0
    endloop
  endfacet
  facet normal 0 -0 -1
    outer loop
      vertex -39.2254 16.7384 0
      vertex -5.04714 16.7384 0
      vertex -39.3221 16.3019 0
    endloop
  endfacet
  facet normal 0 0 -1
    outer loop
      vertex -4.95037 18.9548 0
      vertex -39.3221 18.9548 0
      vertex -4.81592 19.3812 0
    endloop
  endfacet
  facet normal 0 0 -1
    outer loop
      vertex -5.04714 16.7384 0
      vertex -39.2254 16.7384 0
      vertex -5.1055 17.1817 0
    endloop
  endfacet
  facet normal 0 0 -1
    outer loop
      vertex -39.3221 18.9548 0
      vertex -4.95037 18.9548 0
      vertex -39.2254 18.5183 0
    endloop
  endfacet
  facet normal 0 -0 -1
    outer loop
      vertex -39.167 17.1817 0
      vertex -5.1055 17.1817 0
      vertex -39.2254 16.7384 0
    endloop
  endfacet
  facet normal 0 0 -1
    outer loop
      vertex -5.04714 18.5183 0
      vertex -39.2254 18.5183 0
      vertex -4.95037 18.9548 0
    endloop
  endfacet
  facet normal 0 0 -1
    outer loop
      vertex -5.1055 17.1817 0
      vertex -39.167 17.1817 0
      vertex -5.125 17.6283 0
    endloop
  endfacet
  facet normal 0 0 -1
    outer loop
      vertex -39.2254 18.5183 0
      vertex -5.04714 18.5183 0
      vertex -39.167 18.075 0
    endloop
  endfacet
  facet normal 0 -0 -1
    outer loop
      vertex -39.1475 17.6283 0
      vertex -5.125 17.6283 0
      vertex -39.167 17.1817 0
    endloop
  endfacet
  facet normal 0 0 -1
    outer loop
      vertex -5.1055 18.075 0
      vertex -39.167 18.075 0
      vertex -5.04714 18.5183 0
    endloop
  endfacet
  facet normal 0 0 -1
    outer loop
      vertex -5.125 17.6283 0
      vertex -39.1475 17.6283 0
      vertex -5.1055 18.075 0
    endloop
  endfacet
  facet normal 0 0 -1
    outer loop
      vertex -39.167 18.075 0
      vertex -5.1055 18.075 0
      vertex -39.1475 17.6283 0
    endloop
  endfacet
  facet normal 0 0 -1
    outer loop
      vertex -4.43838 15.0658 0
      vertex -39.8341 15.0658 0
      vertex -4.64483 15.4624 0
    endloop
  endfacet
  facet normal 0 -0 -1
    outer loop
      vertex -39.6277 15.4624 0
      vertex -4.64483 15.4624 0
      vertex -39.8341 15.0658 0
    endloop
  endfacet
  facet normal 0 0 -1
    outer loop
      vertex -40.6486 -14.0044 0
      vertex -40.3465 14.334 0
      vertex -40.3465 -14.334 0
    endloop
  endfacet
  facet normal 0 0 -1
    outer loop
      vertex -40.6486 -14.0044 0
      vertex -40.6486 14.0044 0
      vertex -40.3465 14.334 0
    endloop
  endfacet
  facet normal 0 0 -1
    outer loop
      vertex -40.9782 -13.7024 0
      vertex -40.6486 14.0044 0
      vertex -40.6486 -14.0044 0
    endloop
  endfacet
  facet normal 0 0 -1
    outer loop
      vertex -40.9782 -13.7024 0
      vertex -40.9782 13.7024 0
      vertex -40.6486 14.0044 0
    endloop
  endfacet
  facet normal 0 0 -1
    outer loop
      vertex -41.3329 -13.4302 0
      vertex -40.9782 13.7024 0
      vertex -40.9782 -13.7024 0
    endloop
  endfacet
  facet normal 0 0 -1
    outer loop
      vertex -41.3329 -13.4302 0
      vertex -41.3329 13.4302 0
      vertex -40.9782 13.7024 0
    endloop
  endfacet
  facet normal 0 0 -1
    outer loop
      vertex -41.71 -13.19 0
      vertex -41.3329 13.4302 0
      vertex -41.3329 -13.4302 0
    endloop
  endfacet
  facet normal 0 0 -1
    outer loop
      vertex -41.71 -13.19 0
      vertex -41.71 13.19 0
      vertex -41.3329 13.4302 0
    endloop
  endfacet
  facet normal 0 0 -1
    outer loop
      vertex -42.1066 -12.9835 0
      vertex -41.71 13.19 0
      vertex -41.71 -13.19 0
    endloop
  endfacet
  facet normal 0 0 -1
    outer loop
      vertex -42.1066 -12.9835 0
      vertex -42.1066 12.9835 0
      vertex -41.71 13.19 0
    endloop
  endfacet
  facet normal 0 0 -1
    outer loop
      vertex -42.5196 -12.8124 0
      vertex -42.1066 12.9835 0
      vertex -42.1066 -12.9835 0
    endloop
  endfacet
  facet normal 0 0 -1
    outer loop
      vertex -42.5196 -12.8124 0
      vertex -42.5196 12.8124 0
      vertex -42.1066 12.9835 0
    endloop
  endfacet
  facet normal 0 0 -1
    outer loop
      vertex -42.9461 -12.678 0
      vertex -42.5196 12.8124 0
      vertex -42.5196 -12.8124 0
    endloop
  endfacet
  facet normal 0 0 -1
    outer loop
      vertex -42.9461 -12.678 0
      vertex -42.9461 12.678 0
      vertex -42.5196 12.8124 0
    endloop
  endfacet
  facet normal 0 0 -1
    outer loop
      vertex -43.3826 -12.5812 0
      vertex -42.9461 12.678 0
      vertex -42.9461 -12.678 0
    endloop
  endfacet
  facet normal 0 0 -1
    outer loop
      vertex -43.3826 -12.5812 0
      vertex -43.3826 12.5812 0
      vertex -42.9461 12.678 0
    endloop
  endfacet
  facet normal 0 0 -1
    outer loop
      vertex -43.8258 -12.5228 0
      vertex -43.3826 12.5812 0
      vertex -43.3826 -12.5812 0
    endloop
  endfacet
  facet normal 0 0 -1
    outer loop
      vertex -43.8258 -12.5228 0
      vertex -43.8258 12.5228 0
      vertex -43.3826 12.5812 0
    endloop
  endfacet
  facet normal 0 0 -1
    outer loop
      vertex -44.2725 -12.5033 0
      vertex -43.8258 12.5228 0
      vertex -43.8258 -12.5228 0
    endloop
  endfacet
  facet normal 0 0 -1
    outer loop
      vertex -44.2725 -12.5033 0
      vertex -44.2725 12.5033 0
      vertex -43.8258 12.5228 0
    endloop
  endfacet
  facet normal 0 0 -1
    outer loop
      vertex -44.7192 -12.5228 0
      vertex -44.2725 12.5033 0
      vertex -44.2725 -12.5033 0
    endloop
  endfacet
  facet normal 0 0 -1
    outer loop
      vertex -44.7192 -12.5228 0
      vertex -44.7192 12.5228 0
      vertex -44.2725 12.5033 0
    endloop
  endfacet
  facet normal 0 0 -1
    outer loop
      vertex -45.1624 -12.5812 0
      vertex -44.7192 12.5228 0
      vertex -44.7192 -12.5228 0
    endloop
  endfacet
  facet normal 0 0 -1
    outer loop
      vertex -45.1624 -12.5812 0
      vertex -45.1624 12.5812 0
      vertex -44.7192 12.5228 0
    endloop
  endfacet
  facet normal 0 0 -1
    outer loop
      vertex -45.5989 -12.678 0
      vertex -45.1624 12.5812 0
      vertex -45.1624 -12.5812 0
    endloop
  endfacet
  facet normal 0 0 -1
    outer loop
      vertex -45.5989 -12.678 0
      vertex -45.5989 12.678 0
      vertex -45.1624 12.5812 0
    endloop
  endfacet
  facet normal 0 0 -1
    outer loop
      vertex -46.0254 -12.8124 0
      vertex -45.5989 12.678 0
      vertex -45.5989 -12.678 0
    endloop
  endfacet
  facet normal 0 0 -1
    outer loop
      vertex -46.0254 -12.8124 0
      vertex -46.0254 12.8124 0
      vertex -45.5989 12.678 0
    endloop
  endfacet
  facet normal 0 0 -1
    outer loop
      vertex -46.4384 -12.9835 0
      vertex -46.0254 12.8124 0
      vertex -46.0254 -12.8124 0
    endloop
  endfacet
  facet normal 0 0 -1
    outer loop
      vertex -46.4384 -12.9835 0
      vertex -46.4384 12.9835 0
      vertex -46.0254 12.8124 0
    endloop
  endfacet
  facet normal 0 0 -1
    outer loop
      vertex -46.835 -13.19 0
      vertex -46.4384 12.9835 0
      vertex -46.4384 -12.9835 0
    endloop
  endfacet
  facet normal 0 0 -1
    outer loop
      vertex -46.835 -13.19 0
      vertex -46.835 13.19 0
      vertex -46.4384 12.9835 0
    endloop
  endfacet
  facet normal 0 0 -1
    outer loop
      vertex -47.2121 -13.4302 0
      vertex -46.835 13.19 0
      vertex -46.835 -13.19 0
    endloop
  endfacet
  facet normal 0 0 -1
    outer loop
      vertex -47.2121 -13.4302 0
      vertex -47.2121 13.4302 0
      vertex -46.835 13.19 0
    endloop
  endfacet
  facet normal 0 0 -1
    outer loop
      vertex -47.5668 -13.7024 0
      vertex -47.2121 13.4302 0
      vertex -47.2121 -13.4302 0
    endloop
  endfacet
  facet normal 0 0 -1
    outer loop
      vertex -47.5668 -13.7024 0
      vertex -47.5668 13.7024 0
      vertex -47.2121 13.4302 0
    endloop
  endfacet
  facet normal 0 0 -1
    outer loop
      vertex -47.8964 -14.0044 0
      vertex -47.5668 13.7024 0
      vertex -47.5668 -13.7024 0
    endloop
  endfacet
  facet normal 0 0 -1
    outer loop
      vertex -47.8964 -14.0044 0
      vertex -47.8964 14.0044 0
      vertex -47.5668 13.7024 0
    endloop
  endfacet
  facet normal 0 0 -1
    outer loop
      vertex -48.1985 -14.334 0
      vertex -47.8964 14.0044 0
      vertex -47.8964 -14.0044 0
    endloop
  endfacet
  facet normal 0 0 -1
    outer loop
      vertex -48.1985 -14.334 0
      vertex -48.1985 14.334 0
      vertex -47.8964 14.0044 0
    endloop
  endfacet
  facet normal 0 0 -1
    outer loop
      vertex -48.4707 -14.6888 0
      vertex -48.1985 14.334 0
      vertex -48.1985 -14.334 0
    endloop
  endfacet
  facet normal 0 0 -1
    outer loop
      vertex -48.4707 -14.6888 0
      vertex -48.4707 14.6888 0
      vertex -48.1985 14.334 0
    endloop
  endfacet
  facet normal 0 0 -1
    outer loop
      vertex -48.7109 -15.0658 0
      vertex -48.4707 14.6888 0
      vertex -48.4707 -14.6888 0
    endloop
  endfacet
  facet normal 0 0 -1
    outer loop
      vertex -48.7109 -15.0658 0
      vertex -48.7109 15.0658 0
      vertex -48.4707 14.6888 0
    endloop
  endfacet
  facet normal 0 0 -1
    outer loop
      vertex -48.9173 -15.4624 0
      vertex -48.7109 15.0658 0
      vertex -48.7109 -15.0658 0
    endloop
  endfacet
  facet normal 0 0 -1
    outer loop
      vertex -48.9173 -15.4624 0
      vertex -48.9173 15.4624 0
      vertex -48.7109 15.0658 0
    endloop
  endfacet
  facet normal 0 0 -1
    outer loop
      vertex -49.0884 -15.8755 0
      vertex -48.9173 15.4624 0
      vertex -48.9173 -15.4624 0
    endloop
  endfacet
  facet normal 0 0 -1
    outer loop
      vertex -49.0884 -15.8755 0
      vertex -49.0884 15.8755 0
      vertex -48.9173 15.4624 0
    endloop
  endfacet
  facet normal 0 0 -1
    outer loop
      vertex -49.2229 -16.3019 0
      vertex -49.0884 15.8755 0
      vertex -49.0884 -15.8755 0
    endloop
  endfacet
  facet normal 0 0 -1
    outer loop
      vertex -49.2229 -16.3019 0
      vertex -49.2229 16.3019 0
      vertex -49.0884 15.8755 0
    endloop
  endfacet
  facet normal -0 0 -1
    outer loop
      vertex -49.378 -17.1817 0
      vertex -102.545 -61.885 0
      vertex -49.3196 -16.7384 0
    endloop
  endfacet
  facet normal -0 0 -1
    outer loop
      vertex -49.3196 -16.7384 0
      vertex -102.545 -61.885 0
      vertex -49.2229 -16.3019 0
    endloop
  endfacet
  facet normal -0 0 -1
    outer loop
      vertex -49.3975 -17.6283 0
      vertex -102.545 -61.885 0
      vertex -49.378 -17.1817 0
    endloop
  endfacet
  facet normal -0 0 -1
    outer loop
      vertex -49.2229 -16.3019 0
      vertex -102.545 -61.885 0
      vertex -49.2229 16.3019 0
    endloop
  endfacet
  facet normal -0 0 -1
    outer loop
      vertex -49.378 -18.075 0
      vertex -102.545 -61.885 0
      vertex -49.3975 -17.6283 0
    endloop
  endfacet
  facet normal 0 0 -1
    outer loop
      vertex -102.545 61.885 0
      vertex -49.2229 16.3019 0
      vertex -102.545 -61.885 0
    endloop
  endfacet
  facet normal 0 0 -1
    outer loop
      vertex 39.3221 16.3019 0
      vertex 4.95037 16.3019 0
      vertex 39.2254 16.7384 0
    endloop
  endfacet
  facet normal 0 0 -1
    outer loop
      vertex 4.81592 19.3812 0
      vertex 39.4566 19.3812 0
      vertex 4.95037 18.9548 0
    endloop
  endfacet
  facet normal 0 -0 -1
    outer loop
      vertex 5.04714 16.7384 0
      vertex 39.2254 16.7384 0
      vertex 4.95037 16.3019 0
    endloop
  endfacet
  facet normal 0 0 -1
    outer loop
      vertex 39.3221 18.9548 0
      vertex 4.95037 18.9548 0
      vertex 39.4566 19.3812 0
    endloop
  endfacet
  facet normal 0 0 -1
    outer loop
      vertex 39.2254 16.7384 0
      vertex 5.04714 16.7384 0
      vertex 39.167 17.1817 0
    endloop
  endfacet
  facet normal 0 0 -1
    outer loop
      vertex 4.95037 18.9548 0
      vertex 39.3221 18.9548 0
      vertex 5.04714 18.5183 0
    endloop
  endfacet
  facet normal 0 -0 -1
    outer loop
      vertex 5.1055 17.1817 0
      vertex 39.167 17.1817 0
      vertex 5.04714 16.7384 0
    endloop
  endfacet
  facet normal 0 0 -1
    outer loop
      vertex 39.2254 18.5183 0
      vertex 5.04714 18.5183 0
      vertex 39.3221 18.9548 0
    endloop
  endfacet
  facet normal 0 0 -1
    outer loop
      vertex 39.167 17.1817 0
      vertex 5.1055 17.1817 0
      vertex 39.1475 17.6283 0
    endloop
  endfacet
  facet normal 0 0 -1
    outer loop
      vertex 5.04714 18.5183 0
      vertex 39.2254 18.5183 0
      vertex 5.1055 18.075 0
    endloop
  endfacet
  facet normal 0 -0 -1
    outer loop
      vertex 5.125 17.6283 0
      vertex 39.1475 17.6283 0
      vertex 5.1055 17.1817 0
    endloop
  endfacet
  facet normal 0 0 -1
    outer loop
      vertex 39.167 18.075 0
      vertex 5.1055 18.075 0
      vertex 39.2254 18.5183 0
    endloop
  endfacet
  facet normal 0 0 -1
    outer loop
      vertex 39.1475 17.6283 0
      vertex 5.125 17.6283 0
      vertex 39.167 18.075 0
    endloop
  endfacet
  facet normal 0 0 -1
    outer loop
      vertex 5.1055 18.075 0
      vertex 39.167 18.075 0
      vertex 5.125 17.6283 0
    endloop
  endfacet
  facet normal 0 0 -1
    outer loop
      vertex 39.8341 15.0658 0
      vertex 4.43838 15.0658 0
      vertex 39.6277 15.4624 0
    endloop
  endfacet
  facet normal 0 -0 -1
    outer loop
      vertex 4.64483 15.4624 0
      vertex 39.6277 15.4624 0
      vertex 4.43838 15.0658 0
    endloop
  endfacet
  facet normal 0 0 -1
    outer loop
      vertex 3.62392 -14.0044 0
      vertex 3.92598 14.334 0
      vertex 3.92598 -14.334 0
    endloop
  endfacet
  facet normal 0 0 -1
    outer loop
      vertex 3.62392 -14.0044 0
      vertex 3.62392 14.0044 0
      vertex 3.92598 14.334 0
    endloop
  endfacet
  facet normal 0 0 -1
    outer loop
      vertex 3.29429 -13.7024 0
      vertex 3.62392 14.0044 0
      vertex 3.62392 -14.0044 0
    endloop
  endfacet
  facet normal 0 0 -1
    outer loop
      vertex 3.29429 -13.7024 0
      vertex 3.29429 13.7024 0
      vertex 3.62392 14.0044 0
    endloop
  endfacet
  facet normal 0 0 -1
    outer loop
      vertex 2.93958 -13.4302 0
      vertex 3.29429 13.7024 0
      vertex 3.29429 -13.7024 0
    endloop
  endfacet
  facet normal 0 0 -1
    outer loop
      vertex 2.93958 -13.4302 0
      vertex 2.93958 13.4302 0
      vertex 3.29429 13.7024 0
    endloop
  endfacet
  facet normal 0 0 -1
    outer loop
      vertex 2.5625 -13.19 0
      vertex 2.93958 13.4302 0
      vertex 2.93958 -13.4302 0
    endloop
  endfacet
  facet normal 0 0 -1
    outer loop
      vertex 2.5625 -13.19 0
      vertex 2.5625 13.19 0
      vertex 2.93958 13.4302 0
    endloop
  endfacet
  facet normal 0 0 -1
    outer loop
      vertex 2.16592 -12.9835 0
      vertex 2.5625 13.19 0
      vertex 2.5625 -13.19 0
    endloop
  endfacet
  facet normal 0 0 -1
    outer loop
      vertex 2.16592 -12.9835 0
      vertex 2.16592 12.9835 0
      vertex 2.5625 13.19 0
    endloop
  endfacet
  facet normal 0 0 -1
    outer loop
      vertex 1.75285 -12.8124 0
      vertex 2.16592 12.9835 0
      vertex 2.16592 -12.9835 0
    endloop
  endfacet
  facet normal 0 0 -1
    outer loop
      vertex 1.75285 -12.8124 0
      vertex 1.75285 12.8124 0
      vertex 2.16592 12.9835 0
    endloop
  endfacet
  facet normal 0 0 -1
    outer loop
      vertex 1.32645 -12.678 0
      vertex 1.75285 12.8124 0
      vertex 1.75285 -12.8124 0
    endloop
  endfacet
  facet normal 0 0 -1
    outer loop
      vertex 1.32645 -12.678 0
      vertex 1.32645 12.678 0
      vertex 1.75285 12.8124 0
    endloop
  endfacet
  facet normal 0 0 -1
    outer loop
      vertex 0.889946 -12.5812 0
      vertex 1.32645 12.678 0
      vertex 1.32645 -12.678 0
    endloop
  endfacet
  facet normal 0 0 -1
    outer loop
      vertex 0.889946 -12.5812 0
      vertex 0.889946 12.5812 0
      vertex 1.32645 12.678 0
    endloop
  endfacet
  facet normal 0 0 -1
    outer loop
      vertex 0.446672 -12.5228 0
      vertex 0.889946 12.5812 0
      vertex 0.889946 -12.5812 0
    endloop
  endfacet
  facet normal 0 0 -1
    outer loop
      vertex 0.446672 -12.5228 0
      vertex 0.446672 12.5228 0
      vertex 0.889946 12.5812 0
    endloop
  endfacet
  facet normal 0 0 -1
    outer loop
      vertex 0 -12.5033 0
      vertex 0.446672 12.5228 0
      vertex 0.446672 -12.5228 0
    endloop
  endfacet
  facet normal 0 0 -1
    outer loop
      vertex 0 -12.5033 0
      vertex 0 12.5033 0
      vertex 0.446672 12.5228 0
    endloop
  endfacet
  facet normal 0 0 -1
    outer loop
      vertex -0.446672 -12.5228 0
      vertex 0 12.5033 0
      vertex 0 -12.5033 0
    endloop
  endfacet
  facet normal 0 0 -1
    outer loop
      vertex -0.446672 -12.5228 0
      vertex -0.446672 12.5228 0
      vertex 0 12.5033 0
    endloop
  endfacet
  facet normal 0 0 -1
    outer loop
      vertex -0.889946 -12.5812 0
      vertex -0.446672 12.5228 0
      vertex -0.446672 -12.5228 0
    endloop
  endfacet
  facet normal 0 0 -1
    outer loop
      vertex -0.889946 -12.5812 0
      vertex -0.889946 12.5812 0
      vertex -0.446672 12.5228 0
    endloop
  endfacet
  facet normal 0 0 -1
    outer loop
      vertex -1.32645 -12.678 0
      vertex -0.889946 12.5812 0
      vertex -0.889946 -12.5812 0
    endloop
  endfacet
  facet normal 0 0 -1
    outer loop
      vertex -1.32645 -12.678 0
      vertex -1.32645 12.678 0
      vertex -0.889946 12.5812 0
    endloop
  endfacet
  facet normal 0 0 -1
    outer loop
      vertex -1.75285 -12.8124 0
      vertex -1.32645 12.678 0
      vertex -1.32645 -12.678 0
    endloop
  endfacet
  facet normal 0 0 -1
    outer loop
      vertex -1.75285 -12.8124 0
      vertex -1.75285 12.8124 0
      vertex -1.32645 12.678 0
    endloop
  endfacet
  facet normal 0 0 -1
    outer loop
      vertex -2.16592 -12.9835 0
      vertex -1.75285 12.8124 0
      vertex -1.75285 -12.8124 0
    endloop
  endfacet
  facet normal 0 0 -1
    outer loop
      vertex -2.16592 -12.9835 0
      vertex -2.16592 12.9835 0
      vertex -1.75285 12.8124 0
    endloop
  endfacet
  facet normal 0 0 -1
    outer loop
      vertex -2.5625 -13.19 0
      vertex -2.16592 12.9835 0
      vertex -2.16592 -12.9835 0
    endloop
  endfacet
  facet normal 0 0 -1
    outer loop
      vertex -2.5625 -13.19 0
      vertex -2.5625 13.19 0
      vertex -2.16592 12.9835 0
    endloop
  endfacet
  facet normal 0 0 -1
    outer loop
      vertex -2.93958 -13.4302 0
      vertex -2.5625 13.19 0
      vertex -2.5625 -13.19 0
    endloop
  endfacet
  facet normal 0 0 -1
    outer loop
      vertex -2.93958 -13.4302 0
      vertex -2.93958 13.4302 0
      vertex -2.5625 13.19 0
    endloop
  endfacet
  facet normal 0 0 -1
    outer loop
      vertex -3.29429 -13.7024 0
      vertex -2.93958 13.4302 0
      vertex -2.93958 -13.4302 0
    endloop
  endfacet
  facet normal 0 0 -1
    outer loop
      vertex -3.29429 -13.7024 0
      vertex -3.29429 13.7024 0
      vertex -2.93958 13.4302 0
    endloop
  endfacet
  facet normal 0 0 -1
    outer loop
      vertex -3.62392 -14.0044 0
      vertex -3.29429 13.7024 0
      vertex -3.29429 -13.7024 0
    endloop
  endfacet
  facet normal 0 0 -1
    outer loop
      vertex -3.62392 -14.0044 0
      vertex -3.62392 14.0044 0
      vertex -3.29429 13.7024 0
    endloop
  endfacet
  facet normal 0 0 -1
    outer loop
      vertex -3.92598 -14.334 0
      vertex -3.62392 14.0044 0
      vertex -3.62392 -14.0044 0
    endloop
  endfacet
  facet normal 0 0 -1
    outer loop
      vertex -3.92598 -14.334 0
      vertex -3.92598 14.334 0
      vertex -3.62392 14.0044 0
    endloop
  endfacet
  facet normal 0 0 -1
    outer loop
      vertex -4.64483 -15.4624 0
      vertex -39.6277 -15.4624 0
      vertex -4.43838 -15.0658 0
    endloop
  endfacet
  facet normal 0 0 -1
    outer loop
      vertex -39.8341 -15.0658 0
      vertex -4.43838 -15.0658 0
      vertex -39.6277 -15.4624 0
    endloop
  endfacet
  facet normal 0 0 -1
    outer loop
      vertex -4.95037 -16.3019 0
      vertex -39.3221 -16.3019 0
      vertex -4.81592 -15.8755 0
    endloop
  endfacet
  facet normal 0 0 -1
    outer loop
      vertex -39.4566 -15.8755 0
      vertex -4.81592 -15.8755 0
      vertex -39.3221 -16.3019 0
    endloop
  endfacet
  facet normal 0 0 -1
    outer loop
      vertex -39.3221 -16.3019 0
      vertex -4.95037 -16.3019 0
      vertex -39.2254 -16.7384 0
    endloop
  endfacet
  facet normal 0 0 -1
    outer loop
      vertex -4.81592 -15.8755 0
      vertex -39.4566 -15.8755 0
      vertex -4.64483 -15.4624 0
    endloop
  endfacet
  facet normal 0 0 -1
    outer loop
      vertex -5.04714 -16.7384 0
      vertex -39.2254 -16.7384 0
      vertex -4.95037 -16.3019 0
    endloop
  endfacet
  facet normal 0 0 -1
    outer loop
      vertex -39.6277 -15.4624 0
      vertex -4.64483 -15.4624 0
      vertex -39.4566 -15.8755 0
    endloop
  endfacet
  facet normal 0 0 -1
    outer loop
      vertex -39.2254 -16.7384 0
      vertex -5.04714 -16.7384 0
      vertex -39.167 -17.1817 0
    endloop
  endfacet
  facet normal 0 0 -1
    outer loop
      vertex -4.43838 -15.0658 0
      vertex -39.8341 -15.0658 0
      vertex -4.19815 -14.6888 0
    endloop
  endfacet
  facet normal 0 0 -1
    outer loop
      vertex -5.1055 -17.1817 0
      vertex -39.167 -17.1817 0
      vertex -5.04714 -16.7384 0
    endloop
  endfacet
  facet normal 0 0 -1
    outer loop
      vertex -40.0743 -14.6888 0
      vertex -4.19815 -14.6888 0
      vertex -39.8341 -15.0658 0
    endloop
  endfacet
  facet normal 0 0 -1
    outer loop
      vertex -39.167 -17.1817 0
      vertex -5.1055 -17.1817 0
      vertex -39.1475 -17.6283 0
    endloop
  endfacet
  facet normal 0 0 -1
    outer loop
      vertex -4.19815 -14.6888 0
      vertex -40.0743 -14.6888 0
      vertex -3.92598 -14.334 0
    endloop
  endfacet
  facet normal 0 0 -1
    outer loop
      vertex -39.1475 -17.6283 0
      vertex -5.1055 -17.1817 0
      vertex -5.125 -17.6283 0
    endloop
  endfacet
  facet normal 0 0 -1
    outer loop
      vertex -40.3465 -14.334 0
      vertex -3.92598 -14.334 0
      vertex -40.0743 -14.6888 0
    endloop
  endfacet
  facet normal 0 0 -1
    outer loop
      vertex 49.3196 18.5183 0
      vertex 102.375 63.1791 0
      vertex 49.378 18.075 0
    endloop
  endfacet
  facet normal 0 0 -1
    outer loop
      vertex 48.4707 20.5679 0
      vertex 102.375 63.1791 0
      vertex 48.7109 20.1908 0
    endloop
  endfacet
  facet normal 0 0 -1
    outer loop
      vertex 49.2229 18.9548 0
      vertex 102.375 63.1791 0
      vertex 49.3196 18.5183 0
    endloop
  endfacet
  facet normal 0 0 -1
    outer loop
      vertex 48.7109 20.1908 0
      vertex 102.375 63.1791 0
      vertex 48.9173 19.7943 0
    endloop
  endfacet
  facet normal 0 0 -1
    outer loop
      vertex 49.0884 19.3812 0
      vertex 102.375 63.1791 0
      vertex 49.2229 18.9548 0
    endloop
  endfacet
  facet normal 0 0 -1
    outer loop
      vertex 48.9173 19.7943 0
      vertex 102.375 63.1791 0
      vertex 49.0884 19.3812 0
    endloop
  endfacet
  facet normal 0 0 -1
    outer loop
      vertex 49.0884 -15.8755 0
      vertex 49.2229 16.3019 0
      vertex 49.2229 -16.3019 0
    endloop
  endfacet
  facet normal 0 0 -1
    outer loop
      vertex 49.0884 -15.8755 0
      vertex 49.0884 15.8755 0
      vertex 49.2229 16.3019 0
    endloop
  endfacet
  facet normal 0 0 -1
    outer loop
      vertex 48.9173 -15.4624 0
      vertex 49.0884 15.8755 0
      vertex 49.0884 -15.8755 0
    endloop
  endfacet
  facet normal 0 0 -1
    outer loop
      vertex 48.9173 -15.4624 0
      vertex 48.9173 15.4624 0
      vertex 49.0884 15.8755 0
    endloop
  endfacet
  facet normal 0 0 -1
    outer loop
      vertex 48.7109 -15.0658 0
      vertex 48.9173 15.4624 0
      vertex 48.9173 -15.4624 0
    endloop
  endfacet
  facet normal 0 0 -1
    outer loop
      vertex 48.7109 -15.0658 0
      vertex 48.7109 15.0658 0
      vertex 48.9173 15.4624 0
    endloop
  endfacet
  facet normal 0 0 -1
    outer loop
      vertex 48.4707 -14.6888 0
      vertex 48.7109 15.0658 0
      vertex 48.7109 -15.0658 0
    endloop
  endfacet
  facet normal 0 0 -1
    outer loop
      vertex 48.4707 -14.6888 0
      vertex 48.4707 14.6888 0
      vertex 48.7109 15.0658 0
    endloop
  endfacet
  facet normal 0 0 -1
    outer loop
      vertex 48.1985 -14.334 0
      vertex 48.4707 14.6888 0
      vertex 48.4707 -14.6888 0
    endloop
  endfacet
  facet normal 0 0 -1
    outer loop
      vertex 48.1985 -14.334 0
      vertex 48.1985 14.334 0
      vertex 48.4707 14.6888 0
    endloop
  endfacet
  facet normal 0 0 -1
    outer loop
      vertex 47.8964 -14.0044 0
      vertex 48.1985 14.334 0
      vertex 48.1985 -14.334 0
    endloop
  endfacet
  facet normal 0 0 -1
    outer loop
      vertex 47.8964 -14.0044 0
      vertex 47.8964 14.0044 0
      vertex 48.1985 14.334 0
    endloop
  endfacet
  facet normal 0 0 -1
    outer loop
      vertex 47.5668 -13.7024 0
      vertex 47.8964 14.0044 0
      vertex 47.8964 -14.0044 0
    endloop
  endfacet
  facet normal 0 0 -1
    outer loop
      vertex 47.5668 -13.7024 0
      vertex 47.5668 13.7024 0
      vertex 47.8964 14.0044 0
    endloop
  endfacet
  facet normal 0 0 -1
    outer loop
      vertex 47.2121 -13.4302 0
      vertex 47.5668 13.7024 0
      vertex 47.5668 -13.7024 0
    endloop
  endfacet
  facet normal 0 0 -1
    outer loop
      vertex 47.2121 -13.4302 0
      vertex 47.2121 13.4302 0
      vertex 47.5668 13.7024 0
    endloop
  endfacet
  facet normal 0 0 -1
    outer loop
      vertex 46.835 -13.19 0
      vertex 47.2121 13.4302 0
      vertex 47.2121 -13.4302 0
    endloop
  endfacet
  facet normal 0 0 -1
    outer loop
      vertex 46.835 -13.19 0
      vertex 46.835 13.19 0
      vertex 47.2121 13.4302 0
    endloop
  endfacet
  facet normal 0 0 -1
    outer loop
      vertex 46.4384 -12.9835 0
      vertex 46.835 13.19 0
      vertex 46.835 -13.19 0
    endloop
  endfacet
  facet normal 0 0 -1
    outer loop
      vertex 46.4384 -12.9835 0
      vertex 46.4384 12.9835 0
      vertex 46.835 13.19 0
    endloop
  endfacet
  facet normal 0 0 -1
    outer loop
      vertex 46.0254 -12.8124 0
      vertex 46.4384 12.9835 0
      vertex 46.4384 -12.9835 0
    endloop
  endfacet
  facet normal 0 0 -1
    outer loop
      vertex 46.0254 -12.8124 0
      vertex 46.0254 12.8124 0
      vertex 46.4384 12.9835 0
    endloop
  endfacet
  facet normal 0 0 -1
    outer loop
      vertex 45.5989 -12.678 0
      vertex 46.0254 12.8124 0
      vertex 46.0254 -12.8124 0
    endloop
  endfacet
  facet normal 0 0 -1
    outer loop
      vertex 45.5989 -12.678 0
      vertex 45.5989 12.678 0
      vertex 46.0254 12.8124 0
    endloop
  endfacet
  facet normal 0 0 -1
    outer loop
      vertex 45.1624 -12.5812 0
      vertex 45.5989 12.678 0
      vertex 45.5989 -12.678 0
    endloop
  endfacet
  facet normal 0 0 -1
    outer loop
      vertex 45.1624 -12.5812 0
      vertex 45.1624 12.5812 0
      vertex 45.5989 12.678 0
    endloop
  endfacet
  facet normal 0 0 -1
    outer loop
      vertex 44.7192 -12.5228 0
      vertex 45.1624 12.5812 0
      vertex 45.1624 -12.5812 0
    endloop
  endfacet
  facet normal 0 0 -1
    outer loop
      vertex 44.7192 -12.5228 0
      vertex 44.7192 12.5228 0
      vertex 45.1624 12.5812 0
    endloop
  endfacet
  facet normal 0 0 -1
    outer loop
      vertex 44.2725 -12.5033 0
      vertex 44.7192 12.5228 0
      vertex 44.7192 -12.5228 0
    endloop
  endfacet
  facet normal 0 0 -1
    outer loop
      vertex 44.2725 -12.5033 0
      vertex 44.2725 12.5033 0
      vertex 44.7192 12.5228 0
    endloop
  endfacet
  facet normal 0 0 -1
    outer loop
      vertex 43.8258 -12.5228 0
      vertex 44.2725 12.5033 0
      vertex 44.2725 -12.5033 0
    endloop
  endfacet
  facet normal 0 0 -1
    outer loop
      vertex 43.8258 -12.5228 0
      vertex 43.8258 12.5228 0
      vertex 44.2725 12.5033 0
    endloop
  endfacet
  facet normal 0 0 -1
    outer loop
      vertex 43.3826 -12.5812 0
      vertex 43.8258 12.5228 0
      vertex 43.8258 -12.5228 0
    endloop
  endfacet
  facet normal 0 0 -1
    outer loop
      vertex 43.3826 -12.5812 0
      vertex 43.3826 12.5812 0
      vertex 43.8258 12.5228 0
    endloop
  endfacet
  facet normal 0 0 -1
    outer loop
      vertex 42.9461 -12.678 0
      vertex 43.3826 12.5812 0
      vertex 43.3826 -12.5812 0
    endloop
  endfacet
  facet normal 0 0 -1
    outer loop
      vertex 42.9461 -12.678 0
      vertex 42.9461 12.678 0
      vertex 43.3826 12.5812 0
    endloop
  endfacet
  facet normal 0 0 -1
    outer loop
      vertex 42.5196 -12.8124 0
      vertex 42.9461 12.678 0
      vertex 42.9461 -12.678 0
    endloop
  endfacet
  facet normal 0 0 -1
    outer loop
      vertex 42.5196 -12.8124 0
      vertex 42.5196 12.8124 0
      vertex 42.9461 12.678 0
    endloop
  endfacet
  facet normal 0 0 -1
    outer loop
      vertex 42.1066 -12.9835 0
      vertex 42.5196 12.8124 0
      vertex 42.5196 -12.8124 0
    endloop
  endfacet
  facet normal 0 0 -1
    outer loop
      vertex 42.1066 -12.9835 0
      vertex 42.1066 12.9835 0
      vertex 42.5196 12.8124 0
    endloop
  endfacet
  facet normal 0 0 -1
    outer loop
      vertex 41.71 -13.19 0
      vertex 42.1066 12.9835 0
      vertex 42.1066 -12.9835 0
    endloop
  endfacet
  facet normal 0 0 -1
    outer loop
      vertex 41.71 -13.19 0
      vertex 41.71 13.19 0
      vertex 42.1066 12.9835 0
    endloop
  endfacet
  facet normal 0 0 -1
    outer loop
      vertex 41.3329 -13.4302 0
      vertex 41.71 13.19 0
      vertex 41.71 -13.19 0
    endloop
  endfacet
  facet normal 0 0 -1
    outer loop
      vertex 41.3329 -13.4302 0
      vertex 41.3329 13.4302 0
      vertex 41.71 13.19 0
    endloop
  endfacet
  facet normal 0 0 -1
    outer loop
      vertex 40.9782 -13.7024 0
      vertex 41.3329 13.4302 0
      vertex 41.3329 -13.4302 0
    endloop
  endfacet
  facet normal 0 0 -1
    outer loop
      vertex 40.9782 -13.7024 0
      vertex 40.9782 13.7024 0
      vertex 41.3329 13.4302 0
    endloop
  endfacet
  facet normal 0 0 -1
    outer loop
      vertex 40.6486 -14.0044 0
      vertex 40.9782 13.7024 0
      vertex 40.9782 -13.7024 0
    endloop
  endfacet
  facet normal 0 0 -1
    outer loop
      vertex 40.6486 -14.0044 0
      vertex 40.6486 14.0044 0
      vertex 40.9782 13.7024 0
    endloop
  endfacet
  facet normal 0 0 -1
    outer loop
      vertex 40.3465 -14.334 0
      vertex 40.6486 14.0044 0
      vertex 40.6486 -14.0044 0
    endloop
  endfacet
  facet normal 0 0 -1
    outer loop
      vertex 40.3465 -14.334 0
      vertex 40.3465 14.334 0
      vertex 40.6486 14.0044 0
    endloop
  endfacet
  facet normal 0 0 -1
    outer loop
      vertex 39.6277 -15.4624 0
      vertex 4.64483 -15.4624 0
      vertex 39.8341 -15.0658 0
    endloop
  endfacet
  facet normal 0 0 -1
    outer loop
      vertex 4.43838 -15.0658 0
      vertex 39.8341 -15.0658 0
      vertex 4.64483 -15.4624 0
    endloop
  endfacet
  facet normal 0 0 -1
    outer loop
      vertex 39.3221 -16.3019 0
      vertex 4.95037 -16.3019 0
      vertex 39.4566 -15.8755 0
    endloop
  endfacet
  facet normal 0 0 -1
    outer loop
      vertex 4.81592 -15.8755 0
      vertex 39.4566 -15.8755 0
      vertex 4.95037 -16.3019 0
    endloop
  endfacet
  facet normal 0 0 -1
    outer loop
      vertex 4.95037 -16.3019 0
      vertex 39.3221 -16.3019 0
      vertex 5.04714 -16.7384 0
    endloop
  endfacet
  facet normal 0 0 -1
    outer loop
      vertex 39.4566 -15.8755 0
      vertex 4.81592 -15.8755 0
      vertex 39.6277 -15.4624 0
    endloop
  endfacet
  facet normal 0 0 -1
    outer loop
      vertex 39.2254 -16.7384 0
      vertex 5.04714 -16.7384 0
      vertex 39.3221 -16.3019 0
    endloop
  endfacet
  facet normal 0 0 -1
    outer loop
      vertex 4.64483 -15.4624 0
      vertex 39.6277 -15.4624 0
      vertex 4.81592 -15.8755 0
    endloop
  endfacet
  facet normal 0 0 -1
    outer loop
      vertex 5.04714 -16.7384 0
      vertex 39.2254 -16.7384 0
      vertex 5.1055 -17.1817 0
    endloop
  endfacet
  facet normal 0 0 -1
    outer loop
      vertex 39.8341 -15.0658 0
      vertex 4.43838 -15.0658 0
      vertex 40.0743 -14.6888 0
    endloop
  endfacet
  facet normal 0 0 -1
    outer loop
      vertex 39.167 -17.1817 0
      vertex 5.1055 -17.1817 0
      vertex 39.2254 -16.7384 0
    endloop
  endfacet
  facet normal 0 0 -1
    outer loop
      vertex 4.19815 -14.6888 0
      vertex 40.0743 -14.6888 0
      vertex 4.43838 -15.0658 0
    endloop
  endfacet
  facet normal 0 0 -1
    outer loop
      vertex 5.1055 -17.1817 0
      vertex 39.167 -17.1817 0
      vertex 5.125 -17.6283 0
    endloop
  endfacet
  facet normal 0 0 -1
    outer loop
      vertex 40.0743 -14.6888 0
      vertex 4.19815 -14.6888 0
      vertex 40.3465 -14.334 0
    endloop
  endfacet
  facet normal 0 0 -1
    outer loop
      vertex 5.125 -17.6283 0
      vertex 39.167 -17.1817 0
      vertex 39.1475 -17.6283 0
    endloop
  endfacet
  facet normal 0 0 -1
    outer loop
      vertex 3.92598 -14.334 0
      vertex 40.3465 -14.334 0
      vertex 4.19815 -14.6888 0
    endloop
  endfacet
  facet normal 0 0 -1
    outer loop
      vertex 102.545 -61.885 0
      vertex 49.378 -18.075 0
      vertex 49.3975 -17.6283 0
    endloop
  endfacet
  facet normal 0 0 -1
    outer loop
      vertex 102.545 -61.885 0
      vertex 49.3196 -18.5183 0
      vertex 49.378 -18.075 0
    endloop
  endfacet
  facet normal 0 0 -1
    outer loop
      vertex 102.545 -61.885 0
      vertex 49.2229 -18.9548 0
      vertex 49.3196 -18.5183 0
    endloop
  endfacet
  facet normal 0 0 -1
    outer loop
      vertex 102.545 -61.885 0
      vertex 49.0884 -19.3812 0
      vertex 49.2229 -18.9548 0
    endloop
  endfacet
  facet normal 0 0 -1
    outer loop
      vertex 102.545 -61.885 0
      vertex 48.9173 -19.7943 0
      vertex 49.0884 -19.3812 0
    endloop
  endfacet
  facet normal 0 0 -1
    outer loop
      vertex 102.545 -61.885 0
      vertex 48.7109 -20.1908 0
      vertex 48.9173 -19.7943 0
    endloop
  endfacet
  facet normal 0 0 -1
    outer loop
      vertex 102.545 -61.885 0
      vertex 48.4707 -20.5679 0
      vertex 48.7109 -20.1908 0
    endloop
  endfacet
  facet normal 0 0 -1
    outer loop
      vertex 97.545 -66.885 0
      vertex 48.1985 -20.9226 0
      vertex 48.4707 -20.5679 0
    endloop
  endfacet
  facet normal 0 0 -1
    outer loop
      vertex 97.545 -66.885 0
      vertex 47.8964 -21.2523 0
      vertex 48.1985 -20.9226 0
    endloop
  endfacet
  facet normal 0 0 -1
    outer loop
      vertex 97.545 -66.885 0
      vertex 47.5668 -21.5543 0
      vertex 47.8964 -21.2523 0
    endloop
  endfacet
  facet normal 0 0 -1
    outer loop
      vertex 97.545 -66.885 0
      vertex 47.2121 -21.8265 0
      vertex 47.5668 -21.5543 0
    endloop
  endfacet
  facet normal 0 0 -1
    outer loop
      vertex 97.545 -66.885 0
      vertex 46.835 -22.0667 0
      vertex 47.2121 -21.8265 0
    endloop
  endfacet
  facet normal 0 0 -1
    outer loop
      vertex 97.545 -66.885 0
      vertex 46.4384 -22.2732 0
      vertex 46.835 -22.0667 0
    endloop
  endfacet
  facet normal 0 0 -1
    outer loop
      vertex 97.545 -66.885 0
      vertex 46.0254 -22.4443 0
      vertex 46.4384 -22.2732 0
    endloop
  endfacet
  facet normal 0 0 -1
    outer loop
      vertex 97.545 -66.885 0
      vertex 45.5989 -22.5787 0
      vertex 46.0254 -22.4443 0
    endloop
  endfacet
  facet normal 0 0 -1
    outer loop
      vertex 97.545 -66.885 0
      vertex 45.1624 -22.6755 0
      vertex 45.5989 -22.5787 0
    endloop
  endfacet
  facet normal 0 0 -1
    outer loop
      vertex 97.545 -66.885 0
      vertex 44.7192 -22.7338 0
      vertex 45.1624 -22.6755 0
    endloop
  endfacet
  facet normal 0 0 -1
    outer loop
      vertex 97.545 -66.885 0
      vertex 44.2725 -22.7533 0
      vertex 44.7192 -22.7338 0
    endloop
  endfacet
  facet normal 0 0 -1
    outer loop
      vertex 97.545 -66.885 0
      vertex 43.8258 -22.7338 0
      vertex 44.2725 -22.7533 0
    endloop
  endfacet
  facet normal 0 0 -1
    outer loop
      vertex 97.545 -66.885 0
      vertex 43.3826 -22.6755 0
      vertex 43.8258 -22.7338 0
    endloop
  endfacet
  facet normal 0 0 -1
    outer loop
      vertex 97.545 -66.885 0
      vertex 42.9461 -22.5787 0
      vertex 43.3826 -22.6755 0
    endloop
  endfacet
  facet normal 0 0 -1
    outer loop
      vertex 1.32645 -22.5787 0
      vertex 42.9461 -22.5787 0
      vertex 97.545 -66.885 0
    endloop
  endfacet
  facet normal 0 0 -1
    outer loop
      vertex 42.9461 -22.5787 0
      vertex 1.32645 -22.5787 0
      vertex 42.5196 -22.4443 0
    endloop
  endfacet
  facet normal 0 -0 -1
    outer loop
      vertex 1.75285 -22.4443 0
      vertex 42.5196 -22.4443 0
      vertex 1.32645 -22.5787 0
    endloop
  endfacet
  facet normal 0 0 -1
    outer loop
      vertex 42.5196 -22.4443 0
      vertex 1.75285 -22.4443 0
      vertex 42.1066 -22.2732 0
    endloop
  endfacet
  facet normal 0 -0 -1
    outer loop
      vertex 2.16592 -22.2732 0
      vertex 42.1066 -22.2732 0
      vertex 1.75285 -22.4443 0
    endloop
  endfacet
  facet normal 0 0 -1
    outer loop
      vertex 40.3465 -14.334 0
      vertex 3.92598 -14.334 0
      vertex 40.3465 14.334 0
    endloop
  endfacet
  facet normal 0 0 -1
    outer loop
      vertex 39.167 -18.075 0
      vertex 5.125 -17.6283 0
      vertex 39.1475 -17.6283 0
    endloop
  endfacet
  facet normal 0 0 -1
    outer loop
      vertex 5.1055 -18.075 0
      vertex 39.167 -18.075 0
      vertex 39.2254 -18.5183 0
    endloop
  endfacet
  facet normal 0 0 -1
    outer loop
      vertex 5.04714 -18.5183 0
      vertex 39.2254 -18.5183 0
      vertex 39.3221 -18.9548 0
    endloop
  endfacet
  facet normal 0 0 -1
    outer loop
      vertex 4.95037 -18.9548 0
      vertex 39.3221 -18.9548 0
      vertex 39.4566 -19.3812 0
    endloop
  endfacet
  facet normal 0 0 -1
    outer loop
      vertex 4.81592 -19.3812 0
      vertex 39.4566 -19.3812 0
      vertex 39.6277 -19.7943 0
    endloop
  endfacet
  facet normal 0 0 -1
    outer loop
      vertex 4.64483 -19.7943 0
      vertex 39.6277 -19.7943 0
      vertex 39.8341 -20.1908 0
    endloop
  endfacet
  facet normal 0 0 -1
    outer loop
      vertex 4.43838 -20.1908 0
      vertex 39.8341 -20.1908 0
      vertex 40.0743 -20.5679 0
    endloop
  endfacet
  facet normal 0 0 -1
    outer loop
      vertex 4.19815 -20.5679 0
      vertex 40.0743 -20.5679 0
      vertex 40.3465 -20.9226 0
    endloop
  endfacet
  facet normal 0 0 -1
    outer loop
      vertex 3.92598 -20.9226 0
      vertex 40.3465 -20.9226 0
      vertex 40.6486 -21.2523 0
    endloop
  endfacet
  facet normal 0 0 -1
    outer loop
      vertex 3.62392 -21.2523 0
      vertex 40.6486 -21.2523 0
      vertex 40.9782 -21.5543 0
    endloop
  endfacet
  facet normal 0 0 -1
    outer loop
      vertex 42.1066 -22.2732 0
      vertex 2.16592 -22.2732 0
      vertex 41.71 -22.0667 0
    endloop
  endfacet
  facet normal 0 0 -1
    outer loop
      vertex 39.167 -18.075 0
      vertex 5.1055 -18.075 0
      vertex 5.125 -17.6283 0
    endloop
  endfacet
  facet normal 0 0 -1
    outer loop
      vertex 39.2254 -18.5183 0
      vertex 5.04714 -18.5183 0
      vertex 5.1055 -18.075 0
    endloop
  endfacet
  facet normal 0 0 -1
    outer loop
      vertex 39.3221 -18.9548 0
      vertex 4.95037 -18.9548 0
      vertex 5.04714 -18.5183 0
    endloop
  endfacet
  facet normal 0 0 -1
    outer loop
      vertex 39.4566 -19.3812 0
      vertex 4.81592 -19.3812 0
      vertex 4.95037 -18.9548 0
    endloop
  endfacet
  facet normal 0 0 -1
    outer loop
      vertex 39.6277 -19.7943 0
      vertex 4.64483 -19.7943 0
      vertex 4.81592 -19.3812 0
    endloop
  endfacet
  facet normal 0 0 -1
    outer loop
      vertex 39.8341 -20.1908 0
      vertex 4.43838 -20.1908 0
      vertex 4.64483 -19.7943 0
    endloop
  endfacet
  facet normal 0 0 -1
    outer loop
      vertex 40.0743 -20.5679 0
      vertex 4.19815 -20.5679 0
      vertex 4.43838 -20.1908 0
    endloop
  endfacet
  facet normal 0 0 -1
    outer loop
      vertex 40.3465 -20.9226 0
      vertex 3.92598 -20.9226 0
      vertex 4.19815 -20.5679 0
    endloop
  endfacet
  facet normal 0 0 -1
    outer loop
      vertex 40.6486 -21.2523 0
      vertex 3.62392 -21.2523 0
      vertex 3.92598 -20.9226 0
    endloop
  endfacet
  facet normal 0 0 -1
    outer loop
      vertex 40.9782 -21.5543 0
      vertex 3.29429 -21.5543 0
      vertex 3.62392 -21.2523 0
    endloop
  endfacet
  facet normal -0 0 -1
    outer loop
      vertex 40.9782 -21.5543 0
      vertex 2.93958 -21.8265 0
      vertex 3.29429 -21.5543 0
    endloop
  endfacet
  facet normal 0 0 -1
    outer loop
      vertex 41.3329 -21.8265 0
      vertex 2.93958 -21.8265 0
      vertex 40.9782 -21.5543 0
    endloop
  endfacet
  facet normal 0 -0 -1
    outer loop
      vertex 2.93958 -21.8265 0
      vertex 41.3329 -21.8265 0
      vertex 2.5625 -22.0667 0
    endloop
  endfacet
  facet normal 0 0 -1
    outer loop
      vertex 41.71 -22.0667 0
      vertex 2.5625 -22.0667 0
      vertex 41.3329 -21.8265 0
    endloop
  endfacet
  facet normal 0 -0 -1
    outer loop
      vertex 2.5625 -22.0667 0
      vertex 41.71 -22.0667 0
      vertex 2.16592 -22.2732 0
    endloop
  endfacet
  facet normal 0 0 -1
    outer loop
      vertex 97.545 -66.885 0
      vertex 0.889946 -22.6755 0
      vertex 1.32645 -22.5787 0
    endloop
  endfacet
  facet normal 0 0 -1
    outer loop
      vertex 97.545 -66.885 0
      vertex 0.446672 -22.7338 0
      vertex 0.889946 -22.6755 0
    endloop
  endfacet
  facet normal 0 0 -1
    outer loop
      vertex 97.545 -66.885 0
      vertex 0 -22.7533 0
      vertex 0.446672 -22.7338 0
    endloop
  endfacet
  facet normal 0 0 -1
    outer loop
      vertex -97.545 -66.885 0
      vertex 0 -22.7533 0
      vertex 97.545 -66.885 0
    endloop
  endfacet
  facet normal -0 0 -1
    outer loop
      vertex 0 -22.7533 0
      vertex -97.545 -66.885 0
      vertex -0.446672 -22.7338 0
    endloop
  endfacet
  facet normal -0 0 -1
    outer loop
      vertex -0.446672 -22.7338 0
      vertex -97.545 -66.885 0
      vertex -0.889946 -22.6755 0
    endloop
  endfacet
  facet normal -0 0 -1
    outer loop
      vertex -0.889946 -22.6755 0
      vertex -97.545 -66.885 0
      vertex -1.32645 -22.5787 0
    endloop
  endfacet
  facet normal 0 -0 -1
    outer loop
      vertex -42.9461 -22.5787 0
      vertex -1.32645 -22.5787 0
      vertex -97.545 -66.885 0
    endloop
  endfacet
  facet normal 0 0 -1
    outer loop
      vertex -3.92598 -14.334 0
      vertex -40.3465 -14.334 0
      vertex -3.92598 14.334 0
    endloop
  endfacet
  facet normal 0 0 -1
    outer loop
      vertex -5.1055 -18.075 0
      vertex -39.1475 -17.6283 0
      vertex -5.125 -17.6283 0
    endloop
  endfacet
  facet normal 0 0 -1
    outer loop
      vertex -39.167 -18.075 0
      vertex -5.1055 -18.075 0
      vertex -5.04714 -18.5183 0
    endloop
  endfacet
  facet normal 0 0 -1
    outer loop
      vertex -39.2254 -18.5183 0
      vertex -5.04714 -18.5183 0
      vertex -4.95037 -18.9548 0
    endloop
  endfacet
  facet normal 0 0 -1
    outer loop
      vertex -39.3221 -18.9548 0
      vertex -4.95037 -18.9548 0
      vertex -4.81592 -19.3812 0
    endloop
  endfacet
  facet normal 0 0 -1
    outer loop
      vertex -39.4566 -19.3812 0
      vertex -4.81592 -19.3812 0
      vertex -4.64483 -19.7943 0
    endloop
  endfacet
  facet normal 0 0 -1
    outer loop
      vertex -39.6277 -19.7943 0
      vertex -4.64483 -19.7943 0
      vertex -4.43838 -20.1908 0
    endloop
  endfacet
  facet normal 0 0 -1
    outer loop
      vertex -39.8341 -20.1908 0
      vertex -4.43838 -20.1908 0
      vertex -4.19815 -20.5679 0
    endloop
  endfacet
  facet normal 0 0 -1
    outer loop
      vertex -40.0743 -20.5679 0
      vertex -4.19815 -20.5679 0
      vertex -3.92598 -20.9226 0
    endloop
  endfacet
  facet normal 0 0 -1
    outer loop
      vertex -40.3465 -20.9226 0
      vertex -3.92598 -20.9226 0
      vertex -3.62392 -21.2523 0
    endloop
  endfacet
  facet normal 0 0 -1
    outer loop
      vertex -40.6486 -21.2523 0
      vertex -3.62392 -21.2523 0
      vertex -3.29429 -21.5543 0
    endloop
  endfacet
  facet normal 0 0 -1
    outer loop
      vertex -40.9782 -21.5543 0
      vertex -3.29429 -21.5543 0
      vertex -2.93958 -21.8265 0
    endloop
  endfacet
  facet normal 0 0 -1
    outer loop
      vertex -41.3329 -21.8265 0
      vertex -2.93958 -21.8265 0
      vertex -2.5625 -22.0667 0
    endloop
  endfacet
  facet normal 0 0 -1
    outer loop
      vertex -41.71 -22.0667 0
      vertex -2.5625 -22.0667 0
      vertex -2.16592 -22.2732 0
    endloop
  endfacet
  facet normal 0 0 -1
    outer loop
      vertex -1.32645 -22.5787 0
      vertex -42.9461 -22.5787 0
      vertex -1.75285 -22.4443 0
    endloop
  endfacet
  facet normal 0 0 -1
    outer loop
      vertex -5.1055 -18.075 0
      vertex -39.167 -18.075 0
      vertex -39.1475 -17.6283 0
    endloop
  endfacet
  facet normal 0 0 -1
    outer loop
      vertex -5.04714 -18.5183 0
      vertex -39.2254 -18.5183 0
      vertex -39.167 -18.075 0
    endloop
  endfacet
  facet normal 0 0 -1
    outer loop
      vertex -4.95037 -18.9548 0
      vertex -39.3221 -18.9548 0
      vertex -39.2254 -18.5183 0
    endloop
  endfacet
  facet normal 0 0 -1
    outer loop
      vertex -4.81592 -19.3812 0
      vertex -39.4566 -19.3812 0
      vertex -39.3221 -18.9548 0
    endloop
  endfacet
  facet normal 0 0 -1
    outer loop
      vertex -4.64483 -19.7943 0
      vertex -39.6277 -19.7943 0
      vertex -39.4566 -19.3812 0
    endloop
  endfacet
  facet normal 0 0 -1
    outer loop
      vertex -4.43838 -20.1908 0
      vertex -39.8341 -20.1908 0
      vertex -39.6277 -19.7943 0
    endloop
  endfacet
  facet normal 0 0 -1
    outer loop
      vertex -4.19815 -20.5679 0
      vertex -40.0743 -20.5679 0
      vertex -39.8341 -20.1908 0
    endloop
  endfacet
  facet normal 0 0 -1
    outer loop
      vertex -3.92598 -20.9226 0
      vertex -40.3465 -20.9226 0
      vertex -40.0743 -20.5679 0
    endloop
  endfacet
  facet normal 0 0 -1
    outer loop
      vertex -3.62392 -21.2523 0
      vertex -40.6486 -21.2523 0
      vertex -40.3465 -20.9226 0
    endloop
  endfacet
  facet normal 0 0 -1
    outer loop
      vertex -3.29429 -21.5543 0
      vertex -40.9782 -21.5543 0
      vertex -40.6486 -21.2523 0
    endloop
  endfacet
  facet normal 0 0 -1
    outer loop
      vertex -2.93958 -21.8265 0
      vertex -41.3329 -21.8265 0
      vertex -40.9782 -21.5543 0
    endloop
  endfacet
  facet normal 0 0 -1
    outer loop
      vertex -2.5625 -22.0667 0
      vertex -41.71 -22.0667 0
      vertex -41.3329 -21.8265 0
    endloop
  endfacet
  facet normal 0 0 -1
    outer loop
      vertex -2.16592 -22.2732 0
      vertex -42.1066 -22.2732 0
      vertex -41.71 -22.0667 0
    endloop
  endfacet
  facet normal -0 0 -1
    outer loop
      vertex -2.16592 -22.2732 0
      vertex -42.5196 -22.4443 0
      vertex -42.1066 -22.2732 0
    endloop
  endfacet
  facet normal 0 -0 -1
    outer loop
      vertex -42.5196 -22.4443 0
      vertex -1.75285 -22.4443 0
      vertex -42.9461 -22.5787 0
    endloop
  endfacet
  facet normal 0 0 -1
    outer loop
      vertex -1.75285 -22.4443 0
      vertex -42.5196 -22.4443 0
      vertex -2.16592 -22.2732 0
    endloop
  endfacet
  facet normal 0 0 -1
    outer loop
      vertex -42.9461 -22.5787 0
      vertex -97.545 -66.885 0
      vertex -43.3826 -22.6755 0
    endloop
  endfacet
  facet normal 0 0 -1
    outer loop
      vertex -43.3826 -22.6755 0
      vertex -97.545 -66.885 0
      vertex -43.8258 -22.7338 0
    endloop
  endfacet
  facet normal 0 0 -1
    outer loop
      vertex -43.8258 -22.7338 0
      vertex -97.545 -66.885 0
      vertex -44.2725 -22.7533 0
    endloop
  endfacet
  facet normal -0 0 -1
    outer loop
      vertex -44.2725 -22.7533 0
      vertex -97.545 -66.885 0
      vertex -44.7192 -22.7338 0
    endloop
  endfacet
  facet normal -0 0 -1
    outer loop
      vertex -44.7192 -22.7338 0
      vertex -97.545 -66.885 0
      vertex -45.1624 -22.6755 0
    endloop
  endfacet
  facet normal 0 0 -1
    outer loop
      vertex -49.2229 16.3019 0
      vertex -102.545 61.885 0
      vertex -49.3196 16.7384 0
    endloop
  endfacet
  facet normal -0 0 -1
    outer loop
      vertex -49.3196 -18.5183 0
      vertex -102.545 -61.885 0
      vertex -49.378 -18.075 0
    endloop
  endfacet
  facet normal -0 0 -1
    outer loop
      vertex -49.2229 -18.9548 0
      vertex -102.545 -61.885 0
      vertex -49.3196 -18.5183 0
    endloop
  endfacet
  facet normal -0 0 -1
    outer loop
      vertex -49.0884 -19.3812 0
      vertex -102.545 -61.885 0
      vertex -49.2229 -18.9548 0
    endloop
  endfacet
  facet normal -0 0 -1
    outer loop
      vertex -48.9173 -19.7943 0
      vertex -102.545 -61.885 0
      vertex -49.0884 -19.3812 0
    endloop
  endfacet
  facet normal -0 0 -1
    outer loop
      vertex -48.7109 -20.1908 0
      vertex -102.545 -61.885 0
      vertex -48.9173 -19.7943 0
    endloop
  endfacet
  facet normal -0 0 -1
    outer loop
      vertex -48.4707 -20.5679 0
      vertex -102.545 -61.885 0
      vertex -48.7109 -20.1908 0
    endloop
  endfacet
  facet normal 0 0 -1
    outer loop
      vertex -102.545 -61.885 0
      vertex -48.4707 -20.5679 0
      vertex -97.545 -66.885 0
    endloop
  endfacet
  facet normal -0 0 -1
    outer loop
      vertex -48.1985 -20.9226 0
      vertex -97.545 -66.885 0
      vertex -48.4707 -20.5679 0
    endloop
  endfacet
  facet normal -0 0 -1
    outer loop
      vertex -47.8964 -21.2523 0
      vertex -97.545 -66.885 0
      vertex -48.1985 -20.9226 0
    endloop
  endfacet
  facet normal -0 0 -1
    outer loop
      vertex -47.5668 -21.5543 0
      vertex -97.545 -66.885 0
      vertex -47.8964 -21.2523 0
    endloop
  endfacet
  facet normal -0 0 -1
    outer loop
      vertex -47.2121 -21.8265 0
      vertex -97.545 -66.885 0
      vertex -47.5668 -21.5543 0
    endloop
  endfacet
  facet normal -0 0 -1
    outer loop
      vertex -46.835 -22.0667 0
      vertex -97.545 -66.885 0
      vertex -47.2121 -21.8265 0
    endloop
  endfacet
  facet normal -0 0 -1
    outer loop
      vertex -46.4384 -22.2732 0
      vertex -97.545 -66.885 0
      vertex -46.835 -22.0667 0
    endloop
  endfacet
  facet normal -0 0 -1
    outer loop
      vertex -46.0254 -22.4443 0
      vertex -97.545 -66.885 0
      vertex -46.4384 -22.2732 0
    endloop
  endfacet
  facet normal -0 0 -1
    outer loop
      vertex -45.5989 -22.5787 0
      vertex -97.545 -66.885 0
      vertex -46.0254 -22.4443 0
    endloop
  endfacet
  facet normal -0 0 -1
    outer loop
      vertex -45.1624 -22.6755 0
      vertex -97.545 -66.885 0
      vertex -45.5989 -22.5787 0
    endloop
  endfacet
  facet normal -0.736821 -0.676088 0
    outer loop
      vertex -111.666 -67.1213 -6.05
      vertex -111.843 -66.9284 6.05
      vertex -111.843 -66.9284 -6.05
    endloop
  endfacet
  facet normal -0.736821 -0.676088 0
    outer loop
      vertex -111.843 -66.9284 6.05
      vertex -111.666 -67.1213 -6.05
      vertex -111.666 -67.1213 6.05
    endloop
  endfacet
  facet normal -0.99102 -0.133715 0
    outer loop
      vertex -112.499 -65.5209 -6.05
      vertex -112.534 -65.2615 6.05
      vertex -112.534 -65.2615 -6.05
    endloop
  endfacet
  facet normal -0.99102 -0.133715 0
    outer loop
      vertex -112.534 -65.2615 6.05
      vertex -112.499 -65.5209 -6.05
      vertex -112.499 -65.5209 6.05
    endloop
  endfacet
  facet normal -0.794043 -0.607862 0
    outer loop
      vertex -111.843 -66.9284 -6.05
      vertex -112.002 -66.7207 6.05
      vertex -112.002 -66.7207 -6.05
    endloop
  endfacet
  facet normal -0.794043 -0.607862 0
    outer loop
      vertex -112.002 -66.7207 6.05
      vertex -111.843 -66.9284 -6.05
      vertex -111.843 -66.9284 6.05
    endloop
  endfacet
  facet normal -1 0 0
    outer loop
      vertex -112.545 42.0688 4.95833
      vertex -112.545 65 6.05
      vertex -112.545 65 -6.05
    endloop
  endfacet
  facet normal -1 0 0
    outer loop
      vertex -112.545 65 6.05
      vertex -112.545 42.1947 5.42798
      vertex -112.545 42.2 5.55
    endloop
  endfacet
  facet normal -1 0 0
    outer loop
      vertex -112.545 65 6.05
      vertex -112.545 42.1787 5.30689
      vertex -112.545 42.1947 5.42798
    endloop
  endfacet
  facet normal -1 0 0
    outer loop
      vertex -112.545 65 6.05
      vertex -112.545 42.1523 5.18765
      vertex -112.545 42.1787 5.30689
    endloop
  endfacet
  facet normal -1 0 0
    outer loop
      vertex -112.545 65 6.05
      vertex -112.545 42.1156 5.07117
      vertex -112.545 42.1523 5.18765
    endloop
  endfacet
  facet normal -1 0 0
    outer loop
      vertex -112.545 65 6.05
      vertex -112.545 42.0688 4.95833
      vertex -112.545 42.1156 5.07117
    endloop
  endfacet
  facet normal -1 0 0
    outer loop
      vertex -112.545 65 -6.05
      vertex -112.545 42.0124 4.85
      vertex -112.545 42.0688 4.95833
    endloop
  endfacet
  facet normal -1 0 0
    outer loop
      vertex -112.545 65 -6.05
      vertex -112.545 41.9468 4.74699
      vertex -112.545 42.0124 4.85
    endloop
  endfacet
  facet normal -1 0 0
    outer loop
      vertex -112.545 65 -6.05
      vertex -112.545 41.8725 4.6501
      vertex -112.545 41.9468 4.74699
    endloop
  endfacet
  facet normal -1 0 0
    outer loop
      vertex -112.545 65 -6.05
      vertex -112.545 41.7899 4.56005
      vertex -112.545 41.8725 4.6501
    endloop
  endfacet
  facet normal -1 0 0
    outer loop
      vertex -112.545 65 -6.05
      vertex -112.545 41.6999 4.47754
      vertex -112.545 41.7899 4.56005
    endloop
  endfacet
  facet normal -1 0 0
    outer loop
      vertex -112.545 65 -6.05
      vertex -112.545 41.603 4.40319
      vertex -112.545 41.6999 4.47754
    endloop
  endfacet
  facet normal -1 0 0
    outer loop
      vertex -112.545 65 -6.05
      vertex -112.545 41.5 4.33756
      vertex -112.545 41.603 4.40319
    endloop
  endfacet
  facet normal -1 0 0
    outer loop
      vertex -112.545 65 -6.05
      vertex -112.545 41.3917 4.28117
      vertex -112.545 41.5 4.33756
    endloop
  endfacet
  facet normal -1 0 0
    outer loop
      vertex -112.545 65 -6.05
      vertex -112.545 41.2788 4.23443
      vertex -112.545 41.3917 4.28117
    endloop
  endfacet
  facet normal -1 0 0
    outer loop
      vertex -112.545 65 -6.05
      vertex -112.545 41.1623 4.1977
      vertex -112.545 41.2788 4.23443
    endloop
  endfacet
  facet normal -1 0 0
    outer loop
      vertex -112.545 65 -6.05
      vertex -112.545 41.0431 4.17127
      vertex -112.545 41.1623 4.1977
    endloop
  endfacet
  facet normal -1 0 0
    outer loop
      vertex -112.545 65 -6.05
      vertex -112.545 40.922 4.15533
      vertex -112.545 41.0431 4.17127
    endloop
  endfacet
  facet normal -1 0 0
    outer loop
      vertex -112.545 65 -6.05
      vertex -112.545 40.8 4.15
      vertex -112.545 40.922 4.15533
    endloop
  endfacet
  facet normal -1 0 0
    outer loop
      vertex -112.545 65 -6.05
      vertex -112.545 40.678 4.15533
      vertex -112.545 40.8 4.15
    endloop
  endfacet
  facet normal -1 0 0
    outer loop
      vertex -112.545 65 -6.05
      vertex -112.545 40.5569 4.17127
      vertex -112.545 40.678 4.15533
    endloop
  endfacet
  facet normal -1 0 0
    outer loop
      vertex -112.545 65 -6.05
      vertex -112.545 40.4377 4.1977
      vertex -112.545 40.5569 4.17127
    endloop
  endfacet
  facet normal -1 0 0
    outer loop
      vertex -112.545 65 -6.05
      vertex -112.545 40.3212 4.23443
      vertex -112.545 40.4377 4.1977
    endloop
  endfacet
  facet normal -1 0 0
    outer loop
      vertex -112.545 -40.3212 4.23443
      vertex -112.545 40.3212 4.23443
      vertex -112.545 65 -6.05
    endloop
  endfacet
  facet normal -1 0 0
    outer loop
      vertex -112.545 39.4053 5.42798
      vertex -112.545 -39.4 5.55
      vertex -112.545 39.4 5.55
    endloop
  endfacet
  facet normal -1 0 0
    outer loop
      vertex -112.545 -39.4053 5.42798
      vertex -112.545 39.4053 5.42798
      vertex -112.545 39.4213 5.30689
    endloop
  endfacet
  facet normal -1 0 0
    outer loop
      vertex -112.545 -39.4213 5.30689
      vertex -112.545 39.4213 5.30689
      vertex -112.545 39.4477 5.18765
    endloop
  endfacet
  facet normal -1 0 0
    outer loop
      vertex -112.545 -39.4477 5.18765
      vertex -112.545 39.4477 5.18765
      vertex -112.545 39.4844 5.07117
    endloop
  endfacet
  facet normal -1 0 0
    outer loop
      vertex -112.545 -39.4844 5.07117
      vertex -112.545 39.4844 5.07117
      vertex -112.545 39.5312 4.95833
    endloop
  endfacet
  facet normal -1 0 0
    outer loop
      vertex -112.545 -39.5312 4.95833
      vertex -112.545 39.5312 4.95833
      vertex -112.545 39.5876 4.85
    endloop
  endfacet
  facet normal -1 0 0
    outer loop
      vertex -112.545 -39.5876 4.85
      vertex -112.545 39.5876 4.85
      vertex -112.545 39.6532 4.74699
    endloop
  endfacet
  facet normal -1 0 0
    outer loop
      vertex -112.545 -39.6532 4.74699
      vertex -112.545 39.6532 4.74699
      vertex -112.545 39.7275 4.6501
    endloop
  endfacet
  facet normal -1 0 0
    outer loop
      vertex -112.545 -39.7275 4.6501
      vertex -112.545 39.7275 4.6501
      vertex -112.545 39.8101 4.56005
    endloop
  endfacet
  facet normal -1 0 0
    outer loop
      vertex -112.545 -39.8101 4.56005
      vertex -112.545 39.8101 4.56005
      vertex -112.545 39.9001 4.47754
    endloop
  endfacet
  facet normal -1 0 0
    outer loop
      vertex -112.545 -39.9001 4.47754
      vertex -112.545 39.9001 4.47754
      vertex -112.545 39.997 4.40319
    endloop
  endfacet
  facet normal -1 0 0
    outer loop
      vertex -112.545 -39.997 4.40319
      vertex -112.545 39.997 4.40319
      vertex -112.545 40.1 4.33756
    endloop
  endfacet
  facet normal -1 0 0
    outer loop
      vertex -112.545 -40.1 4.33756
      vertex -112.545 40.1 4.33756
      vertex -112.545 40.2083 4.28117
    endloop
  endfacet
  facet normal -1 0 0
    outer loop
      vertex -112.545 40.3212 4.23443
      vertex -112.545 -40.3212 4.23443
      vertex -112.545 40.2083 4.28117
    endloop
  endfacet
  facet normal -1 0 0
    outer loop
      vertex -112.545 39.4053 5.42798
      vertex -112.545 -39.4053 5.42798
      vertex -112.545 -39.4 5.55
    endloop
  endfacet
  facet normal -1 0 0
    outer loop
      vertex -112.545 39.4213 5.30689
      vertex -112.545 -39.4213 5.30689
      vertex -112.545 -39.4053 5.42798
    endloop
  endfacet
  facet normal -1 0 0
    outer loop
      vertex -112.545 39.4477 5.18765
      vertex -112.545 -39.4477 5.18765
      vertex -112.545 -39.4213 5.30689
    endloop
  endfacet
  facet normal -1 0 0
    outer loop
      vertex -112.545 39.4844 5.07117
      vertex -112.545 -39.4844 5.07117
      vertex -112.545 -39.4477 5.18765
    endloop
  endfacet
  facet normal -1 0 0
    outer loop
      vertex -112.545 39.5312 4.95833
      vertex -112.545 -39.5312 4.95833
      vertex -112.545 -39.4844 5.07117
    endloop
  endfacet
  facet normal -1 0 0
    outer loop
      vertex -112.545 39.5876 4.85
      vertex -112.545 -39.5876 4.85
      vertex -112.545 -39.5312 4.95833
    endloop
  endfacet
  facet normal -1 0 0
    outer loop
      vertex -112.545 39.6532 4.74699
      vertex -112.545 -39.6532 4.74699
      vertex -112.545 -39.5876 4.85
    endloop
  endfacet
  facet normal -1 0 0
    outer loop
      vertex -112.545 39.7275 4.6501
      vertex -112.545 -39.7275 4.6501
      vertex -112.545 -39.6532 4.74699
    endloop
  endfacet
  facet normal -1 0 0
    outer loop
      vertex -112.545 39.8101 4.56005
      vertex -112.545 -39.8101 4.56005
      vertex -112.545 -39.7275 4.6501
    endloop
  endfacet
  facet normal -1 0 0
    outer loop
      vertex -112.545 39.9001 4.47754
      vertex -112.545 -39.9001 4.47754
      vertex -112.545 -39.8101 4.56005
    endloop
  endfacet
  facet normal -1 0 0
    outer loop
      vertex -112.545 39.997 4.40319
      vertex -112.545 -39.997 4.40319
      vertex -112.545 -39.9001 4.47754
    endloop
  endfacet
  facet normal -1 0 0
    outer loop
      vertex -112.545 40.1 4.33756
      vertex -112.545 -40.1 4.33756
      vertex -112.545 -39.997 4.40319
    endloop
  endfacet
  facet normal -1 0 0
    outer loop
      vertex -112.545 40.2083 4.28117
      vertex -112.545 -40.2083 4.28117
      vertex -112.545 -40.1 4.33756
    endloop
  endfacet
  facet normal -1 -0 0
    outer loop
      vertex -112.545 40.2083 4.28117
      vertex -112.545 -40.3212 4.23443
      vertex -112.545 -40.2083 4.28117
    endloop
  endfacet
  facet normal -1 0 0
    outer loop
      vertex -112.545 65 -6.05
      vertex -112.545 -40.4377 4.1977
      vertex -112.545 -40.3212 4.23443
    endloop
  endfacet
  facet normal -1 0 0
    outer loop
      vertex -112.545 -65 -6.05
      vertex -112.545 -40.4377 4.1977
      vertex -112.545 65 -6.05
    endloop
  endfacet
  facet normal -1 0 0
    outer loop
      vertex -112.545 -40.4377 4.1977
      vertex -112.545 -65 -6.05
      vertex -112.545 -40.5569 4.17127
    endloop
  endfacet
  facet normal -1 0 0
    outer loop
      vertex -112.545 -40.5569 4.17127
      vertex -112.545 -65 -6.05
      vertex -112.545 -40.678 4.15533
    endloop
  endfacet
  facet normal -1 0 0
    outer loop
      vertex -112.545 -40.678 4.15533
      vertex -112.545 -65 -6.05
      vertex -112.545 -40.8 4.15
    endloop
  endfacet
  facet normal -1 0 0
    outer loop
      vertex -112.545 -42.1787 5.30689
      vertex -112.545 -65 6.05
      vertex -112.545 -42.1947 5.42798
    endloop
  endfacet
  facet normal -1 0 0
    outer loop
      vertex -112.545 -42.1523 5.18765
      vertex -112.545 -65 6.05
      vertex -112.545 -42.1787 5.30689
    endloop
  endfacet
  facet normal -1 0 0
    outer loop
      vertex -112.545 -42.1156 5.07117
      vertex -112.545 -65 6.05
      vertex -112.545 -42.1523 5.18765
    endloop
  endfacet
  facet normal -1 0 0
    outer loop
      vertex -112.545 -42.0688 4.95833
      vertex -112.545 -65 6.05
      vertex -112.545 -42.1156 5.07117
    endloop
  endfacet
  facet normal -1 0 0
    outer loop
      vertex -112.545 -65 6.05
      vertex -112.545 -42.0688 4.95833
      vertex -112.545 -65 -6.05
    endloop
  endfacet
  facet normal -1 -0 0
    outer loop
      vertex -112.545 -42.0124 4.85
      vertex -112.545 -65 -6.05
      vertex -112.545 -42.0688 4.95833
    endloop
  endfacet
  facet normal -1 -0 0
    outer loop
      vertex -112.545 -41.9468 4.74699
      vertex -112.545 -65 -6.05
      vertex -112.545 -42.0124 4.85
    endloop
  endfacet
  facet normal -1 -0 0
    outer loop
      vertex -112.545 -41.8725 4.6501
      vertex -112.545 -65 -6.05
      vertex -112.545 -41.9468 4.74699
    endloop
  endfacet
  facet normal -1 -0 0
    outer loop
      vertex -112.545 -41.7899 4.56005
      vertex -112.545 -65 -6.05
      vertex -112.545 -41.8725 4.6501
    endloop
  endfacet
  facet normal -1 -0 0
    outer loop
      vertex -112.545 -41.6999 4.47754
      vertex -112.545 -65 -6.05
      vertex -112.545 -41.7899 4.56005
    endloop
  endfacet
  facet normal -1 -0 0
    outer loop
      vertex -112.545 -41.603 4.40319
      vertex -112.545 -65 -6.05
      vertex -112.545 -41.6999 4.47754
    endloop
  endfacet
  facet normal -1 -0 0
    outer loop
      vertex -112.545 -41.5 4.33756
      vertex -112.545 -65 -6.05
      vertex -112.545 -41.603 4.40319
    endloop
  endfacet
  facet normal -1 -0 0
    outer loop
      vertex -112.545 -41.3917 4.28117
      vertex -112.545 -65 -6.05
      vertex -112.545 -41.5 4.33756
    endloop
  endfacet
  facet normal -1 -0 0
    outer loop
      vertex -112.545 -41.2788 4.23443
      vertex -112.545 -65 -6.05
      vertex -112.545 -41.3917 4.28117
    endloop
  endfacet
  facet normal -1 -0 0
    outer loop
      vertex -112.545 -41.1623 4.1977
      vertex -112.545 -65 -6.05
      vertex -112.545 -41.2788 4.23443
    endloop
  endfacet
  facet normal -1 -0 0
    outer loop
      vertex -112.545 -41.0431 4.17127
      vertex -112.545 -65 -6.05
      vertex -112.545 -41.1623 4.1977
    endloop
  endfacet
  facet normal -1 -0 0
    outer loop
      vertex -112.545 -40.922 4.15533
      vertex -112.545 -65 -6.05
      vertex -112.545 -41.0431 4.17127
    endloop
  endfacet
  facet normal -1 -0 0
    outer loop
      vertex -112.545 -40.8 4.15
      vertex -112.545 -65 -6.05
      vertex -112.545 -40.922 4.15533
    endloop
  endfacet
  facet normal -1 0 0
    outer loop
      vertex -112.545 42.1947 5.67202
      vertex -112.545 65 6.05
      vertex -112.545 42.2 5.55
    endloop
  endfacet
  facet normal -1 0 0
    outer loop
      vertex -112.545 42.1787 5.79311
      vertex -112.545 65 6.05
      vertex -112.545 42.1947 5.67202
    endloop
  endfacet
  facet normal -1 0 0
    outer loop
      vertex -112.545 42.1523 5.91235
      vertex -112.545 65 6.05
      vertex -112.545 42.1787 5.79311
    endloop
  endfacet
  facet normal -1 0 0
    outer loop
      vertex -112.545 42.1156 6.02883
      vertex -112.545 65 6.05
      vertex -112.545 42.1523 5.91235
    endloop
  endfacet
  facet normal -1 -0 0
    outer loop
      vertex -112.545 65 6.05
      vertex -112.545 42.1156 6.02883
      vertex -112.545 42.1068 6.05
    endloop
  endfacet
  facet normal -1 0 0
    outer loop
      vertex -112.545 -39.4 5.55
      vertex -112.545 39.4053 5.67202
      vertex -112.545 39.4 5.55
    endloop
  endfacet
  facet normal -1 0 0
    outer loop
      vertex -112.545 -39.4053 5.67202
      vertex -112.545 39.4053 5.67202
      vertex -112.545 -39.4 5.55
    endloop
  endfacet
  facet normal -1 0 0
    outer loop
      vertex -112.545 39.4053 5.67202
      vertex -112.545 -39.4053 5.67202
      vertex -112.545 39.4213 5.79311
    endloop
  endfacet
  facet normal -1 0 0
    outer loop
      vertex -112.545 -39.4213 5.79311
      vertex -112.545 39.4213 5.79311
      vertex -112.545 -39.4053 5.67202
    endloop
  endfacet
  facet normal -1 0 0
    outer loop
      vertex -112.545 39.4213 5.79311
      vertex -112.545 -39.4213 5.79311
      vertex -112.545 39.4477 5.91235
    endloop
  endfacet
  facet normal -1 0 0
    outer loop
      vertex -112.545 -39.4477 5.91235
      vertex -112.545 39.4477 5.91235
      vertex -112.545 -39.4213 5.79311
    endloop
  endfacet
  facet normal -1 0 0
    outer loop
      vertex -112.545 39.4477 5.91235
      vertex -112.545 -39.4477 5.91235
      vertex -112.545 39.4844 6.02883
    endloop
  endfacet
  facet normal -1 0 0
    outer loop
      vertex -112.545 -39.4844 6.02883
      vertex -112.545 39.4844 6.02883
      vertex -112.545 -39.4477 5.91235
    endloop
  endfacet
  facet normal -1 0 0
    outer loop
      vertex -112.545 39.4844 6.02883
      vertex -112.545 -39.4844 6.02883
      vertex -112.545 39.4932 6.05
    endloop
  endfacet
  facet normal -1 -0 0
    outer loop
      vertex -112.545 39.4932 6.05
      vertex -112.545 -39.4844 6.02883
      vertex -112.545 -39.4932 6.05
    endloop
  endfacet
  facet normal -1 0 0
    outer loop
      vertex -112.545 -42.1947 5.42798
      vertex -112.545 -65 6.05
      vertex -112.545 -42.2 5.55
    endloop
  endfacet
  facet normal -1 0 0
    outer loop
      vertex -112.545 -42.2 5.55
      vertex -112.545 -65 6.05
      vertex -112.545 -42.1947 5.67202
    endloop
  endfacet
  facet normal -1 0 0
    outer loop
      vertex -112.545 -42.1947 5.67202
      vertex -112.545 -65 6.05
      vertex -112.545 -42.1787 5.79311
    endloop
  endfacet
  facet normal -1 0 0
    outer loop
      vertex -112.545 -42.1787 5.79311
      vertex -112.545 -65 6.05
      vertex -112.545 -42.1523 5.91235
    endloop
  endfacet
  facet normal -1 0 0
    outer loop
      vertex -112.545 -42.1523 5.91235
      vertex -112.545 -65 6.05
      vertex -112.545 -42.1156 6.02883
    endloop
  endfacet
  facet normal -1 0 0
    outer loop
      vertex -112.545 -42.1156 6.02883
      vertex -112.545 -65 6.05
      vertex -112.545 -42.1068 6.05
    endloop
  endfacet
  facet normal 0.842701 0.538382 0
    outer loop
      vertex -102.947 66.5 6.05
      vertex -103.088 66.7207 -6.05
      vertex -103.088 66.7207 6.05
    endloop
  endfacet
  facet normal 0.842701 0.538382 0
    outer loop
      vertex -103.088 66.7207 -6.05
      vertex -102.947 66.5 6.05
      vertex -102.947 66.5 -6.05
    endloop
  endfacet
  facet normal -0.216687 0.976241 0
    outer loop
      vertex -110.066 67.9544 -6.05
      vertex -110.321 67.8978 6.05
      vertex -110.066 67.9544 6.05
    endloop
  endfacet
  facet normal -0.216687 0.976241 0
    outer loop
      vertex -110.321 67.8978 6.05
      vertex -110.066 67.9544 -6.05
      vertex -110.321 67.8978 -6.05
    endloop
  endfacet
  facet normal -0.999116 -0.0420278 0
    outer loop
      vertex -112.534 -65.2615 -6.05
      vertex -112.545 -65 6.05
      vertex -112.545 -65 -6.05
    endloop
  endfacet
  facet normal -0.999116 -0.0420278 0
    outer loop
      vertex -112.545 -65 6.05
      vertex -112.534 -65.2615 -6.05
      vertex -112.534 -65.2615 6.05
    endloop
  endfacet
  facet normal 0.99102 0.133715 0
    outer loop
      vertex -102.556 65.2615 6.05
      vertex -102.591 65.5209 -6.05
      vertex -102.591 65.5209 6.05
    endloop
  endfacet
  facet normal 0.99102 0.133715 0
    outer loop
      vertex -102.591 65.5209 -6.05
      vertex -102.556 65.2615 6.05
      vertex -102.556 65.2615 -6.05
    endloop
  endfacet
  facet normal 0.675482 0.737376 -0
    outer loop
      vertex -103.424 67.1213 -6.05
      vertex -103.617 67.2981 6.05
      vertex -103.424 67.1213 6.05
    endloop
  endfacet
  facet normal 0.675482 0.737376 0
    outer loop
      vertex -103.617 67.2981 6.05
      vertex -103.424 67.1213 -6.05
      vertex -103.617 67.2981 -6.05
    endloop
  endfacet
  facet normal -0.999116 0.0420278 0
    outer loop
      vertex -112.545 65 -6.05
      vertex -112.534 65.2615 6.05
      vertex -112.534 65.2615 -6.05
    endloop
  endfacet
  facet normal -0.999116 0.0420278 0
    outer loop
      vertex -112.534 65.2615 6.05
      vertex -112.545 65 -6.05
      vertex -112.545 65 6.05
    endloop
  endfacet
  facet normal 0.537048 0.843551 -0
    outer loop
      vertex -103.824 67.4574 -6.05
      vertex -104.045 67.5981 6.05
      vertex -103.824 67.4574 6.05
    endloop
  endfacet
  facet normal 0.537048 0.843551 0
    outer loop
      vertex -104.045 67.5981 6.05
      vertex -103.824 67.4574 -6.05
      vertex -104.045 67.5981 -6.05
    endloop
  endfacet
  facet normal -0.300273 -0.953853 0
    outer loop
      vertex -110.571 -67.8191 -6.05
      vertex -110.321 -67.8978 6.05
      vertex -110.571 -67.8191 6.05
    endloop
  endfacet
  facet normal -0.300273 -0.953853 -0
    outer loop
      vertex -110.321 -67.8978 6.05
      vertex -110.571 -67.8191 -6.05
      vertex -110.321 -67.8978 -6.05
    endloop
  endfacet
  facet normal 0.300273 0.953853 -0
    outer loop
      vertex -104.519 67.8191 -6.05
      vertex -104.769 67.8978 6.05
      vertex -104.519 67.8191 6.05
    endloop
  endfacet
  facet normal 0.300273 0.953853 0
    outer loop
      vertex -104.769 67.8978 6.05
      vertex -104.519 67.8191 -6.05
      vertex -104.769 67.8978 -6.05
    endloop
  endfacet
  facet normal 0.216687 0.976241 -0
    outer loop
      vertex -104.769 67.8978 -6.05
      vertex -105.024 67.9544 6.05
      vertex -104.769 67.8978 6.05
    endloop
  endfacet
  facet normal 0.216687 0.976241 0
    outer loop
      vertex -105.024 67.9544 6.05
      vertex -104.769 67.8978 -6.05
      vertex -105.024 67.9544 -6.05
    endloop
  endfacet
  facet normal 0.999116 0.0420278 0
    outer loop
      vertex -102.545 65 6.05
      vertex -102.556 65.2615 -6.05
      vertex -102.556 65.2615 6.05
    endloop
  endfacet
  facet normal 0.999116 0.0420278 0
    outer loop
      vertex -102.556 65.2615 -6.05
      vertex -102.545 65 6.05
      vertex -102.545 65 -6.05
    endloop
  endfacet
  facet normal 0.461834 -0.886966 0
    outer loop
      vertex -104.277 -67.7189 -6.05
      vertex -104.045 -67.5981 6.05
      vertex -104.277 -67.7189 6.05
    endloop
  endfacet
  facet normal 0.461834 -0.886966 0
    outer loop
      vertex -104.045 -67.5981 6.05
      vertex -104.277 -67.7189 -6.05
      vertex -104.045 -67.5981 -6.05
    endloop
  endfacet
  facet normal 0.0436366 0.999047 -0
    outer loop
      vertex -105.284 67.9886 -6.05
      vertex -105.545 68 6.05
      vertex -105.284 67.9886 6.05
    endloop
  endfacet
  facet normal 0.0436366 0.999047 0
    outer loop
      vertex -105.545 68 6.05
      vertex -105.284 67.9886 -6.05
      vertex -105.545 68 -6.05
    endloop
  endfacet
  facet normal 0.99102 -0.133715 0
    outer loop
      vertex -102.591 -65.5209 6.05
      vertex -102.556 -65.2615 -6.05
      vertex -102.556 -65.2615 6.05
    endloop
  endfacet
  facet normal 0.99102 -0.133715 0
    outer loop
      vertex -102.556 -65.2615 -6.05
      vertex -102.591 -65.5209 6.05
      vertex -102.591 -65.5209 -6.05
    endloop
  endfacet
  facet normal -0.976813 0.214096 0
    outer loop
      vertex -112.499 65.5209 -6.05
      vertex -112.443 65.7764 6.05
      vertex -112.443 65.7764 -6.05
    endloop
  endfacet
  facet normal -0.976813 0.214096 0
    outer loop
      vertex -112.443 65.7764 6.05
      vertex -112.499 65.5209 -6.05
      vertex -112.499 65.5209 6.05
    endloop
  endfacet
  facet normal -1 0 0
    outer loop
      vertex -102.545 -65 0
      vertex -102.545 -65.385 0
      vertex -102.545 -65 6.05
    endloop
  endfacet
  facet normal -1 0 0
    outer loop
      vertex -102.545 -62.385 6.05
      vertex -102.545 -65 6.05
      vertex -102.545 -62.385 11.35
    endloop
  endfacet
  facet normal -1 0 0
    outer loop
      vertex -102.545 -62.385 11.35
      vertex -102.545 -48.385 14.35
      vertex -102.545 -48.385 11.35
    endloop
  endfacet
  facet normal -1 0 0
    outer loop
      vertex -102.545 -62.385 11.35
      vertex -102.545 -65.385 14.35
      vertex -102.545 -48.385 14.35
    endloop
  endfacet
  facet normal -1 0 0
    outer loop
      vertex -102.545 -65 6.05
      vertex -102.545 -65.385 14.35
      vertex -102.545 -62.385 11.35
    endloop
  endfacet
  facet normal -1 0 0
    outer loop
      vertex -102.545 -65.385 14.35
      vertex -102.545 -65 6.05
      vertex -102.545 -65.385 0
    endloop
  endfacet
  facet normal 1 0 0
    outer loop
      vertex -102.545 -42.1947 5.67202
      vertex -102.545 -62.385 6.05
      vertex -102.545 -42.2 5.55
    endloop
  endfacet
  facet normal 1 0 0
    outer loop
      vertex -102.545 -42.1787 5.79311
      vertex -102.545 -62.385 6.05
      vertex -102.545 -42.1947 5.67202
    endloop
  endfacet
  facet normal 1 0 0
    outer loop
      vertex -102.545 -42.1523 5.91235
      vertex -102.545 -62.385 6.05
      vertex -102.545 -42.1787 5.79311
    endloop
  endfacet
  facet normal 1 0 0
    outer loop
      vertex -102.545 -42.1156 6.02883
      vertex -102.545 -62.385 6.05
      vertex -102.545 -42.1523 5.91235
    endloop
  endfacet
  facet normal 1 -0 0
    outer loop
      vertex -102.545 -62.385 6.05
      vertex -102.545 -42.1156 6.02883
      vertex -102.545 -42.1068 6.05
    endloop
  endfacet
  facet normal 1 0 0
    outer loop
      vertex -102.545 39.4053 5.67202
      vertex -102.545 -39.4 5.55
      vertex -102.545 39.4 5.55
    endloop
  endfacet
  facet normal 1 0 0
    outer loop
      vertex -102.545 -39.4053 5.67202
      vertex -102.545 39.4053 5.67202
      vertex -102.545 39.4213 5.79311
    endloop
  endfacet
  facet normal 1 0 0
    outer loop
      vertex -102.545 -39.4213 5.79311
      vertex -102.545 39.4213 5.79311
      vertex -102.545 39.4477 5.91235
    endloop
  endfacet
  facet normal 1 0 0
    outer loop
      vertex -102.545 -39.4477 5.91235
      vertex -102.545 39.4477 5.91235
      vertex -102.545 39.4844 6.02883
    endloop
  endfacet
  facet normal 1 0 0
    outer loop
      vertex -102.545 -39.4844 6.02883
      vertex -102.545 39.4844 6.02883
      vertex -102.545 39.4932 6.05
    endloop
  endfacet
  facet normal 1 0 0
    outer loop
      vertex -102.545 39.4053 5.67202
      vertex -102.545 -39.4053 5.67202
      vertex -102.545 -39.4 5.55
    endloop
  endfacet
  facet normal 1 0 0
    outer loop
      vertex -102.545 39.4213 5.79311
      vertex -102.545 -39.4213 5.79311
      vertex -102.545 -39.4053 5.67202
    endloop
  endfacet
  facet normal 1 0 0
    outer loop
      vertex -102.545 39.4477 5.91235
      vertex -102.545 -39.4477 5.91235
      vertex -102.545 -39.4213 5.79311
    endloop
  endfacet
  facet normal 1 0 0
    outer loop
      vertex -102.545 39.4844 6.02883
      vertex -102.545 -39.4844 6.02883
      vertex -102.545 -39.4477 5.91235
    endloop
  endfacet
  facet normal 1 0 -0
    outer loop
      vertex -102.545 -39.4844 6.02883
      vertex -102.545 39.4932 6.05
      vertex -102.545 -39.4932 6.05
    endloop
  endfacet
  facet normal 1 0 0
    outer loop
      vertex -102.545 42.1947 5.42798
      vertex -102.545 65 6.05
      vertex -102.545 42.2 5.55
    endloop
  endfacet
  facet normal 1 0 0
    outer loop
      vertex -102.545 65 6.05
      vertex -102.545 42.1947 5.67202
      vertex -102.545 42.2 5.55
    endloop
  endfacet
  facet normal 1 0 0
    outer loop
      vertex -102.545 65 6.05
      vertex -102.545 42.1787 5.79311
      vertex -102.545 42.1947 5.67202
    endloop
  endfacet
  facet normal 1 0 0
    outer loop
      vertex -102.545 65 6.05
      vertex -102.545 42.1523 5.91235
      vertex -102.545 42.1787 5.79311
    endloop
  endfacet
  facet normal 1 0 0
    outer loop
      vertex -102.545 65 6.05
      vertex -102.545 42.1156 6.02883
      vertex -102.545 42.1523 5.91235
    endloop
  endfacet
  facet normal 1 0 -0
    outer loop
      vertex -102.545 42.1156 6.02883
      vertex -102.545 65 6.05
      vertex -102.545 42.1068 6.05
    endloop
  endfacet
  facet normal 1 0 0
    outer loop
      vertex -102.545 42.1787 5.30689
      vertex -102.545 65 6.05
      vertex -102.545 42.1947 5.42798
    endloop
  endfacet
  facet normal 1 0 0
    outer loop
      vertex -102.545 42.1523 5.18765
      vertex -102.545 65 6.05
      vertex -102.545 42.1787 5.30689
    endloop
  endfacet
  facet normal 1 0 0
    outer loop
      vertex -102.545 42.1156 5.07117
      vertex -102.545 65 6.05
      vertex -102.545 42.1523 5.18765
    endloop
  endfacet
  facet normal 1 0 0
    outer loop
      vertex -102.545 42.0688 4.95833
      vertex -102.545 65 6.05
      vertex -102.545 42.1156 5.07117
    endloop
  endfacet
  facet normal 1 0 0
    outer loop
      vertex -102.545 65 6.05
      vertex -102.545 42.0688 4.95833
      vertex -102.545 65 -6.05
    endloop
  endfacet
  facet normal 1 -0 0
    outer loop
      vertex -102.545 42.0124 4.85
      vertex -102.545 65 -6.05
      vertex -102.545 42.0688 4.95833
    endloop
  endfacet
  facet normal 1 -0 0
    outer loop
      vertex -102.545 41.9468 4.74699
      vertex -102.545 65 -6.05
      vertex -102.545 42.0124 4.85
    endloop
  endfacet
  facet normal 1 -0 0
    outer loop
      vertex -102.545 41.8725 4.6501
      vertex -102.545 65 -6.05
      vertex -102.545 41.9468 4.74699
    endloop
  endfacet
  facet normal 1 -0 0
    outer loop
      vertex -102.545 41.7899 4.56005
      vertex -102.545 65 -6.05
      vertex -102.545 41.8725 4.6501
    endloop
  endfacet
  facet normal 1 -0 0
    outer loop
      vertex -102.545 41.6999 4.47754
      vertex -102.545 65 -6.05
      vertex -102.545 41.7899 4.56005
    endloop
  endfacet
  facet normal 1 -0 0
    outer loop
      vertex -102.545 41.603 4.40319
      vertex -102.545 65 -6.05
      vertex -102.545 41.6999 4.47754
    endloop
  endfacet
  facet normal 1 -0 0
    outer loop
      vertex -102.545 41.5 4.33756
      vertex -102.545 65 -6.05
      vertex -102.545 41.603 4.40319
    endloop
  endfacet
  facet normal 1 -0 0
    outer loop
      vertex -102.545 41.3917 4.28117
      vertex -102.545 65 -6.05
      vertex -102.545 41.5 4.33756
    endloop
  endfacet
  facet normal 1 -0 0
    outer loop
      vertex -102.545 41.2788 4.23443
      vertex -102.545 65 -6.05
      vertex -102.545 41.3917 4.28117
    endloop
  endfacet
  facet normal 1 -0 0
    outer loop
      vertex -102.545 41.1623 4.1977
      vertex -102.545 65 -6.05
      vertex -102.545 41.2788 4.23443
    endloop
  endfacet
  facet normal 1 -0 0
    outer loop
      vertex -102.545 41.0431 4.17127
      vertex -102.545 65 -6.05
      vertex -102.545 41.1623 4.1977
    endloop
  endfacet
  facet normal 1 -0 0
    outer loop
      vertex -102.545 40.922 4.15533
      vertex -102.545 65 -6.05
      vertex -102.545 41.0431 4.17127
    endloop
  endfacet
  facet normal 1 -0 0
    outer loop
      vertex -102.545 40.8 4.15
      vertex -102.545 65 -6.05
      vertex -102.545 40.922 4.15533
    endloop
  endfacet
  facet normal 1 0 0
    outer loop
      vertex -102.545 40.678 4.15533
      vertex -102.545 65 -6.05
      vertex -102.545 40.8 4.15
    endloop
  endfacet
  facet normal 1 0 0
    outer loop
      vertex -102.545 40.5569 4.17127
      vertex -102.545 65 -6.05
      vertex -102.545 40.678 4.15533
    endloop
  endfacet
  facet normal 1 0 0
    outer loop
      vertex -102.545 40.4377 4.1977
      vertex -102.545 65 -6.05
      vertex -102.545 40.5569 4.17127
    endloop
  endfacet
  facet normal 1 0 0
    outer loop
      vertex -102.545 40.3212 4.23443
      vertex -102.545 65 -6.05
      vertex -102.545 40.4377 4.1977
    endloop
  endfacet
  facet normal 1 0 0
    outer loop
      vertex -102.545 -40.3212 4.23443
      vertex -102.545 40.3212 4.23443
      vertex -102.545 40.2083 4.28117
    endloop
  endfacet
  facet normal 1 -0 0
    outer loop
      vertex -102.545 -39.4 5.55
      vertex -102.545 39.4053 5.42798
      vertex -102.545 39.4 5.55
    endloop
  endfacet
  facet normal 1 0 0
    outer loop
      vertex -102.545 -39.4053 5.42798
      vertex -102.545 39.4053 5.42798
      vertex -102.545 -39.4 5.55
    endloop
  endfacet
  facet normal 1 0 0
    outer loop
      vertex -102.545 39.4053 5.42798
      vertex -102.545 -39.4053 5.42798
      vertex -102.545 39.4213 5.30689
    endloop
  endfacet
  facet normal 1 0 0
    outer loop
      vertex -102.545 -39.4213 5.30689
      vertex -102.545 39.4213 5.30689
      vertex -102.545 -39.4053 5.42798
    endloop
  endfacet
  facet normal 1 0 0
    outer loop
      vertex -102.545 39.4213 5.30689
      vertex -102.545 -39.4213 5.30689
      vertex -102.545 39.4477 5.18765
    endloop
  endfacet
  facet normal 1 0 0
    outer loop
      vertex -102.545 -39.4477 5.18765
      vertex -102.545 39.4477 5.18765
      vertex -102.545 -39.4213 5.30689
    endloop
  endfacet
  facet normal 1 0 0
    outer loop
      vertex -102.545 39.4477 5.18765
      vertex -102.545 -39.4477 5.18765
      vertex -102.545 39.4844 5.07117
    endloop
  endfacet
  facet normal 1 0 0
    outer loop
      vertex -102.545 -39.4844 5.07117
      vertex -102.545 39.4844 5.07117
      vertex -102.545 -39.4477 5.18765
    endloop
  endfacet
  facet normal 1 0 0
    outer loop
      vertex -102.545 39.4844 5.07117
      vertex -102.545 -39.4844 5.07117
      vertex -102.545 39.5312 4.95833
    endloop
  endfacet
  facet normal 1 0 0
    outer loop
      vertex -102.545 -39.5312 4.95833
      vertex -102.545 39.5312 4.95833
      vertex -102.545 -39.4844 5.07117
    endloop
  endfacet
  facet normal 1 0 0
    outer loop
      vertex -102.545 39.5312 4.95833
      vertex -102.545 -39.5312 4.95833
      vertex -102.545 39.5876 4.85
    endloop
  endfacet
  facet normal 1 0 0
    outer loop
      vertex -102.545 -39.5876 4.85
      vertex -102.545 39.5876 4.85
      vertex -102.545 -39.5312 4.95833
    endloop
  endfacet
  facet normal 1 0 0
    outer loop
      vertex -102.545 39.5876 4.85
      vertex -102.545 -39.5876 4.85
      vertex -102.545 39.6532 4.74699
    endloop
  endfacet
  facet normal 1 0 0
    outer loop
      vertex -102.545 -39.6532 4.74699
      vertex -102.545 39.6532 4.74699
      vertex -102.545 -39.5876 4.85
    endloop
  endfacet
  facet normal 1 0 0
    outer loop
      vertex -102.545 39.6532 4.74699
      vertex -102.545 -39.6532 4.74699
      vertex -102.545 39.7275 4.6501
    endloop
  endfacet
  facet normal 1 0 0
    outer loop
      vertex -102.545 -39.7275 4.6501
      vertex -102.545 39.7275 4.6501
      vertex -102.545 -39.6532 4.74699
    endloop
  endfacet
  facet normal 1 0 0
    outer loop
      vertex -102.545 39.7275 4.6501
      vertex -102.545 -39.7275 4.6501
      vertex -102.545 39.8101 4.56005
    endloop
  endfacet
  facet normal 1 0 0
    outer loop
      vertex -102.545 -39.8101 4.56005
      vertex -102.545 39.8101 4.56005
      vertex -102.545 -39.7275 4.6501
    endloop
  endfacet
  facet normal 1 0 0
    outer loop
      vertex -102.545 39.8101 4.56005
      vertex -102.545 -39.8101 4.56005
      vertex -102.545 39.9001 4.47754
    endloop
  endfacet
  facet normal 1 0 0
    outer loop
      vertex -102.545 -39.9001 4.47754
      vertex -102.545 39.9001 4.47754
      vertex -102.545 -39.8101 4.56005
    endloop
  endfacet
  facet normal 1 0 0
    outer loop
      vertex -102.545 39.9001 4.47754
      vertex -102.545 -39.9001 4.47754
      vertex -102.545 39.997 4.40319
    endloop
  endfacet
  facet normal 1 0 0
    outer loop
      vertex -102.545 -39.997 4.40319
      vertex -102.545 39.997 4.40319
      vertex -102.545 -39.9001 4.47754
    endloop
  endfacet
  facet normal 1 0 0
    outer loop
      vertex -102.545 39.997 4.40319
      vertex -102.545 -39.997 4.40319
      vertex -102.545 40.1 4.33756
    endloop
  endfacet
  facet normal 1 0 0
    outer loop
      vertex -102.545 -40.1 4.33756
      vertex -102.545 40.1 4.33756
      vertex -102.545 -39.997 4.40319
    endloop
  endfacet
  facet normal 1 0 0
    outer loop
      vertex -102.545 40.1 4.33756
      vertex -102.545 -40.1 4.33756
      vertex -102.545 40.2083 4.28117
    endloop
  endfacet
  facet normal 1 0 0
    outer loop
      vertex -102.545 -40.2083 4.28117
      vertex -102.545 40.2083 4.28117
      vertex -102.545 -40.1 4.33756
    endloop
  endfacet
  facet normal 1 0 0
    outer loop
      vertex -102.545 -40.3212 4.23443
      vertex -102.545 40.2083 4.28117
      vertex -102.545 -40.2083 4.28117
    endloop
  endfacet
  facet normal 1 0 0
    outer loop
      vertex -102.545 40.3212 4.23443
      vertex -102.545 -40.3212 4.23443
      vertex -102.545 65 -6.05
    endloop
  endfacet
  facet normal 1 -0 0
    outer loop
      vertex -102.545 -40.4377 4.1977
      vertex -102.545 65 -6.05
      vertex -102.545 -40.3212 4.23443
    endloop
  endfacet
  facet normal 1 0 0
    outer loop
      vertex -102.545 -65 -6.05
      vertex -102.545 -40.4377 4.1977
      vertex -102.545 -40.5569 4.17127
    endloop
  endfacet
  facet normal 1 0 0
    outer loop
      vertex -102.545 -65 -6.05
      vertex -102.545 -40.5569 4.17127
      vertex -102.545 -40.678 4.15533
    endloop
  endfacet
  facet normal 1 0 0
    outer loop
      vertex -102.545 -65 -6.05
      vertex -102.545 -40.678 4.15533
      vertex -102.545 -40.8 4.15
    endloop
  endfacet
  facet normal 1 0 0
    outer loop
      vertex -102.545 -65 -6.05
      vertex -102.545 -40.8 4.15
      vertex -102.545 -40.922 4.15533
    endloop
  endfacet
  facet normal 1 0 0
    outer loop
      vertex -102.545 -62.385 6.05
      vertex -102.545 -42.1947 5.42798
      vertex -102.545 -42.2 5.55
    endloop
  endfacet
  facet normal 1 0 0
    outer loop
      vertex -102.545 -62.385 6.05
      vertex -102.545 -42.1787 5.30689
      vertex -102.545 -42.1947 5.42798
    endloop
  endfacet
  facet normal 1 0 0
    outer loop
      vertex -102.545 -62.385 6.05
      vertex -102.545 -42.1523 5.18765
      vertex -102.545 -42.1787 5.30689
    endloop
  endfacet
  facet normal 1 0 0
    outer loop
      vertex -102.545 -62.385 0
      vertex -102.545 -42.1523 5.18765
      vertex -102.545 -62.385 6.05
    endloop
  endfacet
  facet normal 1 0 0
    outer loop
      vertex -102.545 -42.1523 5.18765
      vertex -102.545 -62.385 0
      vertex -102.545 -42.1156 5.07117
    endloop
  endfacet
  facet normal 1 0 0
    outer loop
      vertex -102.545 -42.1156 5.07117
      vertex -102.545 -62.385 0
      vertex -102.545 -42.0688 4.95833
    endloop
  endfacet
  facet normal 1 0 0
    outer loop
      vertex -102.545 -42.0688 4.95833
      vertex -102.545 -62.385 0
      vertex -102.545 -42.0124 4.85
    endloop
  endfacet
  facet normal 1 0 0
    outer loop
      vertex -102.545 -42.0124 4.85
      vertex -102.545 -62.385 0
      vertex -102.545 -41.9468 4.74699
    endloop
  endfacet
  facet normal 1 0 0
    outer loop
      vertex -102.545 -41.9468 4.74699
      vertex -102.545 -62.385 0
      vertex -102.545 -41.8725 4.6501
    endloop
  endfacet
  facet normal 1 0 0
    outer loop
      vertex -102.545 -41.8725 4.6501
      vertex -102.545 -62.385 0
      vertex -102.545 -41.7899 4.56005
    endloop
  endfacet
  facet normal 1 0 0
    outer loop
      vertex -102.545 -41.7899 4.56005
      vertex -102.545 -62.385 0
      vertex -102.545 -41.6999 4.47754
    endloop
  endfacet
  facet normal 1 0 0
    outer loop
      vertex -102.545 -41.6999 4.47754
      vertex -102.545 -62.385 0
      vertex -102.545 -41.603 4.40319
    endloop
  endfacet
  facet normal 1 0 0
    outer loop
      vertex -102.545 -41.603 4.40319
      vertex -102.545 -62.385 0
      vertex -102.545 -41.5 4.33756
    endloop
  endfacet
  facet normal 1 0 0
    outer loop
      vertex -102.545 -65 -6.05
      vertex -102.545 -41.5 4.33756
      vertex -102.545 -62.385 0
    endloop
  endfacet
  facet normal 1 0 0
    outer loop
      vertex -102.545 -41.5 4.33756
      vertex -102.545 -65 -6.05
      vertex -102.545 -41.3917 4.28117
    endloop
  endfacet
  facet normal 1 0 0
    outer loop
      vertex -102.545 -41.3917 4.28117
      vertex -102.545 -65 -6.05
      vertex -102.545 -41.2788 4.23443
    endloop
  endfacet
  facet normal 1 0 0
    outer loop
      vertex -102.545 -41.2788 4.23443
      vertex -102.545 -65 -6.05
      vertex -102.545 -41.1623 4.1977
    endloop
  endfacet
  facet normal 1 0 0
    outer loop
      vertex -102.545 -41.1623 4.1977
      vertex -102.545 -65 -6.05
      vertex -102.545 -41.0431 4.17127
    endloop
  endfacet
  facet normal 1 0 0
    outer loop
      vertex -102.545 -41.0431 4.17127
      vertex -102.545 -65 -6.05
      vertex -102.545 -40.922 4.15533
    endloop
  endfacet
  facet normal 1 0 0
    outer loop
      vertex -102.545 -65 -6.05
      vertex -102.545 -62.385 0
      vertex -102.545 -65 0
    endloop
  endfacet
  facet normal 1 0 0
    outer loop
      vertex -102.545 -40.4377 4.1977
      vertex -102.545 -65 -6.05
      vertex -102.545 65 -6.05
    endloop
  endfacet
  facet normal 0.999116 -0.0420278 0
    outer loop
      vertex -102.556 -65.2615 6.05
      vertex -102.545 -65 0
      vertex -102.545 -65 6.05
    endloop
  endfacet
  facet normal 0.999116 -0.0420278 0
    outer loop
      vertex -102.556 -65.2615 -6.05
      vertex -102.545 -65 0
      vertex -102.556 -65.2615 6.05
    endloop
  endfacet
  facet normal 0.999116 -0.0420278 0
    outer loop
      vertex -102.545 -65 0
      vertex -102.556 -65.2615 -6.05
      vertex -102.545 -65 -6.05
    endloop
  endfacet
  facet normal -0.842701 0.538382 0
    outer loop
      vertex -112.143 66.5 -6.05
      vertex -112.002 66.7207 6.05
      vertex -112.002 66.7207 -6.05
    endloop
  endfacet
  facet normal -0.842701 0.538382 0
    outer loop
      vertex -112.002 66.7207 6.05
      vertex -112.143 66.5 -6.05
      vertex -112.143 66.5 6.05
    endloop
  endfacet
  facet normal -0.537048 -0.843551 0
    outer loop
      vertex -111.266 -67.4574 -6.05
      vertex -111.045 -67.5981 6.05
      vertex -111.266 -67.4574 6.05
    endloop
  endfacet
  facet normal -0.537048 -0.843551 -0
    outer loop
      vertex -111.045 -67.5981 6.05
      vertex -111.266 -67.4574 -6.05
      vertex -111.045 -67.5981 -6.05
    endloop
  endfacet
  facet normal 0 -1 0
    outer loop
      vertex -109.545 -68 -6.05
      vertex -105.545 -68 6.05
      vertex -109.545 -68 6.05
    endloop
  endfacet
  facet normal 0 -1 -0
    outer loop
      vertex -105.545 -68 6.05
      vertex -109.545 -68 -6.05
      vertex -105.545 -68 -6.05
    endloop
  endfacet
  facet normal 0.461834 0.886966 -0
    outer loop
      vertex -104.045 67.5981 -6.05
      vertex -104.277 67.7189 6.05
      vertex -104.045 67.5981 6.05
    endloop
  endfacet
  facet normal 0.461834 0.886966 0
    outer loop
      vertex -104.277 67.7189 6.05
      vertex -104.045 67.5981 -6.05
      vertex -104.277 67.7189 -6.05
    endloop
  endfacet
  facet normal -0.300273 0.953853 0
    outer loop
      vertex -110.321 67.8978 -6.05
      vertex -110.571 67.8191 6.05
      vertex -110.321 67.8978 6.05
    endloop
  endfacet
  facet normal -0.300273 0.953853 0
    outer loop
      vertex -110.571 67.8191 6.05
      vertex -110.321 67.8978 -6.05
      vertex -110.571 67.8191 -6.05
    endloop
  endfacet
  facet normal -0.130415 0.991459 0
    outer loop
      vertex -109.806 67.9886 -6.05
      vertex -110.066 67.9544 6.05
      vertex -109.806 67.9886 6.05
    endloop
  endfacet
  facet normal -0.130415 0.991459 0
    outer loop
      vertex -110.066 67.9544 6.05
      vertex -109.806 67.9886 -6.05
      vertex -110.066 67.9544 -6.05
    endloop
  endfacet
  facet normal -0.0436366 0.999047 0
    outer loop
      vertex -109.545 68 -6.05
      vertex -109.806 67.9886 6.05
      vertex -109.545 68 6.05
    endloop
  endfacet
  facet normal -0.0436366 0.999047 0
    outer loop
      vertex -109.806 67.9886 6.05
      vertex -109.545 68 -6.05
      vertex -109.806 67.9886 -6.05
    endloop
  endfacet
  facet normal 0.300273 -0.953853 0
    outer loop
      vertex -104.769 -67.8978 -6.05
      vertex -104.519 -67.8191 6.05
      vertex -104.769 -67.8978 6.05
    endloop
  endfacet
  facet normal 0.300273 -0.953853 0
    outer loop
      vertex -104.519 -67.8191 6.05
      vertex -104.769 -67.8978 -6.05
      vertex -104.519 -67.8191 -6.05
    endloop
  endfacet
  facet normal -0.99102 0.133715 0
    outer loop
      vertex -112.534 65.2615 -6.05
      vertex -112.499 65.5209 6.05
      vertex -112.499 65.5209 -6.05
    endloop
  endfacet
  facet normal -0.99102 0.133715 0
    outer loop
      vertex -112.499 65.5209 6.05
      vertex -112.534 65.2615 -6.05
      vertex -112.534 65.2615 6.05
    endloop
  endfacet
  facet normal -0.461834 -0.886966 0
    outer loop
      vertex -111.045 -67.5981 -6.05
      vertex -110.813 -67.7189 6.05
      vertex -111.045 -67.5981 6.05
    endloop
  endfacet
  facet normal -0.461834 -0.886966 -0
    outer loop
      vertex -110.813 -67.7189 6.05
      vertex -111.045 -67.5981 -6.05
      vertex -110.813 -67.7189 -6.05
    endloop
  endfacet
  facet normal 0.976813 0.214096 0
    outer loop
      vertex -102.591 65.5209 6.05
      vertex -102.647 65.7764 -6.05
      vertex -102.647 65.7764 6.05
    endloop
  endfacet
  facet normal 0.976813 0.214096 0
    outer loop
      vertex -102.647 65.7764 -6.05
      vertex -102.591 65.5209 6.05
      vertex -102.591 65.5209 -6.05
    endloop
  endfacet
  facet normal -0.130415 -0.991459 0
    outer loop
      vertex -110.066 -67.9544 -6.05
      vertex -109.806 -67.9886 6.05
      vertex -110.066 -67.9544 6.05
    endloop
  endfacet
  facet normal -0.130415 -0.991459 -0
    outer loop
      vertex -109.806 -67.9886 6.05
      vertex -110.066 -67.9544 -6.05
      vertex -109.806 -67.9886 -6.05
    endloop
  endfacet
  facet normal 0.736821 -0.676088 0
    outer loop
      vertex -103.424 -67.1213 6.05
      vertex -103.247 -66.9284 -6.05
      vertex -103.247 -66.9284 6.05
    endloop
  endfacet
  facet normal 0.736821 -0.676088 0
    outer loop
      vertex -103.247 -66.9284 -6.05
      vertex -103.424 -67.1213 6.05
      vertex -103.424 -67.1213 -6.05
    endloop
  endfacet
  facet normal 0.794043 0.607862 0
    outer loop
      vertex -103.088 66.7207 6.05
      vertex -103.247 66.9284 -6.05
      vertex -103.247 66.9284 6.05
    endloop
  endfacet
  facet normal 0.794043 0.607862 0
    outer loop
      vertex -103.247 66.9284 -6.05
      vertex -103.088 66.7207 6.05
      vertex -103.088 66.7207 -6.05
    endloop
  endfacet
  facet normal 0.953386 -0.301753 0
    outer loop
      vertex -102.726 -66.026 6.05
      vertex -102.647 -65.7764 -6.05
      vertex -102.647 -65.7764 6.05
    endloop
  endfacet
  facet normal 0.953386 -0.301753 0
    outer loop
      vertex -102.647 -65.7764 -6.05
      vertex -102.726 -66.026 6.05
      vertex -102.726 -66.026 -6.05
    endloop
  endfacet
  facet normal -0.461834 0.886966 0
    outer loop
      vertex -110.813 67.7189 -6.05
      vertex -111.045 67.5981 6.05
      vertex -110.813 67.7189 6.05
    endloop
  endfacet
  facet normal -0.461834 0.886966 0
    outer loop
      vertex -111.045 67.5981 6.05
      vertex -110.813 67.7189 -6.05
      vertex -111.045 67.5981 -6.05
    endloop
  endfacet
  facet normal 0.0436366 -0.999047 0
    outer loop
      vertex -105.545 -68 -6.05
      vertex -105.284 -67.9886 6.05
      vertex -105.545 -68 6.05
    endloop
  endfacet
  facet normal 0.0436366 -0.999047 0
    outer loop
      vertex -105.284 -67.9886 6.05
      vertex -105.545 -68 -6.05
      vertex -105.284 -67.9886 -6.05
    endloop
  endfacet
  facet normal -0.976813 -0.214096 0
    outer loop
      vertex -112.443 -65.7764 -6.05
      vertex -112.499 -65.5209 6.05
      vertex -112.499 -65.5209 -6.05
    endloop
  endfacet
  facet normal -0.976813 -0.214096 0
    outer loop
      vertex -112.499 -65.5209 6.05
      vertex -112.443 -65.7764 -6.05
      vertex -112.443 -65.7764 6.05
    endloop
  endfacet
  facet normal -0.382554 0.923933 0
    outer loop
      vertex -110.571 67.8191 -6.05
      vertex -110.813 67.7189 6.05
      vertex -110.571 67.8191 6.05
    endloop
  endfacet
  facet normal -0.382554 0.923933 0
    outer loop
      vertex -110.813 67.7189 6.05
      vertex -110.571 67.8191 -6.05
      vertex -110.813 67.7189 -6.05
    endloop
  endfacet
  facet normal -0.0436366 -0.999047 0
    outer loop
      vertex -109.806 -67.9886 -6.05
      vertex -109.545 -68 6.05
      vertex -109.806 -67.9886 6.05
    endloop
  endfacet
  facet normal -0.0436366 -0.999047 -0
    outer loop
      vertex -109.545 -68 6.05
      vertex -109.806 -67.9886 -6.05
      vertex -109.545 -68 -6.05
    endloop
  endfacet
  facet normal -0.609877 0.792496 0
    outer loop
      vertex -111.266 67.4574 -6.05
      vertex -111.473 67.2981 6.05
      vertex -111.266 67.4574 6.05
    endloop
  endfacet
  facet normal -0.609877 0.792496 0
    outer loop
      vertex -111.473 67.2981 6.05
      vertex -111.266 67.4574 -6.05
      vertex -111.473 67.2981 -6.05
    endloop
  endfacet
  facet normal 0.953386 0.301753 0
    outer loop
      vertex -102.647 65.7764 6.05
      vertex -102.726 66.026 -6.05
      vertex -102.726 66.026 6.05
    endloop
  endfacet
  facet normal 0.953386 0.301753 0
    outer loop
      vertex -102.726 66.026 -6.05
      vertex -102.647 65.7764 6.05
      vertex -102.647 65.7764 -6.05
    endloop
  endfacet
  facet normal 0 1 -0
    outer loop
      vertex -105.545 68 -6.05
      vertex -109.545 68 6.05
      vertex -105.545 68 6.05
    endloop
  endfacet
  facet normal 0 1 0
    outer loop
      vertex -109.545 68 6.05
      vertex -105.545 68 -6.05
      vertex -109.545 68 -6.05
    endloop
  endfacet
  facet normal 0.886735 -0.462279 0
    outer loop
      vertex -102.947 -66.5 6.05
      vertex -102.826 -66.2679 -6.05
      vertex -102.826 -66.2679 6.05
    endloop
  endfacet
  facet normal 0.886735 -0.462279 0
    outer loop
      vertex -102.826 -66.2679 -6.05
      vertex -102.947 -66.5 6.05
      vertex -102.947 -66.5 -6.05
    endloop
  endfacet
  facet normal 0.736821 0.676088 0
    outer loop
      vertex -103.247 66.9284 6.05
      vertex -103.424 67.1213 -6.05
      vertex -103.424 67.1213 6.05
    endloop
  endfacet
  facet normal 0.736821 0.676088 0
    outer loop
      vertex -103.424 67.1213 -6.05
      vertex -103.247 66.9284 6.05
      vertex -103.247 66.9284 -6.05
    endloop
  endfacet
  facet normal 0.924147 -0.382037 0
    outer loop
      vertex -102.826 -66.2679 6.05
      vertex -102.726 -66.026 -6.05
      vertex -102.726 -66.026 6.05
    endloop
  endfacet
  facet normal 0.924147 -0.382037 0
    outer loop
      vertex -102.726 -66.026 -6.05
      vertex -102.826 -66.2679 6.05
      vertex -102.826 -66.2679 -6.05
    endloop
  endfacet
  facet normal 0.382554 -0.923933 0
    outer loop
      vertex -104.519 -67.8191 -6.05
      vertex -104.277 -67.7189 6.05
      vertex -104.519 -67.8191 6.05
    endloop
  endfacet
  facet normal 0.382554 -0.923933 0
    outer loop
      vertex -104.277 -67.7189 6.05
      vertex -104.519 -67.8191 -6.05
      vertex -104.277 -67.7189 -6.05
    endloop
  endfacet
  facet normal 0.976813 -0.214096 0
    outer loop
      vertex -102.647 -65.7764 6.05
      vertex -102.591 -65.5209 -6.05
      vertex -102.591 -65.5209 6.05
    endloop
  endfacet
  facet normal 0.976813 -0.214096 0
    outer loop
      vertex -102.591 -65.5209 -6.05
      vertex -102.647 -65.7764 6.05
      vertex -102.647 -65.7764 -6.05
    endloop
  endfacet
  facet normal -0.924147 0.382037 0
    outer loop
      vertex -112.364 66.026 -6.05
      vertex -112.264 66.2679 6.05
      vertex -112.264 66.2679 -6.05
    endloop
  endfacet
  facet normal -0.924147 0.382037 0
    outer loop
      vertex -112.264 66.2679 6.05
      vertex -112.364 66.026 -6.05
      vertex -112.364 66.026 6.05
    endloop
  endfacet
  facet normal -0.736821 0.676088 0
    outer loop
      vertex -111.843 66.9284 -6.05
      vertex -111.666 67.1213 6.05
      vertex -111.666 67.1213 -6.05
    endloop
  endfacet
  facet normal -0.736821 0.676088 0
    outer loop
      vertex -111.666 67.1213 6.05
      vertex -111.843 66.9284 -6.05
      vertex -111.843 66.9284 6.05
    endloop
  endfacet
  facet normal -0.794043 0.607862 0
    outer loop
      vertex -112.002 66.7207 -6.05
      vertex -111.843 66.9284 6.05
      vertex -111.843 66.9284 -6.05
    endloop
  endfacet
  facet normal -0.794043 0.607862 0
    outer loop
      vertex -111.843 66.9284 6.05
      vertex -112.002 66.7207 -6.05
      vertex -112.002 66.7207 6.05
    endloop
  endfacet
  facet normal -0.216687 -0.976241 0
    outer loop
      vertex -110.321 -67.8978 -6.05
      vertex -110.066 -67.9544 6.05
      vertex -110.321 -67.8978 6.05
    endloop
  endfacet
  facet normal -0.216687 -0.976241 -0
    outer loop
      vertex -110.066 -67.9544 6.05
      vertex -110.321 -67.8978 -6.05
      vertex -110.066 -67.9544 -6.05
    endloop
  endfacet
  facet normal 0.842701 -0.538382 0
    outer loop
      vertex -103.088 -66.7207 6.05
      vertex -102.947 -66.5 -6.05
      vertex -102.947 -66.5 6.05
    endloop
  endfacet
  facet normal 0.842701 -0.538382 0
    outer loop
      vertex -102.947 -66.5 -6.05
      vertex -103.088 -66.7207 6.05
      vertex -103.088 -66.7207 -6.05
    endloop
  endfacet
  facet normal -0.675482 0.737376 0
    outer loop
      vertex -111.473 67.2981 -6.05
      vertex -111.666 67.1213 6.05
      vertex -111.473 67.2981 6.05
    endloop
  endfacet
  facet normal -0.675482 0.737376 0
    outer loop
      vertex -111.666 67.1213 6.05
      vertex -111.473 67.2981 -6.05
      vertex -111.666 67.1213 -6.05
    endloop
  endfacet
  facet normal -0.924147 -0.382037 0
    outer loop
      vertex -112.264 -66.2679 -6.05
      vertex -112.364 -66.026 6.05
      vertex -112.364 -66.026 -6.05
    endloop
  endfacet
  facet normal -0.924147 -0.382037 0
    outer loop
      vertex -112.364 -66.026 6.05
      vertex -112.264 -66.2679 -6.05
      vertex -112.264 -66.2679 6.05
    endloop
  endfacet
  facet normal 0.216687 -0.976241 0
    outer loop
      vertex -105.024 -67.9544 -6.05
      vertex -104.769 -67.8978 6.05
      vertex -105.024 -67.9544 6.05
    endloop
  endfacet
  facet normal 0.216687 -0.976241 0
    outer loop
      vertex -104.769 -67.8978 6.05
      vertex -105.024 -67.9544 -6.05
      vertex -104.769 -67.8978 -6.05
    endloop
  endfacet
  facet normal 0.794043 -0.607862 0
    outer loop
      vertex -103.247 -66.9284 6.05
      vertex -103.088 -66.7207 -6.05
      vertex -103.088 -66.7207 6.05
    endloop
  endfacet
  facet normal 0.794043 -0.607862 0
    outer loop
      vertex -103.088 -66.7207 -6.05
      vertex -103.247 -66.9284 6.05
      vertex -103.247 -66.9284 -6.05
    endloop
  endfacet
  facet normal -0.953386 0.301753 0
    outer loop
      vertex -112.443 65.7764 -6.05
      vertex -112.364 66.026 6.05
      vertex -112.364 66.026 -6.05
    endloop
  endfacet
  facet normal -0.953386 0.301753 0
    outer loop
      vertex -112.364 66.026 6.05
      vertex -112.443 65.7764 -6.05
      vertex -112.443 65.7764 6.05
    endloop
  endfacet
  facet normal -0.675482 -0.737376 0
    outer loop
      vertex -111.666 -67.1213 -6.05
      vertex -111.473 -67.2981 6.05
      vertex -111.666 -67.1213 6.05
    endloop
  endfacet
  facet normal -0.675482 -0.737376 -0
    outer loop
      vertex -111.473 -67.2981 6.05
      vertex -111.666 -67.1213 -6.05
      vertex -111.473 -67.2981 -6.05
    endloop
  endfacet
  facet normal 0.537048 -0.843551 0
    outer loop
      vertex -104.045 -67.5981 -6.05
      vertex -103.824 -67.4574 6.05
      vertex -104.045 -67.5981 6.05
    endloop
  endfacet
  facet normal 0.537048 -0.843551 0
    outer loop
      vertex -103.824 -67.4574 6.05
      vertex -104.045 -67.5981 -6.05
      vertex -103.824 -67.4574 -6.05
    endloop
  endfacet
  facet normal 0.382554 0.923933 -0
    outer loop
      vertex -104.277 67.7189 -6.05
      vertex -104.519 67.8191 6.05
      vertex -104.277 67.7189 6.05
    endloop
  endfacet
  facet normal 0.382554 0.923933 0
    outer loop
      vertex -104.519 67.8191 6.05
      vertex -104.277 67.7189 -6.05
      vertex -104.519 67.8191 -6.05
    endloop
  endfacet
  facet normal -0.842701 -0.538382 0
    outer loop
      vertex -112.002 -66.7207 -6.05
      vertex -112.143 -66.5 6.05
      vertex -112.143 -66.5 -6.05
    endloop
  endfacet
  facet normal -0.842701 -0.538382 0
    outer loop
      vertex -112.143 -66.5 6.05
      vertex -112.002 -66.7207 -6.05
      vertex -112.002 -66.7207 6.05
    endloop
  endfacet
  facet normal 0.924147 0.382037 0
    outer loop
      vertex -102.726 66.026 6.05
      vertex -102.826 66.2679 -6.05
      vertex -102.826 66.2679 6.05
    endloop
  endfacet
  facet normal 0.924147 0.382037 0
    outer loop
      vertex -102.826 66.2679 -6.05
      vertex -102.726 66.026 6.05
      vertex -102.726 66.026 -6.05
    endloop
  endfacet
  facet normal 0.886735 0.462279 0
    outer loop
      vertex -102.826 66.2679 6.05
      vertex -102.947 66.5 -6.05
      vertex -102.947 66.5 6.05
    endloop
  endfacet
  facet normal 0.886735 0.462279 0
    outer loop
      vertex -102.947 66.5 -6.05
      vertex -102.826 66.2679 6.05
      vertex -102.826 66.2679 -6.05
    endloop
  endfacet
  facet normal 0.675482 -0.737376 0
    outer loop
      vertex -103.617 -67.2981 -6.05
      vertex -103.424 -67.1213 6.05
      vertex -103.617 -67.2981 6.05
    endloop
  endfacet
  facet normal 0.675482 -0.737376 0
    outer loop
      vertex -103.424 -67.1213 6.05
      vertex -103.617 -67.2981 -6.05
      vertex -103.424 -67.1213 -6.05
    endloop
  endfacet
  facet normal 0.609877 0.792496 -0
    outer loop
      vertex -103.617 67.2981 -6.05
      vertex -103.824 67.4574 6.05
      vertex -103.617 67.2981 6.05
    endloop
  endfacet
  facet normal 0.609877 0.792496 0
    outer loop
      vertex -103.824 67.4574 6.05
      vertex -103.617 67.2981 -6.05
      vertex -103.824 67.4574 -6.05
    endloop
  endfacet
  facet normal 0.130415 0.991459 -0
    outer loop
      vertex -105.024 67.9544 -6.05
      vertex -105.284 67.9886 6.05
      vertex -105.024 67.9544 6.05
    endloop
  endfacet
  facet normal 0.130415 0.991459 0
    outer loop
      vertex -105.284 67.9886 6.05
      vertex -105.024 67.9544 -6.05
      vertex -105.284 67.9886 -6.05
    endloop
  endfacet
  facet normal -0.537048 0.843551 0
    outer loop
      vertex -111.045 67.5981 -6.05
      vertex -111.266 67.4574 6.05
      vertex -111.045 67.5981 6.05
    endloop
  endfacet
  facet normal -0.537048 0.843551 0
    outer loop
      vertex -111.266 67.4574 6.05
      vertex -111.045 67.5981 -6.05
      vertex -111.266 67.4574 -6.05
    endloop
  endfacet
  facet normal -0.886735 0.462279 0
    outer loop
      vertex -112.264 66.2679 -6.05
      vertex -112.143 66.5 6.05
      vertex -112.143 66.5 -6.05
    endloop
  endfacet
  facet normal -0.886735 0.462279 0
    outer loop
      vertex -112.143 66.5 6.05
      vertex -112.264 66.2679 -6.05
      vertex -112.264 66.2679 6.05
    endloop
  endfacet
  facet normal -0.953386 -0.301753 0
    outer loop
      vertex -112.364 -66.026 -6.05
      vertex -112.443 -65.7764 6.05
      vertex -112.443 -65.7764 -6.05
    endloop
  endfacet
  facet normal -0.953386 -0.301753 0
    outer loop
      vertex -112.443 -65.7764 6.05
      vertex -112.364 -66.026 -6.05
      vertex -112.364 -66.026 6.05
    endloop
  endfacet
  facet normal -0.886735 -0.462279 0
    outer loop
      vertex -112.143 -66.5 -6.05
      vertex -112.264 -66.2679 6.05
      vertex -112.264 -66.2679 -6.05
    endloop
  endfacet
  facet normal -0.886735 -0.462279 0
    outer loop
      vertex -112.264 -66.2679 6.05
      vertex -112.143 -66.5 -6.05
      vertex -112.143 -66.5 6.05
    endloop
  endfacet
  facet normal -0.382554 -0.923933 0
    outer loop
      vertex -110.813 -67.7189 -6.05
      vertex -110.571 -67.8191 6.05
      vertex -110.813 -67.7189 6.05
    endloop
  endfacet
  facet normal -0.382554 -0.923933 -0
    outer loop
      vertex -110.571 -67.8191 6.05
      vertex -110.813 -67.7189 -6.05
      vertex -110.571 -67.8191 -6.05
    endloop
  endfacet
  facet normal 0.609877 -0.792496 0
    outer loop
      vertex -103.824 -67.4574 -6.05
      vertex -103.617 -67.2981 6.05
      vertex -103.824 -67.4574 6.05
    endloop
  endfacet
  facet normal 0.609877 -0.792496 0
    outer loop
      vertex -103.617 -67.2981 6.05
      vertex -103.824 -67.4574 -6.05
      vertex -103.617 -67.2981 -6.05
    endloop
  endfacet
  facet normal 0.130415 -0.991459 0
    outer loop
      vertex -105.284 -67.9886 -6.05
      vertex -105.024 -67.9544 6.05
      vertex -105.284 -67.9886 6.05
    endloop
  endfacet
  facet normal 0.130415 -0.991459 0
    outer loop
      vertex -105.024 -67.9544 6.05
      vertex -105.284 -67.9886 -6.05
      vertex -105.024 -67.9544 -6.05
    endloop
  endfacet
  facet normal -0 0 1
    outer loop
      vertex -112.545 -42.1068 6.05
      vertex -102.545 -62.385 6.05
      vertex -102.545 -42.1068 6.05
    endloop
  endfacet
  facet normal 0 -0 1
    outer loop
      vertex -109.545 -68 6.05
      vertex -102.545 -62.385 6.05
      vertex -112.545 -65 6.05
    endloop
  endfacet
  facet normal 0 0 1
    outer loop
      vertex -102.545 -62.385 6.05
      vertex -105.545 -68 6.05
      vertex -102.545 -65 6.05
    endloop
  endfacet
  facet normal 0 0 1
    outer loop
      vertex -102.545 -65 6.05
      vertex -105.545 -68 6.05
      vertex -102.556 -65.2615 6.05
    endloop
  endfacet
  facet normal 0 0 1
    outer loop
      vertex -102.556 -65.2615 6.05
      vertex -105.545 -68 6.05
      vertex -102.591 -65.5209 6.05
    endloop
  endfacet
  facet normal 0 0 1
    outer loop
      vertex -102.591 -65.5209 6.05
      vertex -105.545 -68 6.05
      vertex -102.647 -65.7764 6.05
    endloop
  endfacet
  facet normal 0 0 1
    outer loop
      vertex -102.647 -65.7764 6.05
      vertex -105.545 -68 6.05
      vertex -102.726 -66.026 6.05
    endloop
  endfacet
  facet normal 0 0 1
    outer loop
      vertex -102.726 -66.026 6.05
      vertex -105.545 -68 6.05
      vertex -102.826 -66.2679 6.05
    endloop
  endfacet
  facet normal 0 0 1
    outer loop
      vertex -102.826 -66.2679 6.05
      vertex -105.545 -68 6.05
      vertex -102.947 -66.5 6.05
    endloop
  endfacet
  facet normal 0 0 1
    outer loop
      vertex -102.947 -66.5 6.05
      vertex -105.545 -68 6.05
      vertex -103.088 -66.7207 6.05
    endloop
  endfacet
  facet normal 0 0 1
    outer loop
      vertex -103.088 -66.7207 6.05
      vertex -105.545 -68 6.05
      vertex -103.247 -66.9284 6.05
    endloop
  endfacet
  facet normal 0 0 1
    outer loop
      vertex -103.247 -66.9284 6.05
      vertex -105.545 -68 6.05
      vertex -103.424 -67.1213 6.05
    endloop
  endfacet
  facet normal 0 0 1
    outer loop
      vertex -103.424 -67.1213 6.05
      vertex -105.545 -68 6.05
      vertex -103.617 -67.2981 6.05
    endloop
  endfacet
  facet normal 0 0 1
    outer loop
      vertex -103.617 -67.2981 6.05
      vertex -105.545 -68 6.05
      vertex -103.824 -67.4574 6.05
    endloop
  endfacet
  facet normal 0 0 1
    outer loop
      vertex -103.824 -67.4574 6.05
      vertex -105.545 -68 6.05
      vertex -104.045 -67.5981 6.05
    endloop
  endfacet
  facet normal 0 0 1
    outer loop
      vertex -104.045 -67.5981 6.05
      vertex -105.545 -68 6.05
      vertex -104.277 -67.7189 6.05
    endloop
  endfacet
  facet normal 0 0 1
    outer loop
      vertex -104.277 -67.7189 6.05
      vertex -105.545 -68 6.05
      vertex -104.519 -67.8191 6.05
    endloop
  endfacet
  facet normal 0 0 1
    outer loop
      vertex -104.519 -67.8191 6.05
      vertex -105.545 -68 6.05
      vertex -104.769 -67.8978 6.05
    endloop
  endfacet
  facet normal 0 0 1
    outer loop
      vertex -104.769 -67.8978 6.05
      vertex -105.545 -68 6.05
      vertex -105.024 -67.9544 6.05
    endloop
  endfacet
  facet normal 0 0 1
    outer loop
      vertex -105.024 -67.9544 6.05
      vertex -105.545 -68 6.05
      vertex -105.284 -67.9886 6.05
    endloop
  endfacet
  facet normal 0 0 1
    outer loop
      vertex -102.545 -62.385 6.05
      vertex -109.545 -68 6.05
      vertex -105.545 -68 6.05
    endloop
  endfacet
  facet normal 0 0 1
    outer loop
      vertex -109.545 -68 6.05
      vertex -112.545 -65 6.05
      vertex -109.806 -67.9886 6.05
    endloop
  endfacet
  facet normal 0 0 1
    outer loop
      vertex -109.806 -67.9886 6.05
      vertex -112.545 -65 6.05
      vertex -110.066 -67.9544 6.05
    endloop
  endfacet
  facet normal 0 0 1
    outer loop
      vertex -110.066 -67.9544 6.05
      vertex -112.545 -65 6.05
      vertex -110.321 -67.8978 6.05
    endloop
  endfacet
  facet normal 0 0 1
    outer loop
      vertex -110.321 -67.8978 6.05
      vertex -112.545 -65 6.05
      vertex -110.571 -67.8191 6.05
    endloop
  endfacet
  facet normal 0 0 1
    outer loop
      vertex -110.571 -67.8191 6.05
      vertex -112.545 -65 6.05
      vertex -110.813 -67.7189 6.05
    endloop
  endfacet
  facet normal 0 0 1
    outer loop
      vertex -110.813 -67.7189 6.05
      vertex -112.545 -65 6.05
      vertex -111.045 -67.5981 6.05
    endloop
  endfacet
  facet normal 0 0 1
    outer loop
      vertex -111.045 -67.5981 6.05
      vertex -112.545 -65 6.05
      vertex -111.266 -67.4574 6.05
    endloop
  endfacet
  facet normal 0 0 1
    outer loop
      vertex -111.266 -67.4574 6.05
      vertex -112.545 -65 6.05
      vertex -111.473 -67.2981 6.05
    endloop
  endfacet
  facet normal 0 0 1
    outer loop
      vertex -111.473 -67.2981 6.05
      vertex -112.545 -65 6.05
      vertex -111.666 -67.1213 6.05
    endloop
  endfacet
  facet normal 0 0 1
    outer loop
      vertex -111.666 -67.1213 6.05
      vertex -112.545 -65 6.05
      vertex -111.843 -66.9284 6.05
    endloop
  endfacet
  facet normal 0 0 1
    outer loop
      vertex -111.843 -66.9284 6.05
      vertex -112.545 -65 6.05
      vertex -112.002 -66.7207 6.05
    endloop
  endfacet
  facet normal 0 0 1
    outer loop
      vertex -112.002 -66.7207 6.05
      vertex -112.545 -65 6.05
      vertex -112.143 -66.5 6.05
    endloop
  endfacet
  facet normal 0 0 1
    outer loop
      vertex -112.143 -66.5 6.05
      vertex -112.545 -65 6.05
      vertex -112.264 -66.2679 6.05
    endloop
  endfacet
  facet normal 0 0 1
    outer loop
      vertex -112.264 -66.2679 6.05
      vertex -112.545 -65 6.05
      vertex -112.364 -66.026 6.05
    endloop
  endfacet
  facet normal 0 0 1
    outer loop
      vertex -112.364 -66.026 6.05
      vertex -112.545 -65 6.05
      vertex -112.443 -65.7764 6.05
    endloop
  endfacet
  facet normal 0 0 1
    outer loop
      vertex -112.443 -65.7764 6.05
      vertex -112.545 -65 6.05
      vertex -112.499 -65.5209 6.05
    endloop
  endfacet
  facet normal 0 0 1
    outer loop
      vertex -102.545 -62.385 6.05
      vertex -112.545 -42.1068 6.05
      vertex -112.545 -65 6.05
    endloop
  endfacet
  facet normal 0 0 1
    outer loop
      vertex -112.499 -65.5209 6.05
      vertex -112.545 -65 6.05
      vertex -112.534 -65.2615 6.05
    endloop
  endfacet
  facet normal 0 0 1
    outer loop
      vertex -105.545 68 6.05
      vertex -102.545 65 6.05
      vertex -102.556 65.2615 6.05
    endloop
  endfacet
  facet normal 0 0 1
    outer loop
      vertex -105.545 68 6.05
      vertex -102.556 65.2615 6.05
      vertex -102.591 65.5209 6.05
    endloop
  endfacet
  facet normal 0 0 1
    outer loop
      vertex -105.545 68 6.05
      vertex -102.591 65.5209 6.05
      vertex -102.647 65.7764 6.05
    endloop
  endfacet
  facet normal 0 0 1
    outer loop
      vertex -105.545 68 6.05
      vertex -102.647 65.7764 6.05
      vertex -102.726 66.026 6.05
    endloop
  endfacet
  facet normal 0 0 1
    outer loop
      vertex -105.545 68 6.05
      vertex -102.726 66.026 6.05
      vertex -102.826 66.2679 6.05
    endloop
  endfacet
  facet normal 0 0 1
    outer loop
      vertex -105.545 68 6.05
      vertex -102.826 66.2679 6.05
      vertex -102.947 66.5 6.05
    endloop
  endfacet
  facet normal 0 0 1
    outer loop
      vertex -105.545 68 6.05
      vertex -102.947 66.5 6.05
      vertex -103.088 66.7207 6.05
    endloop
  endfacet
  facet normal 0 0 1
    outer loop
      vertex -105.545 68 6.05
      vertex -103.088 66.7207 6.05
      vertex -103.247 66.9284 6.05
    endloop
  endfacet
  facet normal 0 0 1
    outer loop
      vertex -105.545 68 6.05
      vertex -103.247 66.9284 6.05
      vertex -103.424 67.1213 6.05
    endloop
  endfacet
  facet normal 0 0 1
    outer loop
      vertex -105.545 68 6.05
      vertex -103.424 67.1213 6.05
      vertex -103.617 67.2981 6.05
    endloop
  endfacet
  facet normal 0 0 1
    outer loop
      vertex -105.545 68 6.05
      vertex -103.617 67.2981 6.05
      vertex -103.824 67.4574 6.05
    endloop
  endfacet
  facet normal 0 0 1
    outer loop
      vertex -105.545 68 6.05
      vertex -103.824 67.4574 6.05
      vertex -104.045 67.5981 6.05
    endloop
  endfacet
  facet normal 0 0 1
    outer loop
      vertex -105.545 68 6.05
      vertex -104.045 67.5981 6.05
      vertex -104.277 67.7189 6.05
    endloop
  endfacet
  facet normal 0 0 1
    outer loop
      vertex -105.545 68 6.05
      vertex -104.277 67.7189 6.05
      vertex -104.519 67.8191 6.05
    endloop
  endfacet
  facet normal 0 0 1
    outer loop
      vertex -105.545 68 6.05
      vertex -104.519 67.8191 6.05
      vertex -104.769 67.8978 6.05
    endloop
  endfacet
  facet normal 0 0 1
    outer loop
      vertex -105.545 68 6.05
      vertex -104.769 67.8978 6.05
      vertex -105.024 67.9544 6.05
    endloop
  endfacet
  facet normal 0 0 1
    outer loop
      vertex -105.545 68 6.05
      vertex -105.024 67.9544 6.05
      vertex -105.284 67.9886 6.05
    endloop
  endfacet
  facet normal 0 0 1
    outer loop
      vertex -102.545 65 6.05
      vertex -105.545 68 6.05
      vertex -112.545 65 6.05
    endloop
  endfacet
  facet normal 0 0 1
    outer loop
      vertex -112.545 65 6.05
      vertex -105.545 68 6.05
      vertex -109.545 68 6.05
    endloop
  endfacet
  facet normal 0 0 1
    outer loop
      vertex -112.545 65 6.05
      vertex -109.545 68 6.05
      vertex -109.806 67.9886 6.05
    endloop
  endfacet
  facet normal 0 0 1
    outer loop
      vertex -112.545 65 6.05
      vertex -109.806 67.9886 6.05
      vertex -110.066 67.9544 6.05
    endloop
  endfacet
  facet normal 0 0 1
    outer loop
      vertex -112.545 65 6.05
      vertex -110.066 67.9544 6.05
      vertex -110.321 67.8978 6.05
    endloop
  endfacet
  facet normal 0 0 1
    outer loop
      vertex -112.545 65 6.05
      vertex -110.321 67.8978 6.05
      vertex -110.571 67.8191 6.05
    endloop
  endfacet
  facet normal 0 0 1
    outer loop
      vertex -112.545 65 6.05
      vertex -110.571 67.8191 6.05
      vertex -110.813 67.7189 6.05
    endloop
  endfacet
  facet normal 0 0 1
    outer loop
      vertex -112.545 65 6.05
      vertex -110.813 67.7189 6.05
      vertex -111.045 67.5981 6.05
    endloop
  endfacet
  facet normal 0 0 1
    outer loop
      vertex -112.545 65 6.05
      vertex -111.045 67.5981 6.05
      vertex -111.266 67.4574 6.05
    endloop
  endfacet
  facet normal 0 0 1
    outer loop
      vertex -112.545 65 6.05
      vertex -111.266 67.4574 6.05
      vertex -111.473 67.2981 6.05
    endloop
  endfacet
  facet normal 0 0 1
    outer loop
      vertex -112.545 65 6.05
      vertex -111.473 67.2981 6.05
      vertex -111.666 67.1213 6.05
    endloop
  endfacet
  facet normal 0 0 1
    outer loop
      vertex -112.545 65 6.05
      vertex -111.666 67.1213 6.05
      vertex -111.843 66.9284 6.05
    endloop
  endfacet
  facet normal 0 0 1
    outer loop
      vertex -112.545 65 6.05
      vertex -111.843 66.9284 6.05
      vertex -112.002 66.7207 6.05
    endloop
  endfacet
  facet normal 0 0 1
    outer loop
      vertex -112.545 65 6.05
      vertex -112.002 66.7207 6.05
      vertex -112.143 66.5 6.05
    endloop
  endfacet
  facet normal 0 0 1
    outer loop
      vertex -112.545 65 6.05
      vertex -112.143 66.5 6.05
      vertex -112.264 66.2679 6.05
    endloop
  endfacet
  facet normal 0 0 1
    outer loop
      vertex -112.545 65 6.05
      vertex -112.264 66.2679 6.05
      vertex -112.364 66.026 6.05
    endloop
  endfacet
  facet normal 0 0 1
    outer loop
      vertex -112.545 65 6.05
      vertex -112.364 66.026 6.05
      vertex -112.443 65.7764 6.05
    endloop
  endfacet
  facet normal 0 0 1
    outer loop
      vertex -112.545 65 6.05
      vertex -112.443 65.7764 6.05
      vertex -112.499 65.5209 6.05
    endloop
  endfacet
  facet normal 0 0 1
    outer loop
      vertex -112.545 65 6.05
      vertex -112.499 65.5209 6.05
      vertex -112.534 65.2615 6.05
    endloop
  endfacet
  facet normal 0 0 1
    outer loop
      vertex -102.545 65 6.05
      vertex -112.545 65 6.05
      vertex -102.545 42.1068 6.05
    endloop
  endfacet
  facet normal 0 0 1
    outer loop
      vertex -102.545 42.1068 6.05
      vertex -112.545 65 6.05
      vertex -112.545 42.1068 6.05
    endloop
  endfacet
  facet normal -0 0 1
    outer loop
      vertex -112.545 39.4932 6.05
      vertex -102.545 -39.4932 6.05
      vertex -102.545 39.4932 6.05
    endloop
  endfacet
  facet normal 0 0 1
    outer loop
      vertex -102.545 -39.4932 6.05
      vertex -112.545 39.4932 6.05
      vertex -112.545 -39.4932 6.05
    endloop
  endfacet
  facet normal -0.609877 -0.792496 0
    outer loop
      vertex -111.473 -67.2981 -6.05
      vertex -111.266 -67.4574 6.05
      vertex -111.473 -67.2981 6.05
    endloop
  endfacet
  facet normal -0.609877 -0.792496 -0
    outer loop
      vertex -111.266 -67.4574 6.05
      vertex -111.473 -67.2981 -6.05
      vertex -111.266 -67.4574 -6.05
    endloop
  endfacet
  facet normal 0 0 -1
    outer loop
      vertex -105.545 -68 -6.05
      vertex -102.545 -65 -6.05
      vertex -102.556 -65.2615 -6.05
    endloop
  endfacet
  facet normal 0 0 -1
    outer loop
      vertex -102.545 -65 -6.05
      vertex -112.545 -65 -6.05
      vertex -102.545 65 -6.05
    endloop
  endfacet
  facet normal 0 0 -1
    outer loop
      vertex -105.545 -68 -6.05
      vertex -102.556 -65.2615 -6.05
      vertex -102.591 -65.5209 -6.05
    endloop
  endfacet
  facet normal 0 0 -1
    outer loop
      vertex -112.545 65 -6.05
      vertex -102.545 65 -6.05
      vertex -112.545 -65 -6.05
    endloop
  endfacet
  facet normal 0 0 -1
    outer loop
      vertex -105.545 -68 -6.05
      vertex -102.591 -65.5209 -6.05
      vertex -102.647 -65.7764 -6.05
    endloop
  endfacet
  facet normal 0 -0 -1
    outer loop
      vertex -105.545 68 -6.05
      vertex -102.545 65 -6.05
      vertex -112.545 65 -6.05
    endloop
  endfacet
  facet normal 0 0 -1
    outer loop
      vertex -105.545 -68 -6.05
      vertex -102.647 -65.7764 -6.05
      vertex -102.726 -66.026 -6.05
    endloop
  endfacet
  facet normal 0 0 -1
    outer loop
      vertex -102.545 65 -6.05
      vertex -105.545 68 -6.05
      vertex -102.556 65.2615 -6.05
    endloop
  endfacet
  facet normal 0 0 -1
    outer loop
      vertex -105.545 -68 -6.05
      vertex -102.726 -66.026 -6.05
      vertex -102.826 -66.2679 -6.05
    endloop
  endfacet
  facet normal 0 0 -1
    outer loop
      vertex -102.556 65.2615 -6.05
      vertex -105.545 68 -6.05
      vertex -102.591 65.5209 -6.05
    endloop
  endfacet
  facet normal 0 0 -1
    outer loop
      vertex -105.545 -68 -6.05
      vertex -102.826 -66.2679 -6.05
      vertex -102.947 -66.5 -6.05
    endloop
  endfacet
  facet normal 0 0 -1
    outer loop
      vertex -102.591 65.5209 -6.05
      vertex -105.545 68 -6.05
      vertex -102.647 65.7764 -6.05
    endloop
  endfacet
  facet normal 0 0 -1
    outer loop
      vertex -105.545 -68 -6.05
      vertex -102.947 -66.5 -6.05
      vertex -103.088 -66.7207 -6.05
    endloop
  endfacet
  facet normal 0 0 -1
    outer loop
      vertex -102.647 65.7764 -6.05
      vertex -105.545 68 -6.05
      vertex -102.726 66.026 -6.05
    endloop
  endfacet
  facet normal 0 0 -1
    outer loop
      vertex -105.545 -68 -6.05
      vertex -103.088 -66.7207 -6.05
      vertex -103.247 -66.9284 -6.05
    endloop
  endfacet
  facet normal 0 0 -1
    outer loop
      vertex -102.726 66.026 -6.05
      vertex -105.545 68 -6.05
      vertex -102.826 66.2679 -6.05
    endloop
  endfacet
  facet normal 0 0 -1
    outer loop
      vertex -105.545 -68 -6.05
      vertex -103.247 -66.9284 -6.05
      vertex -103.424 -67.1213 -6.05
    endloop
  endfacet
  facet normal 0 0 -1
    outer loop
      vertex -102.826 66.2679 -6.05
      vertex -105.545 68 -6.05
      vertex -102.947 66.5 -6.05
    endloop
  endfacet
  facet normal 0 0 -1
    outer loop
      vertex -105.545 -68 -6.05
      vertex -103.424 -67.1213 -6.05
      vertex -103.617 -67.2981 -6.05
    endloop
  endfacet
  facet normal 0 0 -1
    outer loop
      vertex -102.947 66.5 -6.05
      vertex -105.545 68 -6.05
      vertex -103.088 66.7207 -6.05
    endloop
  endfacet
  facet normal 0 0 -1
    outer loop
      vertex -105.545 -68 -6.05
      vertex -103.617 -67.2981 -6.05
      vertex -103.824 -67.4574 -6.05
    endloop
  endfacet
  facet normal 0 0 -1
    outer loop
      vertex -103.088 66.7207 -6.05
      vertex -105.545 68 -6.05
      vertex -103.247 66.9284 -6.05
    endloop
  endfacet
  facet normal 0 0 -1
    outer loop
      vertex -105.545 -68 -6.05
      vertex -103.824 -67.4574 -6.05
      vertex -104.045 -67.5981 -6.05
    endloop
  endfacet
  facet normal 0 0 -1
    outer loop
      vertex -103.247 66.9284 -6.05
      vertex -105.545 68 -6.05
      vertex -103.424 67.1213 -6.05
    endloop
  endfacet
  facet normal 0 0 -1
    outer loop
      vertex -105.545 -68 -6.05
      vertex -104.045 -67.5981 -6.05
      vertex -104.277 -67.7189 -6.05
    endloop
  endfacet
  facet normal 0 0 -1
    outer loop
      vertex -103.424 67.1213 -6.05
      vertex -105.545 68 -6.05
      vertex -103.617 67.2981 -6.05
    endloop
  endfacet
  facet normal 0 0 -1
    outer loop
      vertex -105.545 -68 -6.05
      vertex -104.277 -67.7189 -6.05
      vertex -104.519 -67.8191 -6.05
    endloop
  endfacet
  facet normal 0 0 -1
    outer loop
      vertex -103.617 67.2981 -6.05
      vertex -105.545 68 -6.05
      vertex -103.824 67.4574 -6.05
    endloop
  endfacet
  facet normal 0 0 -1
    outer loop
      vertex -105.545 -68 -6.05
      vertex -104.519 -67.8191 -6.05
      vertex -104.769 -67.8978 -6.05
    endloop
  endfacet
  facet normal 0 0 -1
    outer loop
      vertex -103.824 67.4574 -6.05
      vertex -105.545 68 -6.05
      vertex -104.045 67.5981 -6.05
    endloop
  endfacet
  facet normal 0 0 -1
    outer loop
      vertex -105.545 -68 -6.05
      vertex -104.769 -67.8978 -6.05
      vertex -105.024 -67.9544 -6.05
    endloop
  endfacet
  facet normal 0 0 -1
    outer loop
      vertex -104.045 67.5981 -6.05
      vertex -105.545 68 -6.05
      vertex -104.277 67.7189 -6.05
    endloop
  endfacet
  facet normal 0 0 -1
    outer loop
      vertex -105.545 -68 -6.05
      vertex -105.024 -67.9544 -6.05
      vertex -105.284 -67.9886 -6.05
    endloop
  endfacet
  facet normal 0 0 -1
    outer loop
      vertex -104.277 67.7189 -6.05
      vertex -105.545 68 -6.05
      vertex -104.519 67.8191 -6.05
    endloop
  endfacet
  facet normal -0 0 -1
    outer loop
      vertex -102.545 -65 -6.05
      vertex -105.545 -68 -6.05
      vertex -112.545 -65 -6.05
    endloop
  endfacet
  facet normal 0 0 -1
    outer loop
      vertex -104.519 67.8191 -6.05
      vertex -105.545 68 -6.05
      vertex -104.769 67.8978 -6.05
    endloop
  endfacet
  facet normal 0 0 -1
    outer loop
      vertex -112.545 -65 -6.05
      vertex -105.545 -68 -6.05
      vertex -109.545 -68 -6.05
    endloop
  endfacet
  facet normal 0 0 -1
    outer loop
      vertex -104.769 67.8978 -6.05
      vertex -105.545 68 -6.05
      vertex -105.024 67.9544 -6.05
    endloop
  endfacet
  facet normal 0 0 -1
    outer loop
      vertex -112.545 -65 -6.05
      vertex -109.545 -68 -6.05
      vertex -109.806 -67.9886 -6.05
    endloop
  endfacet
  facet normal 0 0 -1
    outer loop
      vertex -105.024 67.9544 -6.05
      vertex -105.545 68 -6.05
      vertex -105.284 67.9886 -6.05
    endloop
  endfacet
  facet normal 0 0 -1
    outer loop
      vertex -112.545 -65 -6.05
      vertex -109.806 -67.9886 -6.05
      vertex -110.066 -67.9544 -6.05
    endloop
  endfacet
  facet normal -0 0 -1
    outer loop
      vertex -105.545 68 -6.05
      vertex -112.545 65 -6.05
      vertex -109.545 68 -6.05
    endloop
  endfacet
  facet normal 0 0 -1
    outer loop
      vertex -112.545 -65 -6.05
      vertex -110.066 -67.9544 -6.05
      vertex -110.321 -67.8978 -6.05
    endloop
  endfacet
  facet normal 0 0 -1
    outer loop
      vertex -109.545 68 -6.05
      vertex -112.545 65 -6.05
      vertex -109.806 67.9886 -6.05
    endloop
  endfacet
  facet normal 0 0 -1
    outer loop
      vertex -112.545 -65 -6.05
      vertex -110.321 -67.8978 -6.05
      vertex -110.571 -67.8191 -6.05
    endloop
  endfacet
  facet normal 0 0 -1
    outer loop
      vertex -109.806 67.9886 -6.05
      vertex -112.545 65 -6.05
      vertex -110.066 67.9544 -6.05
    endloop
  endfacet
  facet normal 0 0 -1
    outer loop
      vertex -112.545 -65 -6.05
      vertex -110.571 -67.8191 -6.05
      vertex -110.813 -67.7189 -6.05
    endloop
  endfacet
  facet normal 0 0 -1
    outer loop
      vertex -110.066 67.9544 -6.05
      vertex -112.545 65 -6.05
      vertex -110.321 67.8978 -6.05
    endloop
  endfacet
  facet normal 0 0 -1
    outer loop
      vertex -112.545 -65 -6.05
      vertex -110.813 -67.7189 -6.05
      vertex -111.045 -67.5981 -6.05
    endloop
  endfacet
  facet normal 0 0 -1
    outer loop
      vertex -110.321 67.8978 -6.05
      vertex -112.545 65 -6.05
      vertex -110.571 67.8191 -6.05
    endloop
  endfacet
  facet normal 0 0 -1
    outer loop
      vertex -112.545 -65 -6.05
      vertex -111.045 -67.5981 -6.05
      vertex -111.266 -67.4574 -6.05
    endloop
  endfacet
  facet normal 0 0 -1
    outer loop
      vertex -110.571 67.8191 -6.05
      vertex -112.545 65 -6.05
      vertex -110.813 67.7189 -6.05
    endloop
  endfacet
  facet normal 0 0 -1
    outer loop
      vertex -112.545 -65 -6.05
      vertex -111.266 -67.4574 -6.05
      vertex -111.473 -67.2981 -6.05
    endloop
  endfacet
  facet normal 0 0 -1
    outer loop
      vertex -110.813 67.7189 -6.05
      vertex -112.545 65 -6.05
      vertex -111.045 67.5981 -6.05
    endloop
  endfacet
  facet normal 0 0 -1
    outer loop
      vertex -112.545 -65 -6.05
      vertex -111.473 -67.2981 -6.05
      vertex -111.666 -67.1213 -6.05
    endloop
  endfacet
  facet normal 0 0 -1
    outer loop
      vertex -111.045 67.5981 -6.05
      vertex -112.545 65 -6.05
      vertex -111.266 67.4574 -6.05
    endloop
  endfacet
  facet normal 0 0 -1
    outer loop
      vertex -112.545 -65 -6.05
      vertex -111.666 -67.1213 -6.05
      vertex -111.843 -66.9284 -6.05
    endloop
  endfacet
  facet normal 0 0 -1
    outer loop
      vertex -111.266 67.4574 -6.05
      vertex -112.545 65 -6.05
      vertex -111.473 67.2981 -6.05
    endloop
  endfacet
  facet normal 0 0 -1
    outer loop
      vertex -112.545 -65 -6.05
      vertex -111.843 -66.9284 -6.05
      vertex -112.002 -66.7207 -6.05
    endloop
  endfacet
  facet normal 0 0 -1
    outer loop
      vertex -111.473 67.2981 -6.05
      vertex -112.545 65 -6.05
      vertex -111.666 67.1213 -6.05
    endloop
  endfacet
  facet normal 0 0 -1
    outer loop
      vertex -112.545 -65 -6.05
      vertex -112.002 -66.7207 -6.05
      vertex -112.143 -66.5 -6.05
    endloop
  endfacet
  facet normal 0 0 -1
    outer loop
      vertex -111.666 67.1213 -6.05
      vertex -112.545 65 -6.05
      vertex -111.843 66.9284 -6.05
    endloop
  endfacet
  facet normal 0 0 -1
    outer loop
      vertex -112.545 -65 -6.05
      vertex -112.143 -66.5 -6.05
      vertex -112.264 -66.2679 -6.05
    endloop
  endfacet
  facet normal 0 0 -1
    outer loop
      vertex -111.843 66.9284 -6.05
      vertex -112.545 65 -6.05
      vertex -112.002 66.7207 -6.05
    endloop
  endfacet
  facet normal 0 0 -1
    outer loop
      vertex -112.545 -65 -6.05
      vertex -112.264 -66.2679 -6.05
      vertex -112.364 -66.026 -6.05
    endloop
  endfacet
  facet normal 0 0 -1
    outer loop
      vertex -112.002 66.7207 -6.05
      vertex -112.545 65 -6.05
      vertex -112.143 66.5 -6.05
    endloop
  endfacet
  facet normal 0 0 -1
    outer loop
      vertex -112.545 -65 -6.05
      vertex -112.364 -66.026 -6.05
      vertex -112.443 -65.7764 -6.05
    endloop
  endfacet
  facet normal 0 0 -1
    outer loop
      vertex -112.143 66.5 -6.05
      vertex -112.545 65 -6.05
      vertex -112.264 66.2679 -6.05
    endloop
  endfacet
  facet normal 0 0 -1
    outer loop
      vertex -112.545 -65 -6.05
      vertex -112.443 -65.7764 -6.05
      vertex -112.499 -65.5209 -6.05
    endloop
  endfacet
  facet normal 0 0 -1
    outer loop
      vertex -112.264 66.2679 -6.05
      vertex -112.545 65 -6.05
      vertex -112.364 66.026 -6.05
    endloop
  endfacet
  facet normal 0 0 -1
    outer loop
      vertex -112.545 -65 -6.05
      vertex -112.499 -65.5209 -6.05
      vertex -112.534 -65.2615 -6.05
    endloop
  endfacet
  facet normal 0 0 -1
    outer loop
      vertex -112.364 66.026 -6.05
      vertex -112.545 65 -6.05
      vertex -112.443 65.7764 -6.05
    endloop
  endfacet
  facet normal 0 0 -1
    outer loop
      vertex -112.443 65.7764 -6.05
      vertex -112.545 65 -6.05
      vertex -112.499 65.5209 -6.05
    endloop
  endfacet
  facet normal 0 0 -1
    outer loop
      vertex -112.499 65.5209 -6.05
      vertex -112.545 65 -6.05
      vertex -112.534 65.2615 -6.05
    endloop
  endfacet
  facet normal -0.99102 -0.133715 0
    outer loop
      vertex 102.591 -65.5209 -6.05
      vertex 102.556 -65.2615 6.05
      vertex 102.556 -65.2615 -6.05
    endloop
  endfacet
  facet normal -0.99102 -0.133715 0
    outer loop
      vertex 102.556 -65.2615 6.05
      vertex 102.591 -65.5209 -6.05
      vertex 102.591 -65.5209 6.05
    endloop
  endfacet
  facet normal -0.794043 -0.607862 0
    outer loop
      vertex 103.247 -66.9284 -6.05
      vertex 103.088 -66.7207 6.05
      vertex 103.088 -66.7207 -6.05
    endloop
  endfacet
  facet normal -0.794043 -0.607862 0
    outer loop
      vertex 103.088 -66.7207 6.05
      vertex 103.247 -66.9284 -6.05
      vertex 103.247 -66.9284 6.05
    endloop
  endfacet
  facet normal 1 0 0
    outer loop
      vertex 102.545 -48.385 14.35
      vertex 102.545 -62.385 11.35
      vertex 102.545 -48.385 11.35
    endloop
  endfacet
  facet normal 1 0 0
    outer loop
      vertex 102.545 -62.385 11.35
      vertex 102.545 -65 6.05
      vertex 102.545 -62.385 6.05
    endloop
  endfacet
  facet normal 1 -0 0
    outer loop
      vertex 102.545 -65.385 14.35
      vertex 102.545 -62.385 11.35
      vertex 102.545 -48.385 14.35
    endloop
  endfacet
  facet normal 1 0 0
    outer loop
      vertex 102.545 -65.385 14.35
      vertex 102.545 -65 6.05
      vertex 102.545 -62.385 11.35
    endloop
  endfacet
  facet normal 1 0 0
    outer loop
      vertex 102.545 -65.385 0
      vertex 102.545 -65 6.05
      vertex 102.545 -65.385 14.35
    endloop
  endfacet
  facet normal 1 0 0
    outer loop
      vertex 102.545 -65 6.05
      vertex 102.545 -65.385 0
      vertex 102.545 -65 0
    endloop
  endfacet
  facet normal -1 0 0
    outer loop
      vertex 102.545 42.0688 4.95833
      vertex 102.545 65 6.05
      vertex 102.545 65 -6.05
    endloop
  endfacet
  facet normal -1 0 0
    outer loop
      vertex 102.545 65 6.05
      vertex 102.545 42.1947 5.42798
      vertex 102.545 42.2 5.55
    endloop
  endfacet
  facet normal -1 0 0
    outer loop
      vertex 102.545 65 6.05
      vertex 102.545 42.1787 5.30689
      vertex 102.545 42.1947 5.42798
    endloop
  endfacet
  facet normal -1 0 0
    outer loop
      vertex 102.545 65 6.05
      vertex 102.545 42.1523 5.18765
      vertex 102.545 42.1787 5.30689
    endloop
  endfacet
  facet normal -1 0 0
    outer loop
      vertex 102.545 65 6.05
      vertex 102.545 42.1156 5.07117
      vertex 102.545 42.1523 5.18765
    endloop
  endfacet
  facet normal -1 0 0
    outer loop
      vertex 102.545 65 6.05
      vertex 102.545 42.0688 4.95833
      vertex 102.545 42.1156 5.07117
    endloop
  endfacet
  facet normal -1 0 0
    outer loop
      vertex 102.545 65 -6.05
      vertex 102.545 42.0124 4.85
      vertex 102.545 42.0688 4.95833
    endloop
  endfacet
  facet normal -1 0 0
    outer loop
      vertex 102.545 65 -6.05
      vertex 102.545 41.9468 4.74699
      vertex 102.545 42.0124 4.85
    endloop
  endfacet
  facet normal -1 0 0
    outer loop
      vertex 102.545 65 -6.05
      vertex 102.545 41.8725 4.6501
      vertex 102.545 41.9468 4.74699
    endloop
  endfacet
  facet normal -1 0 0
    outer loop
      vertex 102.545 65 -6.05
      vertex 102.545 41.7899 4.56005
      vertex 102.545 41.8725 4.6501
    endloop
  endfacet
  facet normal -1 0 0
    outer loop
      vertex 102.545 65 -6.05
      vertex 102.545 41.6999 4.47754
      vertex 102.545 41.7899 4.56005
    endloop
  endfacet
  facet normal -1 0 0
    outer loop
      vertex 102.545 65 -6.05
      vertex 102.545 41.603 4.40319
      vertex 102.545 41.6999 4.47754
    endloop
  endfacet
  facet normal -1 0 0
    outer loop
      vertex 102.545 65 -6.05
      vertex 102.545 41.5 4.33756
      vertex 102.545 41.603 4.40319
    endloop
  endfacet
  facet normal -1 0 0
    outer loop
      vertex 102.545 65 -6.05
      vertex 102.545 41.3917 4.28117
      vertex 102.545 41.5 4.33756
    endloop
  endfacet
  facet normal -1 0 0
    outer loop
      vertex 102.545 65 -6.05
      vertex 102.545 41.2788 4.23443
      vertex 102.545 41.3917 4.28117
    endloop
  endfacet
  facet normal -1 0 0
    outer loop
      vertex 102.545 65 -6.05
      vertex 102.545 41.1623 4.1977
      vertex 102.545 41.2788 4.23443
    endloop
  endfacet
  facet normal -1 0 0
    outer loop
      vertex 102.545 65 -6.05
      vertex 102.545 41.0431 4.17127
      vertex 102.545 41.1623 4.1977
    endloop
  endfacet
  facet normal -1 0 0
    outer loop
      vertex 102.545 65 -6.05
      vertex 102.545 40.922 4.15533
      vertex 102.545 41.0431 4.17127
    endloop
  endfacet
  facet normal -1 0 0
    outer loop
      vertex 102.545 65 -6.05
      vertex 102.545 40.8 4.15
      vertex 102.545 40.922 4.15533
    endloop
  endfacet
  facet normal -1 0 0
    outer loop
      vertex 102.545 65 -6.05
      vertex 102.545 40.678 4.15533
      vertex 102.545 40.8 4.15
    endloop
  endfacet
  facet normal -1 0 0
    outer loop
      vertex 102.545 65 -6.05
      vertex 102.545 40.5569 4.17127
      vertex 102.545 40.678 4.15533
    endloop
  endfacet
  facet normal -1 0 0
    outer loop
      vertex 102.545 65 -6.05
      vertex 102.545 40.4377 4.1977
      vertex 102.545 40.5569 4.17127
    endloop
  endfacet
  facet normal -1 0 0
    outer loop
      vertex 102.545 65 -6.05
      vertex 102.545 40.3212 4.23443
      vertex 102.545 40.4377 4.1977
    endloop
  endfacet
  facet normal -1 0 0
    outer loop
      vertex 102.545 -40.3212 4.23443
      vertex 102.545 40.3212 4.23443
      vertex 102.545 65 -6.05
    endloop
  endfacet
  facet normal -1 0 0
    outer loop
      vertex 102.545 39.4053 5.42798
      vertex 102.545 -39.4 5.55
      vertex 102.545 39.4 5.55
    endloop
  endfacet
  facet normal -1 0 0
    outer loop
      vertex 102.545 -39.4053 5.42798
      vertex 102.545 39.4053 5.42798
      vertex 102.545 39.4213 5.30689
    endloop
  endfacet
  facet normal -1 0 0
    outer loop
      vertex 102.545 -39.4213 5.30689
      vertex 102.545 39.4213 5.30689
      vertex 102.545 39.4477 5.18765
    endloop
  endfacet
  facet normal -1 0 0
    outer loop
      vertex 102.545 -39.4477 5.18765
      vertex 102.545 39.4477 5.18765
      vertex 102.545 39.4844 5.07117
    endloop
  endfacet
  facet normal -1 0 0
    outer loop
      vertex 102.545 -39.4844 5.07117
      vertex 102.545 39.4844 5.07117
      vertex 102.545 39.5312 4.95833
    endloop
  endfacet
  facet normal -1 0 0
    outer loop
      vertex 102.545 -39.5312 4.95833
      vertex 102.545 39.5312 4.95833
      vertex 102.545 39.5876 4.85
    endloop
  endfacet
  facet normal -1 0 0
    outer loop
      vertex 102.545 -39.5876 4.85
      vertex 102.545 39.5876 4.85
      vertex 102.545 39.6532 4.74699
    endloop
  endfacet
  facet normal -1 0 0
    outer loop
      vertex 102.545 -39.6532 4.74699
      vertex 102.545 39.6532 4.74699
      vertex 102.545 39.7275 4.6501
    endloop
  endfacet
  facet normal -1 0 0
    outer loop
      vertex 102.545 -39.7275 4.6501
      vertex 102.545 39.7275 4.6501
      vertex 102.545 39.8101 4.56005
    endloop
  endfacet
  facet normal -1 0 0
    outer loop
      vertex 102.545 -39.8101 4.56005
      vertex 102.545 39.8101 4.56005
      vertex 102.545 39.9001 4.47754
    endloop
  endfacet
  facet normal -1 0 0
    outer loop
      vertex 102.545 -39.9001 4.47754
      vertex 102.545 39.9001 4.47754
      vertex 102.545 39.997 4.40319
    endloop
  endfacet
  facet normal -1 0 0
    outer loop
      vertex 102.545 -39.997 4.40319
      vertex 102.545 39.997 4.40319
      vertex 102.545 40.1 4.33756
    endloop
  endfacet
  facet normal -1 0 0
    outer loop
      vertex 102.545 -40.1 4.33756
      vertex 102.545 40.1 4.33756
      vertex 102.545 40.2083 4.28117
    endloop
  endfacet
  facet normal -1 0 0
    outer loop
      vertex 102.545 40.3212 4.23443
      vertex 102.545 -40.3212 4.23443
      vertex 102.545 40.2083 4.28117
    endloop
  endfacet
  facet normal -1 0 0
    outer loop
      vertex 102.545 39.4053 5.42798
      vertex 102.545 -39.4053 5.42798
      vertex 102.545 -39.4 5.55
    endloop
  endfacet
  facet normal -1 0 0
    outer loop
      vertex 102.545 39.4213 5.30689
      vertex 102.545 -39.4213 5.30689
      vertex 102.545 -39.4053 5.42798
    endloop
  endfacet
  facet normal -1 0 0
    outer loop
      vertex 102.545 39.4477 5.18765
      vertex 102.545 -39.4477 5.18765
      vertex 102.545 -39.4213 5.30689
    endloop
  endfacet
  facet normal -1 0 0
    outer loop
      vertex 102.545 39.4844 5.07117
      vertex 102.545 -39.4844 5.07117
      vertex 102.545 -39.4477 5.18765
    endloop
  endfacet
  facet normal -1 0 0
    outer loop
      vertex 102.545 39.5312 4.95833
      vertex 102.545 -39.5312 4.95833
      vertex 102.545 -39.4844 5.07117
    endloop
  endfacet
  facet normal -1 0 0
    outer loop
      vertex 102.545 39.5876 4.85
      vertex 102.545 -39.5876 4.85
      vertex 102.545 -39.5312 4.95833
    endloop
  endfacet
  facet normal -1 0 0
    outer loop
      vertex 102.545 39.6532 4.74699
      vertex 102.545 -39.6532 4.74699
      vertex 102.545 -39.5876 4.85
    endloop
  endfacet
  facet normal -1 0 0
    outer loop
      vertex 102.545 39.7275 4.6501
      vertex 102.545 -39.7275 4.6501
      vertex 102.545 -39.6532 4.74699
    endloop
  endfacet
  facet normal -1 0 0
    outer loop
      vertex 102.545 39.8101 4.56005
      vertex 102.545 -39.8101 4.56005
      vertex 102.545 -39.7275 4.6501
    endloop
  endfacet
  facet normal -1 0 0
    outer loop
      vertex 102.545 39.9001 4.47754
      vertex 102.545 -39.9001 4.47754
      vertex 102.545 -39.8101 4.56005
    endloop
  endfacet
  facet normal -1 0 0
    outer loop
      vertex 102.545 39.997 4.40319
      vertex 102.545 -39.997 4.40319
      vertex 102.545 -39.9001 4.47754
    endloop
  endfacet
  facet normal -1 0 0
    outer loop
      vertex 102.545 40.1 4.33756
      vertex 102.545 -40.1 4.33756
      vertex 102.545 -39.997 4.40319
    endloop
  endfacet
  facet normal -1 0 0
    outer loop
      vertex 102.545 40.2083 4.28117
      vertex 102.545 -40.2083 4.28117
      vertex 102.545 -40.1 4.33756
    endloop
  endfacet
  facet normal -1 -0 0
    outer loop
      vertex 102.545 40.2083 4.28117
      vertex 102.545 -40.3212 4.23443
      vertex 102.545 -40.2083 4.28117
    endloop
  endfacet
  facet normal -1 0 0
    outer loop
      vertex 102.545 65 -6.05
      vertex 102.545 -40.4377 4.1977
      vertex 102.545 -40.3212 4.23443
    endloop
  endfacet
  facet normal -1 0 0
    outer loop
      vertex 102.545 -65 -6.05
      vertex 102.545 -40.4377 4.1977
      vertex 102.545 65 -6.05
    endloop
  endfacet
  facet normal -1 0 0
    outer loop
      vertex 102.545 -40.4377 4.1977
      vertex 102.545 -65 -6.05
      vertex 102.545 -40.5569 4.17127
    endloop
  endfacet
  facet normal -1 0 0
    outer loop
      vertex 102.545 -40.5569 4.17127
      vertex 102.545 -65 -6.05
      vertex 102.545 -40.678 4.15533
    endloop
  endfacet
  facet normal -1 0 0
    outer loop
      vertex 102.545 -40.678 4.15533
      vertex 102.545 -65 -6.05
      vertex 102.545 -40.8 4.15
    endloop
  endfacet
  facet normal -1 0 0
    outer loop
      vertex 102.545 -42.1787 5.30689
      vertex 102.545 -62.385 6.05
      vertex 102.545 -42.1947 5.42798
    endloop
  endfacet
  facet normal -1 0 0
    outer loop
      vertex 102.545 -62.385 6.05
      vertex 102.545 -42.1787 5.30689
      vertex 102.545 -62.385 0
    endloop
  endfacet
  facet normal -1 -0 0
    outer loop
      vertex 102.545 -42.1523 5.18765
      vertex 102.545 -62.385 0
      vertex 102.545 -42.1787 5.30689
    endloop
  endfacet
  facet normal -1 -0 0
    outer loop
      vertex 102.545 -42.1156 5.07117
      vertex 102.545 -62.385 0
      vertex 102.545 -42.1523 5.18765
    endloop
  endfacet
  facet normal -1 -0 0
    outer loop
      vertex 102.545 -42.0688 4.95833
      vertex 102.545 -62.385 0
      vertex 102.545 -42.1156 5.07117
    endloop
  endfacet
  facet normal -1 -0 0
    outer loop
      vertex 102.545 -42.0124 4.85
      vertex 102.545 -62.385 0
      vertex 102.545 -42.0688 4.95833
    endloop
  endfacet
  facet normal -1 -0 0
    outer loop
      vertex 102.545 -41.9468 4.74699
      vertex 102.545 -62.385 0
      vertex 102.545 -42.0124 4.85
    endloop
  endfacet
  facet normal -1 -0 0
    outer loop
      vertex 102.545 -41.8725 4.6501
      vertex 102.545 -62.385 0
      vertex 102.545 -41.9468 4.74699
    endloop
  endfacet
  facet normal -1 -0 0
    outer loop
      vertex 102.545 -41.7899 4.56005
      vertex 102.545 -62.385 0
      vertex 102.545 -41.8725 4.6501
    endloop
  endfacet
  facet normal -1 -0 0
    outer loop
      vertex 102.545 -41.6999 4.47754
      vertex 102.545 -62.385 0
      vertex 102.545 -41.7899 4.56005
    endloop
  endfacet
  facet normal -1 -0 0
    outer loop
      vertex 102.545 -41.603 4.40319
      vertex 102.545 -62.385 0
      vertex 102.545 -41.6999 4.47754
    endloop
  endfacet
  facet normal -1 -0 0
    outer loop
      vertex 102.545 -41.5 4.33756
      vertex 102.545 -62.385 0
      vertex 102.545 -41.603 4.40319
    endloop
  endfacet
  facet normal -1 0 0
    outer loop
      vertex 102.545 -65 -6.05
      vertex 102.545 -41.5 4.33756
      vertex 102.545 -41.3917 4.28117
    endloop
  endfacet
  facet normal -1 0 0
    outer loop
      vertex 102.545 -65 -6.05
      vertex 102.545 -41.3917 4.28117
      vertex 102.545 -41.2788 4.23443
    endloop
  endfacet
  facet normal -1 0 0
    outer loop
      vertex 102.545 -65 -6.05
      vertex 102.545 -41.2788 4.23443
      vertex 102.545 -41.1623 4.1977
    endloop
  endfacet
  facet normal -1 0 0
    outer loop
      vertex 102.545 -65 -6.05
      vertex 102.545 -41.1623 4.1977
      vertex 102.545 -41.0431 4.17127
    endloop
  endfacet
  facet normal -1 0 0
    outer loop
      vertex 102.545 -65 -6.05
      vertex 102.545 -41.0431 4.17127
      vertex 102.545 -40.922 4.15533
    endloop
  endfacet
  facet normal -1 -0 0
    outer loop
      vertex 102.545 -40.8 4.15
      vertex 102.545 -65 -6.05
      vertex 102.545 -40.922 4.15533
    endloop
  endfacet
  facet normal -1 0 0
    outer loop
      vertex 102.545 -41.5 4.33756
      vertex 102.545 -65 -6.05
      vertex 102.545 -62.385 0
    endloop
  endfacet
  facet normal -1 -0 0
    outer loop
      vertex 102.545 -62.385 0
      vertex 102.545 -65 -6.05
      vertex 102.545 -65 0
    endloop
  endfacet
  facet normal -1 0 0
    outer loop
      vertex 102.545 42.1947 5.67202
      vertex 102.545 65 6.05
      vertex 102.545 42.2 5.55
    endloop
  endfacet
  facet normal -1 0 0
    outer loop
      vertex 102.545 42.1787 5.79311
      vertex 102.545 65 6.05
      vertex 102.545 42.1947 5.67202
    endloop
  endfacet
  facet normal -1 0 0
    outer loop
      vertex 102.545 42.1523 5.91235
      vertex 102.545 65 6.05
      vertex 102.545 42.1787 5.79311
    endloop
  endfacet
  facet normal -1 0 0
    outer loop
      vertex 102.545 42.1156 6.02883
      vertex 102.545 65 6.05
      vertex 102.545 42.1523 5.91235
    endloop
  endfacet
  facet normal -1 -0 0
    outer loop
      vertex 102.545 65 6.05
      vertex 102.545 42.1156 6.02883
      vertex 102.545 42.1068 6.05
    endloop
  endfacet
  facet normal -1 0 0
    outer loop
      vertex 102.545 -39.4 5.55
      vertex 102.545 39.4053 5.67202
      vertex 102.545 39.4 5.55
    endloop
  endfacet
  facet normal -1 0 0
    outer loop
      vertex 102.545 -39.4053 5.67202
      vertex 102.545 39.4053 5.67202
      vertex 102.545 -39.4 5.55
    endloop
  endfacet
  facet normal -1 0 0
    outer loop
      vertex 102.545 39.4053 5.67202
      vertex 102.545 -39.4053 5.67202
      vertex 102.545 39.4213 5.79311
    endloop
  endfacet
  facet normal -1 0 0
    outer loop
      vertex 102.545 -39.4213 5.79311
      vertex 102.545 39.4213 5.79311
      vertex 102.545 -39.4053 5.67202
    endloop
  endfacet
  facet normal -1 0 0
    outer loop
      vertex 102.545 39.4213 5.79311
      vertex 102.545 -39.4213 5.79311
      vertex 102.545 39.4477 5.91235
    endloop
  endfacet
  facet normal -1 0 0
    outer loop
      vertex 102.545 -39.4477 5.91235
      vertex 102.545 39.4477 5.91235
      vertex 102.545 -39.4213 5.79311
    endloop
  endfacet
  facet normal -1 0 0
    outer loop
      vertex 102.545 39.4477 5.91235
      vertex 102.545 -39.4477 5.91235
      vertex 102.545 39.4844 6.02883
    endloop
  endfacet
  facet normal -1 0 0
    outer loop
      vertex 102.545 -39.4844 6.02883
      vertex 102.545 39.4844 6.02883
      vertex 102.545 -39.4477 5.91235
    endloop
  endfacet
  facet normal -1 0 0
    outer loop
      vertex 102.545 39.4844 6.02883
      vertex 102.545 -39.4844 6.02883
      vertex 102.545 39.4932 6.05
    endloop
  endfacet
  facet normal -1 -0 0
    outer loop
      vertex 102.545 39.4932 6.05
      vertex 102.545 -39.4844 6.02883
      vertex 102.545 -39.4932 6.05
    endloop
  endfacet
  facet normal -1 0 0
    outer loop
      vertex 102.545 -42.1947 5.42798
      vertex 102.545 -62.385 6.05
      vertex 102.545 -42.2 5.55
    endloop
  endfacet
  facet normal -1 0 0
    outer loop
      vertex 102.545 -42.2 5.55
      vertex 102.545 -62.385 6.05
      vertex 102.545 -42.1947 5.67202
    endloop
  endfacet
  facet normal -1 0 0
    outer loop
      vertex 102.545 -42.1947 5.67202
      vertex 102.545 -62.385 6.05
      vertex 102.545 -42.1787 5.79311
    endloop
  endfacet
  facet normal -1 0 0
    outer loop
      vertex 102.545 -42.1787 5.79311
      vertex 102.545 -62.385 6.05
      vertex 102.545 -42.1523 5.91235
    endloop
  endfacet
  facet normal -1 0 0
    outer loop
      vertex 102.545 -42.1523 5.91235
      vertex 102.545 -62.385 6.05
      vertex 102.545 -42.1156 6.02883
    endloop
  endfacet
  facet normal -1 0 0
    outer loop
      vertex 102.545 -42.1156 6.02883
      vertex 102.545 -62.385 6.05
      vertex 102.545 -42.1068 6.05
    endloop
  endfacet
  facet normal 0.842701 0.538382 0
    outer loop
      vertex 112.143 66.5 6.05
      vertex 112.002 66.7207 -6.05
      vertex 112.002 66.7207 6.05
    endloop
  endfacet
  facet normal 0.842701 0.538382 0
    outer loop
      vertex 112.002 66.7207 -6.05
      vertex 112.143 66.5 6.05
      vertex 112.143 66.5 -6.05
    endloop
  endfacet
  facet normal -0.216687 0.976241 0
    outer loop
      vertex 105.024 67.9544 -6.05
      vertex 104.769 67.8978 6.05
      vertex 105.024 67.9544 6.05
    endloop
  endfacet
  facet normal -0.216687 0.976241 0
    outer loop
      vertex 104.769 67.8978 6.05
      vertex 105.024 67.9544 -6.05
      vertex 104.769 67.8978 -6.05
    endloop
  endfacet
  facet normal -0.999116 -0.0420278 0
    outer loop
      vertex 102.556 -65.2615 -6.05
      vertex 102.545 -65 0
      vertex 102.545 -65 -6.05
    endloop
  endfacet
  facet normal -0.999116 -0.0420278 -0
    outer loop
      vertex 102.556 -65.2615 6.05
      vertex 102.545 -65 0
      vertex 102.556 -65.2615 -6.05
    endloop
  endfacet
  facet normal -0.999116 -0.0420278 0
    outer loop
      vertex 102.545 -65 0
      vertex 102.556 -65.2615 6.05
      vertex 102.545 -65 6.05
    endloop
  endfacet
  facet normal 0.99102 0.133715 0
    outer loop
      vertex 112.534 65.2615 6.05
      vertex 112.499 65.5209 -6.05
      vertex 112.499 65.5209 6.05
    endloop
  endfacet
  facet normal 0.99102 0.133715 0
    outer loop
      vertex 112.499 65.5209 -6.05
      vertex 112.534 65.2615 6.05
      vertex 112.534 65.2615 -6.05
    endloop
  endfacet
  facet normal 0.675482 0.737376 -0
    outer loop
      vertex 111.666 67.1213 -6.05
      vertex 111.473 67.2981 6.05
      vertex 111.666 67.1213 6.05
    endloop
  endfacet
  facet normal 0.675482 0.737376 0
    outer loop
      vertex 111.473 67.2981 6.05
      vertex 111.666 67.1213 -6.05
      vertex 111.473 67.2981 -6.05
    endloop
  endfacet
  facet normal -0.999116 0.0420278 0
    outer loop
      vertex 102.545 65 -6.05
      vertex 102.556 65.2615 6.05
      vertex 102.556 65.2615 -6.05
    endloop
  endfacet
  facet normal -0.999116 0.0420278 0
    outer loop
      vertex 102.556 65.2615 6.05
      vertex 102.545 65 -6.05
      vertex 102.545 65 6.05
    endloop
  endfacet
  facet normal 0 0 -1
    outer loop
      vertex 109.545 -68 -6.05
      vertex 112.545 -65 -6.05
      vertex 112.534 -65.2615 -6.05
    endloop
  endfacet
  facet normal 0 0 -1
    outer loop
      vertex 112.545 -65 -6.05
      vertex 102.545 -65 -6.05
      vertex 112.545 65 -6.05
    endloop
  endfacet
  facet normal 0 0 -1
    outer loop
      vertex 109.545 -68 -6.05
      vertex 112.534 -65.2615 -6.05
      vertex 112.499 -65.5209 -6.05
    endloop
  endfacet
  facet normal 0 0 -1
    outer loop
      vertex 102.545 65 -6.05
      vertex 112.545 65 -6.05
      vertex 102.545 -65 -6.05
    endloop
  endfacet
  facet normal 0 0 -1
    outer loop
      vertex 109.545 -68 -6.05
      vertex 112.499 -65.5209 -6.05
      vertex 112.443 -65.7764 -6.05
    endloop
  endfacet
  facet normal 0 -0 -1
    outer loop
      vertex 109.545 68 -6.05
      vertex 112.545 65 -6.05
      vertex 102.545 65 -6.05
    endloop
  endfacet
  facet normal 0 0 -1
    outer loop
      vertex 109.545 -68 -6.05
      vertex 112.443 -65.7764 -6.05
      vertex 112.364 -66.026 -6.05
    endloop
  endfacet
  facet normal 0 0 -1
    outer loop
      vertex 112.545 65 -6.05
      vertex 109.545 68 -6.05
      vertex 112.534 65.2615 -6.05
    endloop
  endfacet
  facet normal 0 0 -1
    outer loop
      vertex 109.545 -68 -6.05
      vertex 112.364 -66.026 -6.05
      vertex 112.264 -66.2679 -6.05
    endloop
  endfacet
  facet normal 0 0 -1
    outer loop
      vertex 112.534 65.2615 -6.05
      vertex 109.545 68 -6.05
      vertex 112.499 65.5209 -6.05
    endloop
  endfacet
  facet normal 0 0 -1
    outer loop
      vertex 109.545 -68 -6.05
      vertex 112.264 -66.2679 -6.05
      vertex 112.143 -66.5 -6.05
    endloop
  endfacet
  facet normal 0 0 -1
    outer loop
      vertex 112.499 65.5209 -6.05
      vertex 109.545 68 -6.05
      vertex 112.443 65.7764 -6.05
    endloop
  endfacet
  facet normal 0 0 -1
    outer loop
      vertex 109.545 -68 -6.05
      vertex 112.143 -66.5 -6.05
      vertex 112.002 -66.7207 -6.05
    endloop
  endfacet
  facet normal 0 0 -1
    outer loop
      vertex 112.443 65.7764 -6.05
      vertex 109.545 68 -6.05
      vertex 112.364 66.026 -6.05
    endloop
  endfacet
  facet normal 0 0 -1
    outer loop
      vertex 109.545 -68 -6.05
      vertex 112.002 -66.7207 -6.05
      vertex 111.843 -66.9284 -6.05
    endloop
  endfacet
  facet normal 0 0 -1
    outer loop
      vertex 112.364 66.026 -6.05
      vertex 109.545 68 -6.05
      vertex 112.264 66.2679 -6.05
    endloop
  endfacet
  facet normal 0 0 -1
    outer loop
      vertex 109.545 -68 -6.05
      vertex 111.843 -66.9284 -6.05
      vertex 111.666 -67.1213 -6.05
    endloop
  endfacet
  facet normal 0 0 -1
    outer loop
      vertex 112.264 66.2679 -6.05
      vertex 109.545 68 -6.05
      vertex 112.143 66.5 -6.05
    endloop
  endfacet
  facet normal 0 0 -1
    outer loop
      vertex 109.545 -68 -6.05
      vertex 111.666 -67.1213 -6.05
      vertex 111.473 -67.2981 -6.05
    endloop
  endfacet
  facet normal 0 0 -1
    outer loop
      vertex 112.143 66.5 -6.05
      vertex 109.545 68 -6.05
      vertex 112.002 66.7207 -6.05
    endloop
  endfacet
  facet normal 0 0 -1
    outer loop
      vertex 109.545 -68 -6.05
      vertex 111.473 -67.2981 -6.05
      vertex 111.266 -67.4574 -6.05
    endloop
  endfacet
  facet normal 0 0 -1
    outer loop
      vertex 112.002 66.7207 -6.05
      vertex 109.545 68 -6.05
      vertex 111.843 66.9284 -6.05
    endloop
  endfacet
  facet normal 0 0 -1
    outer loop
      vertex 109.545 -68 -6.05
      vertex 111.266 -67.4574 -6.05
      vertex 111.045 -67.5981 -6.05
    endloop
  endfacet
  facet normal 0 0 -1
    outer loop
      vertex 111.843 66.9284 -6.05
      vertex 109.545 68 -6.05
      vertex 111.666 67.1213 -6.05
    endloop
  endfacet
  facet normal 0 0 -1
    outer loop
      vertex 109.545 -68 -6.05
      vertex 111.045 -67.5981 -6.05
      vertex 110.813 -67.7189 -6.05
    endloop
  endfacet
  facet normal 0 0 -1
    outer loop
      vertex 111.666 67.1213 -6.05
      vertex 109.545 68 -6.05
      vertex 111.473 67.2981 -6.05
    endloop
  endfacet
  facet normal 0 0 -1
    outer loop
      vertex 109.545 -68 -6.05
      vertex 110.813 -67.7189 -6.05
      vertex 110.571 -67.8191 -6.05
    endloop
  endfacet
  facet normal 0 0 -1
    outer loop
      vertex 111.473 67.2981 -6.05
      vertex 109.545 68 -6.05
      vertex 111.266 67.4574 -6.05
    endloop
  endfacet
  facet normal 0 0 -1
    outer loop
      vertex 109.545 -68 -6.05
      vertex 110.571 -67.8191 -6.05
      vertex 110.321 -67.8978 -6.05
    endloop
  endfacet
  facet normal 0 0 -1
    outer loop
      vertex 111.266 67.4574 -6.05
      vertex 109.545 68 -6.05
      vertex 111.045 67.5981 -6.05
    endloop
  endfacet
  facet normal 0 0 -1
    outer loop
      vertex 109.545 -68 -6.05
      vertex 110.321 -67.8978 -6.05
      vertex 110.066 -67.9544 -6.05
    endloop
  endfacet
  facet normal 0 0 -1
    outer loop
      vertex 111.045 67.5981 -6.05
      vertex 109.545 68 -6.05
      vertex 110.813 67.7189 -6.05
    endloop
  endfacet
  facet normal 0 0 -1
    outer loop
      vertex 109.545 -68 -6.05
      vertex 110.066 -67.9544 -6.05
      vertex 109.806 -67.9886 -6.05
    endloop
  endfacet
  facet normal 0 0 -1
    outer loop
      vertex 110.813 67.7189 -6.05
      vertex 109.545 68 -6.05
      vertex 110.571 67.8191 -6.05
    endloop
  endfacet
  facet normal -0 0 -1
    outer loop
      vertex 112.545 -65 -6.05
      vertex 109.545 -68 -6.05
      vertex 102.545 -65 -6.05
    endloop
  endfacet
  facet normal 0 0 -1
    outer loop
      vertex 110.571 67.8191 -6.05
      vertex 109.545 68 -6.05
      vertex 110.321 67.8978 -6.05
    endloop
  endfacet
  facet normal 0 0 -1
    outer loop
      vertex 102.545 -65 -6.05
      vertex 109.545 -68 -6.05
      vertex 105.545 -68 -6.05
    endloop
  endfacet
  facet normal 0 0 -1
    outer loop
      vertex 110.321 67.8978 -6.05
      vertex 109.545 68 -6.05
      vertex 110.066 67.9544 -6.05
    endloop
  endfacet
  facet normal 0 0 -1
    outer loop
      vertex 102.545 -65 -6.05
      vertex 105.545 -68 -6.05
      vertex 105.284 -67.9886 -6.05
    endloop
  endfacet
  facet normal 0 0 -1
    outer loop
      vertex 110.066 67.9544 -6.05
      vertex 109.545 68 -6.05
      vertex 109.806 67.9886 -6.05
    endloop
  endfacet
  facet normal 0 0 -1
    outer loop
      vertex 102.545 -65 -6.05
      vertex 105.284 -67.9886 -6.05
      vertex 105.024 -67.9544 -6.05
    endloop
  endfacet
  facet normal -0 0 -1
    outer loop
      vertex 109.545 68 -6.05
      vertex 102.545 65 -6.05
      vertex 105.545 68 -6.05
    endloop
  endfacet
  facet normal 0 0 -1
    outer loop
      vertex 102.545 -65 -6.05
      vertex 105.024 -67.9544 -6.05
      vertex 104.769 -67.8978 -6.05
    endloop
  endfacet
  facet normal 0 0 -1
    outer loop
      vertex 105.545 68 -6.05
      vertex 102.545 65 -6.05
      vertex 105.284 67.9886 -6.05
    endloop
  endfacet
  facet normal 0 0 -1
    outer loop
      vertex 102.545 -65 -6.05
      vertex 104.769 -67.8978 -6.05
      vertex 104.519 -67.8191 -6.05
    endloop
  endfacet
  facet normal 0 0 -1
    outer loop
      vertex 105.284 67.9886 -6.05
      vertex 102.545 65 -6.05
      vertex 105.024 67.9544 -6.05
    endloop
  endfacet
  facet normal 0 0 -1
    outer loop
      vertex 102.545 -65 -6.05
      vertex 104.519 -67.8191 -6.05
      vertex 104.277 -67.7189 -6.05
    endloop
  endfacet
  facet normal 0 0 -1
    outer loop
      vertex 105.024 67.9544 -6.05
      vertex 102.545 65 -6.05
      vertex 104.769 67.8978 -6.05
    endloop
  endfacet
  facet normal 0 0 -1
    outer loop
      vertex 102.545 -65 -6.05
      vertex 104.277 -67.7189 -6.05
      vertex 104.045 -67.5981 -6.05
    endloop
  endfacet
  facet normal 0 0 -1
    outer loop
      vertex 104.769 67.8978 -6.05
      vertex 102.545 65 -6.05
      vertex 104.519 67.8191 -6.05
    endloop
  endfacet
  facet normal 0 0 -1
    outer loop
      vertex 102.545 -65 -6.05
      vertex 104.045 -67.5981 -6.05
      vertex 103.824 -67.4574 -6.05
    endloop
  endfacet
  facet normal 0 0 -1
    outer loop
      vertex 104.519 67.8191 -6.05
      vertex 102.545 65 -6.05
      vertex 104.277 67.7189 -6.05
    endloop
  endfacet
  facet normal 0 0 -1
    outer loop
      vertex 102.545 -65 -6.05
      vertex 103.824 -67.4574 -6.05
      vertex 103.617 -67.2981 -6.05
    endloop
  endfacet
  facet normal 0 0 -1
    outer loop
      vertex 104.277 67.7189 -6.05
      vertex 102.545 65 -6.05
      vertex 104.045 67.5981 -6.05
    endloop
  endfacet
  facet normal 0 0 -1
    outer loop
      vertex 102.545 -65 -6.05
      vertex 103.617 -67.2981 -6.05
      vertex 103.424 -67.1213 -6.05
    endloop
  endfacet
  facet normal 0 0 -1
    outer loop
      vertex 104.045 67.5981 -6.05
      vertex 102.545 65 -6.05
      vertex 103.824 67.4574 -6.05
    endloop
  endfacet
  facet normal 0 0 -1
    outer loop
      vertex 102.545 -65 -6.05
      vertex 103.424 -67.1213 -6.05
      vertex 103.247 -66.9284 -6.05
    endloop
  endfacet
  facet normal 0 0 -1
    outer loop
      vertex 103.824 67.4574 -6.05
      vertex 102.545 65 -6.05
      vertex 103.617 67.2981 -6.05
    endloop
  endfacet
  facet normal 0 0 -1
    outer loop
      vertex 102.545 -65 -6.05
      vertex 103.247 -66.9284 -6.05
      vertex 103.088 -66.7207 -6.05
    endloop
  endfacet
  facet normal 0 0 -1
    outer loop
      vertex 103.617 67.2981 -6.05
      vertex 102.545 65 -6.05
      vertex 103.424 67.1213 -6.05
    endloop
  endfacet
  facet normal 0 0 -1
    outer loop
      vertex 102.545 -65 -6.05
      vertex 103.088 -66.7207 -6.05
      vertex 102.947 -66.5 -6.05
    endloop
  endfacet
  facet normal 0 0 -1
    outer loop
      vertex 103.424 67.1213 -6.05
      vertex 102.545 65 -6.05
      vertex 103.247 66.9284 -6.05
    endloop
  endfacet
  facet normal 0 0 -1
    outer loop
      vertex 102.545 -65 -6.05
      vertex 102.947 -66.5 -6.05
      vertex 102.826 -66.2679 -6.05
    endloop
  endfacet
  facet normal 0 0 -1
    outer loop
      vertex 103.247 66.9284 -6.05
      vertex 102.545 65 -6.05
      vertex 103.088 66.7207 -6.05
    endloop
  endfacet
  facet normal 0 0 -1
    outer loop
      vertex 102.545 -65 -6.05
      vertex 102.826 -66.2679 -6.05
      vertex 102.726 -66.026 -6.05
    endloop
  endfacet
  facet normal 0 0 -1
    outer loop
      vertex 103.088 66.7207 -6.05
      vertex 102.545 65 -6.05
      vertex 102.947 66.5 -6.05
    endloop
  endfacet
  facet normal 0 0 -1
    outer loop
      vertex 102.545 -65 -6.05
      vertex 102.726 -66.026 -6.05
      vertex 102.647 -65.7764 -6.05
    endloop
  endfacet
  facet normal 0 0 -1
    outer loop
      vertex 102.947 66.5 -6.05
      vertex 102.545 65 -6.05
      vertex 102.826 66.2679 -6.05
    endloop
  endfacet
  facet normal 0 0 -1
    outer loop
      vertex 102.545 -65 -6.05
      vertex 102.647 -65.7764 -6.05
      vertex 102.591 -65.5209 -6.05
    endloop
  endfacet
  facet normal 0 0 -1
    outer loop
      vertex 102.826 66.2679 -6.05
      vertex 102.545 65 -6.05
      vertex 102.726 66.026 -6.05
    endloop
  endfacet
  facet normal 0 0 -1
    outer loop
      vertex 102.545 -65 -6.05
      vertex 102.591 -65.5209 -6.05
      vertex 102.556 -65.2615 -6.05
    endloop
  endfacet
  facet normal 0 0 -1
    outer loop
      vertex 102.726 66.026 -6.05
      vertex 102.545 65 -6.05
      vertex 102.647 65.7764 -6.05
    endloop
  endfacet
  facet normal 0 0 -1
    outer loop
      vertex 102.647 65.7764 -6.05
      vertex 102.545 65 -6.05
      vertex 102.591 65.5209 -6.05
    endloop
  endfacet
  facet normal 0 0 -1
    outer loop
      vertex 102.591 65.5209 -6.05
      vertex 102.545 65 -6.05
      vertex 102.556 65.2615 -6.05
    endloop
  endfacet
  facet normal 0.537048 0.843551 -0
    outer loop
      vertex 111.266 67.4574 -6.05
      vertex 111.045 67.5981 6.05
      vertex 111.266 67.4574 6.05
    endloop
  endfacet
  facet normal 0.537048 0.843551 0
    outer loop
      vertex 111.045 67.5981 6.05
      vertex 111.266 67.4574 -6.05
      vertex 111.045 67.5981 -6.05
    endloop
  endfacet
  facet normal -0.300273 -0.953853 0
    outer loop
      vertex 104.519 -67.8191 -6.05
      vertex 104.769 -67.8978 6.05
      vertex 104.519 -67.8191 6.05
    endloop
  endfacet
  facet normal -0.300273 -0.953853 -0
    outer loop
      vertex 104.769 -67.8978 6.05
      vertex 104.519 -67.8191 -6.05
      vertex 104.769 -67.8978 -6.05
    endloop
  endfacet
  facet normal 0.300273 0.953853 -0
    outer loop
      vertex 110.571 67.8191 -6.05
      vertex 110.321 67.8978 6.05
      vertex 110.571 67.8191 6.05
    endloop
  endfacet
  facet normal 0.300273 0.953853 0
    outer loop
      vertex 110.321 67.8978 6.05
      vertex 110.571 67.8191 -6.05
      vertex 110.321 67.8978 -6.05
    endloop
  endfacet
  facet normal 0.216687 0.976241 -0
    outer loop
      vertex 110.321 67.8978 -6.05
      vertex 110.066 67.9544 6.05
      vertex 110.321 67.8978 6.05
    endloop
  endfacet
  facet normal 0.216687 0.976241 0
    outer loop
      vertex 110.066 67.9544 6.05
      vertex 110.321 67.8978 -6.05
      vertex 110.066 67.9544 -6.05
    endloop
  endfacet
  facet normal 0.999116 0.0420278 0
    outer loop
      vertex 112.545 65 6.05
      vertex 112.534 65.2615 -6.05
      vertex 112.534 65.2615 6.05
    endloop
  endfacet
  facet normal 0.999116 0.0420278 0
    outer loop
      vertex 112.534 65.2615 -6.05
      vertex 112.545 65 6.05
      vertex 112.545 65 -6.05
    endloop
  endfacet
  facet normal 0.461834 -0.886966 0
    outer loop
      vertex 110.813 -67.7189 -6.05
      vertex 111.045 -67.5981 6.05
      vertex 110.813 -67.7189 6.05
    endloop
  endfacet
  facet normal 0.461834 -0.886966 0
    outer loop
      vertex 111.045 -67.5981 6.05
      vertex 110.813 -67.7189 -6.05
      vertex 111.045 -67.5981 -6.05
    endloop
  endfacet
  facet normal 0.0436366 0.999047 -0
    outer loop
      vertex 109.806 67.9886 -6.05
      vertex 109.545 68 6.05
      vertex 109.806 67.9886 6.05
    endloop
  endfacet
  facet normal 0.0436366 0.999047 0
    outer loop
      vertex 109.545 68 6.05
      vertex 109.806 67.9886 -6.05
      vertex 109.545 68 -6.05
    endloop
  endfacet
  facet normal 0.99102 -0.133715 0
    outer loop
      vertex 112.499 -65.5209 6.05
      vertex 112.534 -65.2615 -6.05
      vertex 112.534 -65.2615 6.05
    endloop
  endfacet
  facet normal 0.99102 -0.133715 0
    outer loop
      vertex 112.534 -65.2615 -6.05
      vertex 112.499 -65.5209 6.05
      vertex 112.499 -65.5209 -6.05
    endloop
  endfacet
  facet normal -0.976813 0.214096 0
    outer loop
      vertex 102.591 65.5209 -6.05
      vertex 102.647 65.7764 6.05
      vertex 102.647 65.7764 -6.05
    endloop
  endfacet
  facet normal -0.976813 0.214096 0
    outer loop
      vertex 102.647 65.7764 6.05
      vertex 102.591 65.5209 -6.05
      vertex 102.591 65.5209 6.05
    endloop
  endfacet
  facet normal 1 0 0
    outer loop
      vertex 112.545 -42.1947 5.67202
      vertex 112.545 -65 6.05
      vertex 112.545 -42.2 5.55
    endloop
  endfacet
  facet normal 1 0 0
    outer loop
      vertex 112.545 -42.1787 5.79311
      vertex 112.545 -65 6.05
      vertex 112.545 -42.1947 5.67202
    endloop
  endfacet
  facet normal 1 0 0
    outer loop
      vertex 112.545 -42.1523 5.91235
      vertex 112.545 -65 6.05
      vertex 112.545 -42.1787 5.79311
    endloop
  endfacet
  facet normal 1 0 0
    outer loop
      vertex 112.545 -42.1156 6.02883
      vertex 112.545 -65 6.05
      vertex 112.545 -42.1523 5.91235
    endloop
  endfacet
  facet normal 1 -0 0
    outer loop
      vertex 112.545 -65 6.05
      vertex 112.545 -42.1156 6.02883
      vertex 112.545 -42.1068 6.05
    endloop
  endfacet
  facet normal 1 0 0
    outer loop
      vertex 112.545 39.4053 5.67202
      vertex 112.545 -39.4 5.55
      vertex 112.545 39.4 5.55
    endloop
  endfacet
  facet normal 1 0 0
    outer loop
      vertex 112.545 -39.4053 5.67202
      vertex 112.545 39.4053 5.67202
      vertex 112.545 39.4213 5.79311
    endloop
  endfacet
  facet normal 1 0 0
    outer loop
      vertex 112.545 -39.4213 5.79311
      vertex 112.545 39.4213 5.79311
      vertex 112.545 39.4477 5.91235
    endloop
  endfacet
  facet normal 1 0 0
    outer loop
      vertex 112.545 -39.4477 5.91235
      vertex 112.545 39.4477 5.91235
      vertex 112.545 39.4844 6.02883
    endloop
  endfacet
  facet normal 1 0 0
    outer loop
      vertex 112.545 -39.4844 6.02883
      vertex 112.545 39.4844 6.02883
      vertex 112.545 39.4932 6.05
    endloop
  endfacet
  facet normal 1 0 0
    outer loop
      vertex 112.545 39.4053 5.67202
      vertex 112.545 -39.4053 5.67202
      vertex 112.545 -39.4 5.55
    endloop
  endfacet
  facet normal 1 0 0
    outer loop
      vertex 112.545 39.4213 5.79311
      vertex 112.545 -39.4213 5.79311
      vertex 112.545 -39.4053 5.67202
    endloop
  endfacet
  facet normal 1 0 0
    outer loop
      vertex 112.545 39.4477 5.91235
      vertex 112.545 -39.4477 5.91235
      vertex 112.545 -39.4213 5.79311
    endloop
  endfacet
  facet normal 1 0 0
    outer loop
      vertex 112.545 39.4844 6.02883
      vertex 112.545 -39.4844 6.02883
      vertex 112.545 -39.4477 5.91235
    endloop
  endfacet
  facet normal 1 0 -0
    outer loop
      vertex 112.545 -39.4844 6.02883
      vertex 112.545 39.4932 6.05
      vertex 112.545 -39.4932 6.05
    endloop
  endfacet
  facet normal 1 0 0
    outer loop
      vertex 112.545 42.1947 5.42798
      vertex 112.545 65 6.05
      vertex 112.545 42.2 5.55
    endloop
  endfacet
  facet normal 1 0 0
    outer loop
      vertex 112.545 65 6.05
      vertex 112.545 42.1947 5.67202
      vertex 112.545 42.2 5.55
    endloop
  endfacet
  facet normal 1 0 0
    outer loop
      vertex 112.545 65 6.05
      vertex 112.545 42.1787 5.79311
      vertex 112.545 42.1947 5.67202
    endloop
  endfacet
  facet normal 1 0 0
    outer loop
      vertex 112.545 65 6.05
      vertex 112.545 42.1523 5.91235
      vertex 112.545 42.1787 5.79311
    endloop
  endfacet
  facet normal 1 0 0
    outer loop
      vertex 112.545 65 6.05
      vertex 112.545 42.1156 6.02883
      vertex 112.545 42.1523 5.91235
    endloop
  endfacet
  facet normal 1 0 -0
    outer loop
      vertex 112.545 42.1156 6.02883
      vertex 112.545 65 6.05
      vertex 112.545 42.1068 6.05
    endloop
  endfacet
  facet normal 1 0 0
    outer loop
      vertex 112.545 42.1787 5.30689
      vertex 112.545 65 6.05
      vertex 112.545 42.1947 5.42798
    endloop
  endfacet
  facet normal 1 0 0
    outer loop
      vertex 112.545 42.1523 5.18765
      vertex 112.545 65 6.05
      vertex 112.545 42.1787 5.30689
    endloop
  endfacet
  facet normal 1 0 0
    outer loop
      vertex 112.545 42.1156 5.07117
      vertex 112.545 65 6.05
      vertex 112.545 42.1523 5.18765
    endloop
  endfacet
  facet normal 1 0 0
    outer loop
      vertex 112.545 42.0688 4.95833
      vertex 112.545 65 6.05
      vertex 112.545 42.1156 5.07117
    endloop
  endfacet
  facet normal 1 0 0
    outer loop
      vertex 112.545 65 6.05
      vertex 112.545 42.0688 4.95833
      vertex 112.545 65 -6.05
    endloop
  endfacet
  facet normal 1 -0 0
    outer loop
      vertex 112.545 42.0124 4.85
      vertex 112.545 65 -6.05
      vertex 112.545 42.0688 4.95833
    endloop
  endfacet
  facet normal 1 -0 0
    outer loop
      vertex 112.545 41.9468 4.74699
      vertex 112.545 65 -6.05
      vertex 112.545 42.0124 4.85
    endloop
  endfacet
  facet normal 1 -0 0
    outer loop
      vertex 112.545 41.8725 4.6501
      vertex 112.545 65 -6.05
      vertex 112.545 41.9468 4.74699
    endloop
  endfacet
  facet normal 1 -0 0
    outer loop
      vertex 112.545 41.7899 4.56005
      vertex 112.545 65 -6.05
      vertex 112.545 41.8725 4.6501
    endloop
  endfacet
  facet normal 1 -0 0
    outer loop
      vertex 112.545 41.6999 4.47754
      vertex 112.545 65 -6.05
      vertex 112.545 41.7899 4.56005
    endloop
  endfacet
  facet normal 1 -0 0
    outer loop
      vertex 112.545 41.603 4.40319
      vertex 112.545 65 -6.05
      vertex 112.545 41.6999 4.47754
    endloop
  endfacet
  facet normal 1 -0 0
    outer loop
      vertex 112.545 41.5 4.33756
      vertex 112.545 65 -6.05
      vertex 112.545 41.603 4.40319
    endloop
  endfacet
  facet normal 1 -0 0
    outer loop
      vertex 112.545 41.3917 4.28117
      vertex 112.545 65 -6.05
      vertex 112.545 41.5 4.33756
    endloop
  endfacet
  facet normal 1 -0 0
    outer loop
      vertex 112.545 41.2788 4.23443
      vertex 112.545 65 -6.05
      vertex 112.545 41.3917 4.28117
    endloop
  endfacet
  facet normal 1 -0 0
    outer loop
      vertex 112.545 41.1623 4.1977
      vertex 112.545 65 -6.05
      vertex 112.545 41.2788 4.23443
    endloop
  endfacet
  facet normal 1 -0 0
    outer loop
      vertex 112.545 41.0431 4.17127
      vertex 112.545 65 -6.05
      vertex 112.545 41.1623 4.1977
    endloop
  endfacet
  facet normal 1 -0 0
    outer loop
      vertex 112.545 40.922 4.15533
      vertex 112.545 65 -6.05
      vertex 112.545 41.0431 4.17127
    endloop
  endfacet
  facet normal 1 -0 0
    outer loop
      vertex 112.545 40.8 4.15
      vertex 112.545 65 -6.05
      vertex 112.545 40.922 4.15533
    endloop
  endfacet
  facet normal 1 0 0
    outer loop
      vertex 112.545 40.678 4.15533
      vertex 112.545 65 -6.05
      vertex 112.545 40.8 4.15
    endloop
  endfacet
  facet normal 1 0 0
    outer loop
      vertex 112.545 40.5569 4.17127
      vertex 112.545 65 -6.05
      vertex 112.545 40.678 4.15533
    endloop
  endfacet
  facet normal 1 0 0
    outer loop
      vertex 112.545 40.4377 4.1977
      vertex 112.545 65 -6.05
      vertex 112.545 40.5569 4.17127
    endloop
  endfacet
  facet normal 1 0 0
    outer loop
      vertex 112.545 40.3212 4.23443
      vertex 112.545 65 -6.05
      vertex 112.545 40.4377 4.1977
    endloop
  endfacet
  facet normal 1 0 0
    outer loop
      vertex 112.545 -40.3212 4.23443
      vertex 112.545 40.3212 4.23443
      vertex 112.545 40.2083 4.28117
    endloop
  endfacet
  facet normal 1 -0 0
    outer loop
      vertex 112.545 -39.4 5.55
      vertex 112.545 39.4053 5.42798
      vertex 112.545 39.4 5.55
    endloop
  endfacet
  facet normal 1 0 0
    outer loop
      vertex 112.545 -39.4053 5.42798
      vertex 112.545 39.4053 5.42798
      vertex 112.545 -39.4 5.55
    endloop
  endfacet
  facet normal 1 0 0
    outer loop
      vertex 112.545 39.4053 5.42798
      vertex 112.545 -39.4053 5.42798
      vertex 112.545 39.4213 5.30689
    endloop
  endfacet
  facet normal 1 0 0
    outer loop
      vertex 112.545 -39.4213 5.30689
      vertex 112.545 39.4213 5.30689
      vertex 112.545 -39.4053 5.42798
    endloop
  endfacet
  facet normal 1 0 0
    outer loop
      vertex 112.545 39.4213 5.30689
      vertex 112.545 -39.4213 5.30689
      vertex 112.545 39.4477 5.18765
    endloop
  endfacet
  facet normal 1 0 0
    outer loop
      vertex 112.545 -39.4477 5.18765
      vertex 112.545 39.4477 5.18765
      vertex 112.545 -39.4213 5.30689
    endloop
  endfacet
  facet normal 1 0 0
    outer loop
      vertex 112.545 39.4477 5.18765
      vertex 112.545 -39.4477 5.18765
      vertex 112.545 39.4844 5.07117
    endloop
  endfacet
  facet normal 1 0 0
    outer loop
      vertex 112.545 -39.4844 5.07117
      vertex 112.545 39.4844 5.07117
      vertex 112.545 -39.4477 5.18765
    endloop
  endfacet
  facet normal 1 0 0
    outer loop
      vertex 112.545 39.4844 5.07117
      vertex 112.545 -39.4844 5.07117
      vertex 112.545 39.5312 4.95833
    endloop
  endfacet
  facet normal 1 0 0
    outer loop
      vertex 112.545 -39.5312 4.95833
      vertex 112.545 39.5312 4.95833
      vertex 112.545 -39.4844 5.07117
    endloop
  endfacet
  facet normal 1 0 0
    outer loop
      vertex 112.545 39.5312 4.95833
      vertex 112.545 -39.5312 4.95833
      vertex 112.545 39.5876 4.85
    endloop
  endfacet
  facet normal 1 0 0
    outer loop
      vertex 112.545 -39.5876 4.85
      vertex 112.545 39.5876 4.85
      vertex 112.545 -39.5312 4.95833
    endloop
  endfacet
  facet normal 1 0 0
    outer loop
      vertex 112.545 39.5876 4.85
      vertex 112.545 -39.5876 4.85
      vertex 112.545 39.6532 4.74699
    endloop
  endfacet
  facet normal 1 0 0
    outer loop
      vertex 112.545 -39.6532 4.74699
      vertex 112.545 39.6532 4.74699
      vertex 112.545 -39.5876 4.85
    endloop
  endfacet
  facet normal 1 0 0
    outer loop
      vertex 112.545 39.6532 4.74699
      vertex 112.545 -39.6532 4.74699
      vertex 112.545 39.7275 4.6501
    endloop
  endfacet
  facet normal 1 0 0
    outer loop
      vertex 112.545 -39.7275 4.6501
      vertex 112.545 39.7275 4.6501
      vertex 112.545 -39.6532 4.74699
    endloop
  endfacet
  facet normal 1 0 0
    outer loop
      vertex 112.545 39.7275 4.6501
      vertex 112.545 -39.7275 4.6501
      vertex 112.545 39.8101 4.56005
    endloop
  endfacet
  facet normal 1 0 0
    outer loop
      vertex 112.545 -39.8101 4.56005
      vertex 112.545 39.8101 4.56005
      vertex 112.545 -39.7275 4.6501
    endloop
  endfacet
  facet normal 1 0 0
    outer loop
      vertex 112.545 39.8101 4.56005
      vertex 112.545 -39.8101 4.56005
      vertex 112.545 39.9001 4.47754
    endloop
  endfacet
  facet normal 1 0 0
    outer loop
      vertex 112.545 -39.9001 4.47754
      vertex 112.545 39.9001 4.47754
      vertex 112.545 -39.8101 4.56005
    endloop
  endfacet
  facet normal 1 0 0
    outer loop
      vertex 112.545 39.9001 4.47754
      vertex 112.545 -39.9001 4.47754
      vertex 112.545 39.997 4.40319
    endloop
  endfacet
  facet normal 1 0 0
    outer loop
      vertex 112.545 -39.997 4.40319
      vertex 112.545 39.997 4.40319
      vertex 112.545 -39.9001 4.47754
    endloop
  endfacet
  facet normal 1 0 0
    outer loop
      vertex 112.545 39.997 4.40319
      vertex 112.545 -39.997 4.40319
      vertex 112.545 40.1 4.33756
    endloop
  endfacet
  facet normal 1 0 0
    outer loop
      vertex 112.545 -40.1 4.33756
      vertex 112.545 40.1 4.33756
      vertex 112.545 -39.997 4.40319
    endloop
  endfacet
  facet normal 1 0 0
    outer loop
      vertex 112.545 40.1 4.33756
      vertex 112.545 -40.1 4.33756
      vertex 112.545 40.2083 4.28117
    endloop
  endfacet
  facet normal 1 0 0
    outer loop
      vertex 112.545 -40.2083 4.28117
      vertex 112.545 40.2083 4.28117
      vertex 112.545 -40.1 4.33756
    endloop
  endfacet
  facet normal 1 0 0
    outer loop
      vertex 112.545 -40.3212 4.23443
      vertex 112.545 40.2083 4.28117
      vertex 112.545 -40.2083 4.28117
    endloop
  endfacet
  facet normal 1 0 0
    outer loop
      vertex 112.545 40.3212 4.23443
      vertex 112.545 -40.3212 4.23443
      vertex 112.545 65 -6.05
    endloop
  endfacet
  facet normal 1 -0 0
    outer loop
      vertex 112.545 -40.4377 4.1977
      vertex 112.545 65 -6.05
      vertex 112.545 -40.3212 4.23443
    endloop
  endfacet
  facet normal 1 0 0
    outer loop
      vertex 112.545 -65 -6.05
      vertex 112.545 -40.4377 4.1977
      vertex 112.545 -40.5569 4.17127
    endloop
  endfacet
  facet normal 1 0 0
    outer loop
      vertex 112.545 -65 -6.05
      vertex 112.545 -40.5569 4.17127
      vertex 112.545 -40.678 4.15533
    endloop
  endfacet
  facet normal 1 0 0
    outer loop
      vertex 112.545 -65 -6.05
      vertex 112.545 -40.678 4.15533
      vertex 112.545 -40.8 4.15
    endloop
  endfacet
  facet normal 1 0 0
    outer loop
      vertex 112.545 -65 -6.05
      vertex 112.545 -40.8 4.15
      vertex 112.545 -40.922 4.15533
    endloop
  endfacet
  facet normal 1 0 0
    outer loop
      vertex 112.545 -65 6.05
      vertex 112.545 -42.1947 5.42798
      vertex 112.545 -42.2 5.55
    endloop
  endfacet
  facet normal 1 0 0
    outer loop
      vertex 112.545 -65 6.05
      vertex 112.545 -42.1787 5.30689
      vertex 112.545 -42.1947 5.42798
    endloop
  endfacet
  facet normal 1 0 0
    outer loop
      vertex 112.545 -65 6.05
      vertex 112.545 -42.1523 5.18765
      vertex 112.545 -42.1787 5.30689
    endloop
  endfacet
  facet normal 1 0 0
    outer loop
      vertex 112.545 -65 6.05
      vertex 112.545 -42.1156 5.07117
      vertex 112.545 -42.1523 5.18765
    endloop
  endfacet
  facet normal 1 0 0
    outer loop
      vertex 112.545 -65 6.05
      vertex 112.545 -42.0688 4.95833
      vertex 112.545 -42.1156 5.07117
    endloop
  endfacet
  facet normal 1 0 0
    outer loop
      vertex 112.545 -65 -6.05
      vertex 112.545 -42.0688 4.95833
      vertex 112.545 -65 6.05
    endloop
  endfacet
  facet normal 1 0 0
    outer loop
      vertex 112.545 -42.0688 4.95833
      vertex 112.545 -65 -6.05
      vertex 112.545 -42.0124 4.85
    endloop
  endfacet
  facet normal 1 0 0
    outer loop
      vertex 112.545 -42.0124 4.85
      vertex 112.545 -65 -6.05
      vertex 112.545 -41.9468 4.74699
    endloop
  endfacet
  facet normal 1 0 0
    outer loop
      vertex 112.545 -41.9468 4.74699
      vertex 112.545 -65 -6.05
      vertex 112.545 -41.8725 4.6501
    endloop
  endfacet
  facet normal 1 0 0
    outer loop
      vertex 112.545 -41.8725 4.6501
      vertex 112.545 -65 -6.05
      vertex 112.545 -41.7899 4.56005
    endloop
  endfacet
  facet normal 1 0 0
    outer loop
      vertex 112.545 -41.7899 4.56005
      vertex 112.545 -65 -6.05
      vertex 112.545 -41.6999 4.47754
    endloop
  endfacet
  facet normal 1 0 0
    outer loop
      vertex 112.545 -41.6999 4.47754
      vertex 112.545 -65 -6.05
      vertex 112.545 -41.603 4.40319
    endloop
  endfacet
  facet normal 1 0 0
    outer loop
      vertex 112.545 -41.603 4.40319
      vertex 112.545 -65 -6.05
      vertex 112.545 -41.5 4.33756
    endloop
  endfacet
  facet normal 1 0 0
    outer loop
      vertex 112.545 -41.5 4.33756
      vertex 112.545 -65 -6.05
      vertex 112.545 -41.3917 4.28117
    endloop
  endfacet
  facet normal 1 0 0
    outer loop
      vertex 112.545 -41.3917 4.28117
      vertex 112.545 -65 -6.05
      vertex 112.545 -41.2788 4.23443
    endloop
  endfacet
  facet normal 1 0 0
    outer loop
      vertex 112.545 -41.2788 4.23443
      vertex 112.545 -65 -6.05
      vertex 112.545 -41.1623 4.1977
    endloop
  endfacet
  facet normal 1 0 0
    outer loop
      vertex 112.545 -41.1623 4.1977
      vertex 112.545 -65 -6.05
      vertex 112.545 -41.0431 4.17127
    endloop
  endfacet
  facet normal 1 0 0
    outer loop
      vertex 112.545 -41.0431 4.17127
      vertex 112.545 -65 -6.05
      vertex 112.545 -40.922 4.15533
    endloop
  endfacet
  facet normal 1 0 0
    outer loop
      vertex 112.545 -40.4377 4.1977
      vertex 112.545 -65 -6.05
      vertex 112.545 65 -6.05
    endloop
  endfacet
  facet normal 0.886735 0.462279 0
    outer loop
      vertex 112.264 66.2679 6.05
      vertex 112.143 66.5 -6.05
      vertex 112.143 66.5 6.05
    endloop
  endfacet
  facet normal 0.886735 0.462279 0
    outer loop
      vertex 112.143 66.5 -6.05
      vertex 112.264 66.2679 6.05
      vertex 112.264 66.2679 -6.05
    endloop
  endfacet
  facet normal 0.999116 -0.0420278 0
    outer loop
      vertex 112.534 -65.2615 6.05
      vertex 112.545 -65 -6.05
      vertex 112.545 -65 6.05
    endloop
  endfacet
  facet normal 0.999116 -0.0420278 0
    outer loop
      vertex 112.545 -65 -6.05
      vertex 112.534 -65.2615 6.05
      vertex 112.534 -65.2615 -6.05
    endloop
  endfacet
  facet normal -0.842701 0.538382 0
    outer loop
      vertex 102.947 66.5 -6.05
      vertex 103.088 66.7207 6.05
      vertex 103.088 66.7207 -6.05
    endloop
  endfacet
  facet normal -0.842701 0.538382 0
    outer loop
      vertex 103.088 66.7207 6.05
      vertex 102.947 66.5 -6.05
      vertex 102.947 66.5 6.05
    endloop
  endfacet
  facet normal -0.537048 -0.843551 0
    outer loop
      vertex 103.824 -67.4574 -6.05
      vertex 104.045 -67.5981 6.05
      vertex 103.824 -67.4574 6.05
    endloop
  endfacet
  facet normal -0.537048 -0.843551 -0
    outer loop
      vertex 104.045 -67.5981 6.05
      vertex 103.824 -67.4574 -6.05
      vertex 104.045 -67.5981 -6.05
    endloop
  endfacet
  facet normal 0 -1 0
    outer loop
      vertex 105.545 -68 -6.05
      vertex 109.545 -68 6.05
      vertex 105.545 -68 6.05
    endloop
  endfacet
  facet normal 0 -1 -0
    outer loop
      vertex 109.545 -68 6.05
      vertex 105.545 -68 -6.05
      vertex 109.545 -68 -6.05
    endloop
  endfacet
  facet normal 0.461834 0.886966 -0
    outer loop
      vertex 111.045 67.5981 -6.05
      vertex 110.813 67.7189 6.05
      vertex 111.045 67.5981 6.05
    endloop
  endfacet
  facet normal 0.461834 0.886966 0
    outer loop
      vertex 110.813 67.7189 6.05
      vertex 111.045 67.5981 -6.05
      vertex 110.813 67.7189 -6.05
    endloop
  endfacet
  facet normal -0.300273 0.953853 0
    outer loop
      vertex 104.769 67.8978 -6.05
      vertex 104.519 67.8191 6.05
      vertex 104.769 67.8978 6.05
    endloop
  endfacet
  facet normal -0.300273 0.953853 0
    outer loop
      vertex 104.519 67.8191 6.05
      vertex 104.769 67.8978 -6.05
      vertex 104.519 67.8191 -6.05
    endloop
  endfacet
  facet normal -0.130415 0.991459 0
    outer loop
      vertex 105.284 67.9886 -6.05
      vertex 105.024 67.9544 6.05
      vertex 105.284 67.9886 6.05
    endloop
  endfacet
  facet normal -0.130415 0.991459 0
    outer loop
      vertex 105.024 67.9544 6.05
      vertex 105.284 67.9886 -6.05
      vertex 105.024 67.9544 -6.05
    endloop
  endfacet
  facet normal -0.0436366 0.999047 0
    outer loop
      vertex 105.545 68 -6.05
      vertex 105.284 67.9886 6.05
      vertex 105.545 68 6.05
    endloop
  endfacet
  facet normal -0.0436366 0.999047 0
    outer loop
      vertex 105.284 67.9886 6.05
      vertex 105.545 68 -6.05
      vertex 105.284 67.9886 -6.05
    endloop
  endfacet
  facet normal 0.300273 -0.953853 0
    outer loop
      vertex 110.321 -67.8978 -6.05
      vertex 110.571 -67.8191 6.05
      vertex 110.321 -67.8978 6.05
    endloop
  endfacet
  facet normal 0.300273 -0.953853 0
    outer loop
      vertex 110.571 -67.8191 6.05
      vertex 110.321 -67.8978 -6.05
      vertex 110.571 -67.8191 -6.05
    endloop
  endfacet
  facet normal -0.99102 0.133715 0
    outer loop
      vertex 102.556 65.2615 -6.05
      vertex 102.591 65.5209 6.05
      vertex 102.591 65.5209 -6.05
    endloop
  endfacet
  facet normal -0.99102 0.133715 0
    outer loop
      vertex 102.591 65.5209 6.05
      vertex 102.556 65.2615 -6.05
      vertex 102.556 65.2615 6.05
    endloop
  endfacet
  facet normal -0.461834 -0.886966 0
    outer loop
      vertex 104.045 -67.5981 -6.05
      vertex 104.277 -67.7189 6.05
      vertex 104.045 -67.5981 6.05
    endloop
  endfacet
  facet normal -0.461834 -0.886966 -0
    outer loop
      vertex 104.277 -67.7189 6.05
      vertex 104.045 -67.5981 -6.05
      vertex 104.277 -67.7189 -6.05
    endloop
  endfacet
  facet normal -0 0 1
    outer loop
      vertex 102.545 -62.385 6.05
      vertex 112.545 -65 6.05
      vertex 112.545 -42.1068 6.05
    endloop
  endfacet
  facet normal 0 -0 1
    outer loop
      vertex 109.545 -68 6.05
      vertex 112.545 -65 6.05
      vertex 102.545 -62.385 6.05
    endloop
  endfacet
  facet normal 0 0 1
    outer loop
      vertex 112.545 -65 6.05
      vertex 109.545 -68 6.05
      vertex 112.534 -65.2615 6.05
    endloop
  endfacet
  facet normal 0 0 1
    outer loop
      vertex 112.534 -65.2615 6.05
      vertex 109.545 -68 6.05
      vertex 112.499 -65.5209 6.05
    endloop
  endfacet
  facet normal 0 0 1
    outer loop
      vertex 112.499 -65.5209 6.05
      vertex 109.545 -68 6.05
      vertex 112.443 -65.7764 6.05
    endloop
  endfacet
  facet normal 0 0 1
    outer loop
      vertex 112.443 -65.7764 6.05
      vertex 109.545 -68 6.05
      vertex 112.364 -66.026 6.05
    endloop
  endfacet
  facet normal 0 0 1
    outer loop
      vertex 112.364 -66.026 6.05
      vertex 109.545 -68 6.05
      vertex 112.264 -66.2679 6.05
    endloop
  endfacet
  facet normal 0 0 1
    outer loop
      vertex 112.264 -66.2679 6.05
      vertex 109.545 -68 6.05
      vertex 112.143 -66.5 6.05
    endloop
  endfacet
  facet normal 0 0 1
    outer loop
      vertex 112.143 -66.5 6.05
      vertex 109.545 -68 6.05
      vertex 112.002 -66.7207 6.05
    endloop
  endfacet
  facet normal 0 0 1
    outer loop
      vertex 112.002 -66.7207 6.05
      vertex 109.545 -68 6.05
      vertex 111.843 -66.9284 6.05
    endloop
  endfacet
  facet normal 0 0 1
    outer loop
      vertex 111.843 -66.9284 6.05
      vertex 109.545 -68 6.05
      vertex 111.666 -67.1213 6.05
    endloop
  endfacet
  facet normal 0 0 1
    outer loop
      vertex 111.666 -67.1213 6.05
      vertex 109.545 -68 6.05
      vertex 111.473 -67.2981 6.05
    endloop
  endfacet
  facet normal 0 0 1
    outer loop
      vertex 111.473 -67.2981 6.05
      vertex 109.545 -68 6.05
      vertex 111.266 -67.4574 6.05
    endloop
  endfacet
  facet normal 0 0 1
    outer loop
      vertex 111.266 -67.4574 6.05
      vertex 109.545 -68 6.05
      vertex 111.045 -67.5981 6.05
    endloop
  endfacet
  facet normal 0 0 1
    outer loop
      vertex 111.045 -67.5981 6.05
      vertex 109.545 -68 6.05
      vertex 110.813 -67.7189 6.05
    endloop
  endfacet
  facet normal 0 0 1
    outer loop
      vertex 110.813 -67.7189 6.05
      vertex 109.545 -68 6.05
      vertex 110.571 -67.8191 6.05
    endloop
  endfacet
  facet normal 0 0 1
    outer loop
      vertex 110.571 -67.8191 6.05
      vertex 109.545 -68 6.05
      vertex 110.321 -67.8978 6.05
    endloop
  endfacet
  facet normal 0 0 1
    outer loop
      vertex 110.321 -67.8978 6.05
      vertex 109.545 -68 6.05
      vertex 110.066 -67.9544 6.05
    endloop
  endfacet
  facet normal 0 0 1
    outer loop
      vertex 110.066 -67.9544 6.05
      vertex 109.545 -68 6.05
      vertex 109.806 -67.9886 6.05
    endloop
  endfacet
  facet normal 0 0 1
    outer loop
      vertex 109.545 -68 6.05
      vertex 102.545 -62.385 6.05
      vertex 105.545 -68 6.05
    endloop
  endfacet
  facet normal -0 0 1
    outer loop
      vertex 102.545 -65 6.05
      vertex 105.545 -68 6.05
      vertex 102.545 -62.385 6.05
    endloop
  endfacet
  facet normal 0 0 1
    outer loop
      vertex 105.545 -68 6.05
      vertex 102.545 -65 6.05
      vertex 105.284 -67.9886 6.05
    endloop
  endfacet
  facet normal 0 0 1
    outer loop
      vertex 105.284 -67.9886 6.05
      vertex 102.545 -65 6.05
      vertex 105.024 -67.9544 6.05
    endloop
  endfacet
  facet normal 0 0 1
    outer loop
      vertex 105.024 -67.9544 6.05
      vertex 102.545 -65 6.05
      vertex 104.769 -67.8978 6.05
    endloop
  endfacet
  facet normal 0 0 1
    outer loop
      vertex 104.769 -67.8978 6.05
      vertex 102.545 -65 6.05
      vertex 104.519 -67.8191 6.05
    endloop
  endfacet
  facet normal 0 0 1
    outer loop
      vertex 104.519 -67.8191 6.05
      vertex 102.545 -65 6.05
      vertex 104.277 -67.7189 6.05
    endloop
  endfacet
  facet normal 0 0 1
    outer loop
      vertex 104.277 -67.7189 6.05
      vertex 102.545 -65 6.05
      vertex 104.045 -67.5981 6.05
    endloop
  endfacet
  facet normal 0 0 1
    outer loop
      vertex 104.045 -67.5981 6.05
      vertex 102.545 -65 6.05
      vertex 103.824 -67.4574 6.05
    endloop
  endfacet
  facet normal 0 0 1
    outer loop
      vertex 103.824 -67.4574 6.05
      vertex 102.545 -65 6.05
      vertex 103.617 -67.2981 6.05
    endloop
  endfacet
  facet normal 0 0 1
    outer loop
      vertex 103.617 -67.2981 6.05
      vertex 102.545 -65 6.05
      vertex 103.424 -67.1213 6.05
    endloop
  endfacet
  facet normal 0 0 1
    outer loop
      vertex 103.424 -67.1213 6.05
      vertex 102.545 -65 6.05
      vertex 103.247 -66.9284 6.05
    endloop
  endfacet
  facet normal 0 0 1
    outer loop
      vertex 103.247 -66.9284 6.05
      vertex 102.545 -65 6.05
      vertex 103.088 -66.7207 6.05
    endloop
  endfacet
  facet normal 0 0 1
    outer loop
      vertex 103.088 -66.7207 6.05
      vertex 102.545 -65 6.05
      vertex 102.947 -66.5 6.05
    endloop
  endfacet
  facet normal 0 0 1
    outer loop
      vertex 102.947 -66.5 6.05
      vertex 102.545 -65 6.05
      vertex 102.826 -66.2679 6.05
    endloop
  endfacet
  facet normal 0 0 1
    outer loop
      vertex 102.826 -66.2679 6.05
      vertex 102.545 -65 6.05
      vertex 102.726 -66.026 6.05
    endloop
  endfacet
  facet normal 0 0 1
    outer loop
      vertex 102.726 -66.026 6.05
      vertex 102.545 -65 6.05
      vertex 102.647 -65.7764 6.05
    endloop
  endfacet
  facet normal 0 0 1
    outer loop
      vertex 102.545 -62.385 6.05
      vertex 112.545 -42.1068 6.05
      vertex 102.545 -42.1068 6.05
    endloop
  endfacet
  facet normal 0 0 1
    outer loop
      vertex 102.647 -65.7764 6.05
      vertex 102.545 -65 6.05
      vertex 102.591 -65.5209 6.05
    endloop
  endfacet
  facet normal 0 0 1
    outer loop
      vertex 102.591 -65.5209 6.05
      vertex 102.545 -65 6.05
      vertex 102.556 -65.2615 6.05
    endloop
  endfacet
  facet normal 0 0 1
    outer loop
      vertex 109.545 68 6.05
      vertex 112.545 65 6.05
      vertex 112.534 65.2615 6.05
    endloop
  endfacet
  facet normal 0 0 1
    outer loop
      vertex 109.545 68 6.05
      vertex 112.534 65.2615 6.05
      vertex 112.499 65.5209 6.05
    endloop
  endfacet
  facet normal 0 0 1
    outer loop
      vertex 109.545 68 6.05
      vertex 112.499 65.5209 6.05
      vertex 112.443 65.7764 6.05
    endloop
  endfacet
  facet normal 0 0 1
    outer loop
      vertex 109.545 68 6.05
      vertex 112.443 65.7764 6.05
      vertex 112.364 66.026 6.05
    endloop
  endfacet
  facet normal 0 0 1
    outer loop
      vertex 109.545 68 6.05
      vertex 112.364 66.026 6.05
      vertex 112.264 66.2679 6.05
    endloop
  endfacet
  facet normal 0 0 1
    outer loop
      vertex 109.545 68 6.05
      vertex 112.264 66.2679 6.05
      vertex 112.143 66.5 6.05
    endloop
  endfacet
  facet normal 0 0 1
    outer loop
      vertex 109.545 68 6.05
      vertex 112.143 66.5 6.05
      vertex 112.002 66.7207 6.05
    endloop
  endfacet
  facet normal 0 0 1
    outer loop
      vertex 109.545 68 6.05
      vertex 112.002 66.7207 6.05
      vertex 111.843 66.9284 6.05
    endloop
  endfacet
  facet normal 0 0 1
    outer loop
      vertex 109.545 68 6.05
      vertex 111.843 66.9284 6.05
      vertex 111.666 67.1213 6.05
    endloop
  endfacet
  facet normal 0 0 1
    outer loop
      vertex 109.545 68 6.05
      vertex 111.666 67.1213 6.05
      vertex 111.473 67.2981 6.05
    endloop
  endfacet
  facet normal 0 0 1
    outer loop
      vertex 109.545 68 6.05
      vertex 111.473 67.2981 6.05
      vertex 111.266 67.4574 6.05
    endloop
  endfacet
  facet normal 0 0 1
    outer loop
      vertex 109.545 68 6.05
      vertex 111.266 67.4574 6.05
      vertex 111.045 67.5981 6.05
    endloop
  endfacet
  facet normal 0 0 1
    outer loop
      vertex 109.545 68 6.05
      vertex 111.045 67.5981 6.05
      vertex 110.813 67.7189 6.05
    endloop
  endfacet
  facet normal 0 0 1
    outer loop
      vertex 109.545 68 6.05
      vertex 110.813 67.7189 6.05
      vertex 110.571 67.8191 6.05
    endloop
  endfacet
  facet normal 0 0 1
    outer loop
      vertex 109.545 68 6.05
      vertex 110.571 67.8191 6.05
      vertex 110.321 67.8978 6.05
    endloop
  endfacet
  facet normal 0 0 1
    outer loop
      vertex 109.545 68 6.05
      vertex 110.321 67.8978 6.05
      vertex 110.066 67.9544 6.05
    endloop
  endfacet
  facet normal 0 0 1
    outer loop
      vertex 109.545 68 6.05
      vertex 110.066 67.9544 6.05
      vertex 109.806 67.9886 6.05
    endloop
  endfacet
  facet normal 0 0 1
    outer loop
      vertex 112.545 65 6.05
      vertex 109.545 68 6.05
      vertex 102.545 65 6.05
    endloop
  endfacet
  facet normal 0 0 1
    outer loop
      vertex 102.545 65 6.05
      vertex 109.545 68 6.05
      vertex 105.545 68 6.05
    endloop
  endfacet
  facet normal 0 0 1
    outer loop
      vertex 102.545 65 6.05
      vertex 105.545 68 6.05
      vertex 105.284 67.9886 6.05
    endloop
  endfacet
  facet normal 0 0 1
    outer loop
      vertex 102.545 65 6.05
      vertex 105.284 67.9886 6.05
      vertex 105.024 67.9544 6.05
    endloop
  endfacet
  facet normal 0 0 1
    outer loop
      vertex 102.545 65 6.05
      vertex 105.024 67.9544 6.05
      vertex 104.769 67.8978 6.05
    endloop
  endfacet
  facet normal 0 0 1
    outer loop
      vertex 102.545 65 6.05
      vertex 104.769 67.8978 6.05
      vertex 104.519 67.8191 6.05
    endloop
  endfacet
  facet normal 0 0 1
    outer loop
      vertex 102.545 65 6.05
      vertex 104.519 67.8191 6.05
      vertex 104.277 67.7189 6.05
    endloop
  endfacet
  facet normal 0 0 1
    outer loop
      vertex 102.545 65 6.05
      vertex 104.277 67.7189 6.05
      vertex 104.045 67.5981 6.05
    endloop
  endfacet
  facet normal 0 0 1
    outer loop
      vertex 102.545 65 6.05
      vertex 104.045 67.5981 6.05
      vertex 103.824 67.4574 6.05
    endloop
  endfacet
  facet normal 0 0 1
    outer loop
      vertex 102.545 65 6.05
      vertex 103.824 67.4574 6.05
      vertex 103.617 67.2981 6.05
    endloop
  endfacet
  facet normal 0 0 1
    outer loop
      vertex 102.545 65 6.05
      vertex 103.617 67.2981 6.05
      vertex 103.424 67.1213 6.05
    endloop
  endfacet
  facet normal 0 0 1
    outer loop
      vertex 102.545 65 6.05
      vertex 103.424 67.1213 6.05
      vertex 103.247 66.9284 6.05
    endloop
  endfacet
  facet normal 0 0 1
    outer loop
      vertex 102.545 65 6.05
      vertex 103.247 66.9284 6.05
      vertex 103.088 66.7207 6.05
    endloop
  endfacet
  facet normal 0 0 1
    outer loop
      vertex 102.545 65 6.05
      vertex 103.088 66.7207 6.05
      vertex 102.947 66.5 6.05
    endloop
  endfacet
  facet normal 0 0 1
    outer loop
      vertex 102.545 65 6.05
      vertex 102.947 66.5 6.05
      vertex 102.826 66.2679 6.05
    endloop
  endfacet
  facet normal 0 0 1
    outer loop
      vertex 102.545 65 6.05
      vertex 102.826 66.2679 6.05
      vertex 102.726 66.026 6.05
    endloop
  endfacet
  facet normal 0 0 1
    outer loop
      vertex 102.545 65 6.05
      vertex 102.726 66.026 6.05
      vertex 102.647 65.7764 6.05
    endloop
  endfacet
  facet normal 0 0 1
    outer loop
      vertex 102.545 65 6.05
      vertex 102.647 65.7764 6.05
      vertex 102.591 65.5209 6.05
    endloop
  endfacet
  facet normal 0 0 1
    outer loop
      vertex 102.545 65 6.05
      vertex 102.591 65.5209 6.05
      vertex 102.556 65.2615 6.05
    endloop
  endfacet
  facet normal 0 0 1
    outer loop
      vertex 112.545 65 6.05
      vertex 102.545 65 6.05
      vertex 112.545 42.1068 6.05
    endloop
  endfacet
  facet normal 0 0 1
    outer loop
      vertex 112.545 42.1068 6.05
      vertex 102.545 65 6.05
      vertex 102.545 42.1068 6.05
    endloop
  endfacet
  facet normal -0 0 1
    outer loop
      vertex 102.545 39.4932 6.05
      vertex 112.545 -39.4932 6.05
      vertex 112.545 39.4932 6.05
    endloop
  endfacet
  facet normal 0 0 1
    outer loop
      vertex 112.545 -39.4932 6.05
      vertex 102.545 39.4932 6.05
      vertex 102.545 -39.4932 6.05
    endloop
  endfacet
  facet normal 0.976813 0.214096 0
    outer loop
      vertex 112.499 65.5209 6.05
      vertex 112.443 65.7764 -6.05
      vertex 112.443 65.7764 6.05
    endloop
  endfacet
  facet normal 0.976813 0.214096 0
    outer loop
      vertex 112.443 65.7764 -6.05
      vertex 112.499 65.5209 6.05
      vertex 112.499 65.5209 -6.05
    endloop
  endfacet
  facet normal -0.130415 -0.991459 0
    outer loop
      vertex 105.024 -67.9544 -6.05
      vertex 105.284 -67.9886 6.05
      vertex 105.024 -67.9544 6.05
    endloop
  endfacet
  facet normal -0.130415 -0.991459 -0
    outer loop
      vertex 105.284 -67.9886 6.05
      vertex 105.024 -67.9544 -6.05
      vertex 105.284 -67.9886 -6.05
    endloop
  endfacet
  facet normal 0.736821 -0.676088 0
    outer loop
      vertex 111.666 -67.1213 6.05
      vertex 111.843 -66.9284 -6.05
      vertex 111.843 -66.9284 6.05
    endloop
  endfacet
  facet normal 0.736821 -0.676088 0
    outer loop
      vertex 111.843 -66.9284 -6.05
      vertex 111.666 -67.1213 6.05
      vertex 111.666 -67.1213 -6.05
    endloop
  endfacet
  facet normal 0.794043 0.607862 0
    outer loop
      vertex 112.002 66.7207 6.05
      vertex 111.843 66.9284 -6.05
      vertex 111.843 66.9284 6.05
    endloop
  endfacet
  facet normal 0.794043 0.607862 0
    outer loop
      vertex 111.843 66.9284 -6.05
      vertex 112.002 66.7207 6.05
      vertex 112.002 66.7207 -6.05
    endloop
  endfacet
  facet normal 0.953386 -0.301753 0
    outer loop
      vertex 112.364 -66.026 6.05
      vertex 112.443 -65.7764 -6.05
      vertex 112.443 -65.7764 6.05
    endloop
  endfacet
  facet normal 0.953386 -0.301753 0
    outer loop
      vertex 112.443 -65.7764 -6.05
      vertex 112.364 -66.026 6.05
      vertex 112.364 -66.026 -6.05
    endloop
  endfacet
  facet normal -0.461834 0.886966 0
    outer loop
      vertex 104.277 67.7189 -6.05
      vertex 104.045 67.5981 6.05
      vertex 104.277 67.7189 6.05
    endloop
  endfacet
  facet normal -0.461834 0.886966 0
    outer loop
      vertex 104.045 67.5981 6.05
      vertex 104.277 67.7189 -6.05
      vertex 104.045 67.5981 -6.05
    endloop
  endfacet
  facet normal 0.0436366 -0.999047 0
    outer loop
      vertex 109.545 -68 -6.05
      vertex 109.806 -67.9886 6.05
      vertex 109.545 -68 6.05
    endloop
  endfacet
  facet normal 0.0436366 -0.999047 0
    outer loop
      vertex 109.806 -67.9886 6.05
      vertex 109.545 -68 -6.05
      vertex 109.806 -67.9886 -6.05
    endloop
  endfacet
  facet normal -0.976813 -0.214096 0
    outer loop
      vertex 102.647 -65.7764 -6.05
      vertex 102.591 -65.5209 6.05
      vertex 102.591 -65.5209 -6.05
    endloop
  endfacet
  facet normal -0.976813 -0.214096 0
    outer loop
      vertex 102.591 -65.5209 6.05
      vertex 102.647 -65.7764 -6.05
      vertex 102.647 -65.7764 6.05
    endloop
  endfacet
  facet normal -0.382554 0.923933 0
    outer loop
      vertex 104.519 67.8191 -6.05
      vertex 104.277 67.7189 6.05
      vertex 104.519 67.8191 6.05
    endloop
  endfacet
  facet normal -0.382554 0.923933 0
    outer loop
      vertex 104.277 67.7189 6.05
      vertex 104.519 67.8191 -6.05
      vertex 104.277 67.7189 -6.05
    endloop
  endfacet
  facet normal -0.0436366 -0.999047 0
    outer loop
      vertex 105.284 -67.9886 -6.05
      vertex 105.545 -68 6.05
      vertex 105.284 -67.9886 6.05
    endloop
  endfacet
  facet normal -0.0436366 -0.999047 -0
    outer loop
      vertex 105.545 -68 6.05
      vertex 105.284 -67.9886 -6.05
      vertex 105.545 -68 -6.05
    endloop
  endfacet
  facet normal 0.953386 0.301753 0
    outer loop
      vertex 112.443 65.7764 6.05
      vertex 112.364 66.026 -6.05
      vertex 112.364 66.026 6.05
    endloop
  endfacet
  facet normal 0.953386 0.301753 0
    outer loop
      vertex 112.364 66.026 -6.05
      vertex 112.443 65.7764 6.05
      vertex 112.443 65.7764 -6.05
    endloop
  endfacet
  facet normal 0 1 -0
    outer loop
      vertex 109.545 68 -6.05
      vertex 105.545 68 6.05
      vertex 109.545 68 6.05
    endloop
  endfacet
  facet normal 0 1 0
    outer loop
      vertex 105.545 68 6.05
      vertex 109.545 68 -6.05
      vertex 105.545 68 -6.05
    endloop
  endfacet
  facet normal 0.886735 -0.462279 0
    outer loop
      vertex 112.143 -66.5 6.05
      vertex 112.264 -66.2679 -6.05
      vertex 112.264 -66.2679 6.05
    endloop
  endfacet
  facet normal 0.886735 -0.462279 0
    outer loop
      vertex 112.264 -66.2679 -6.05
      vertex 112.143 -66.5 6.05
      vertex 112.143 -66.5 -6.05
    endloop
  endfacet
  facet normal 0.736821 0.676088 0
    outer loop
      vertex 111.843 66.9284 6.05
      vertex 111.666 67.1213 -6.05
      vertex 111.666 67.1213 6.05
    endloop
  endfacet
  facet normal 0.736821 0.676088 0
    outer loop
      vertex 111.666 67.1213 -6.05
      vertex 111.843 66.9284 6.05
      vertex 111.843 66.9284 -6.05
    endloop
  endfacet
  facet normal 0.924147 -0.382037 0
    outer loop
      vertex 112.264 -66.2679 6.05
      vertex 112.364 -66.026 -6.05
      vertex 112.364 -66.026 6.05
    endloop
  endfacet
  facet normal 0.924147 -0.382037 0
    outer loop
      vertex 112.364 -66.026 -6.05
      vertex 112.264 -66.2679 6.05
      vertex 112.264 -66.2679 -6.05
    endloop
  endfacet
  facet normal 0.382554 -0.923933 0
    outer loop
      vertex 110.571 -67.8191 -6.05
      vertex 110.813 -67.7189 6.05
      vertex 110.571 -67.8191 6.05
    endloop
  endfacet
  facet normal 0.382554 -0.923933 0
    outer loop
      vertex 110.813 -67.7189 6.05
      vertex 110.571 -67.8191 -6.05
      vertex 110.813 -67.7189 -6.05
    endloop
  endfacet
  facet normal 0.976813 -0.214096 0
    outer loop
      vertex 112.443 -65.7764 6.05
      vertex 112.499 -65.5209 -6.05
      vertex 112.499 -65.5209 6.05
    endloop
  endfacet
  facet normal 0.976813 -0.214096 0
    outer loop
      vertex 112.499 -65.5209 -6.05
      vertex 112.443 -65.7764 6.05
      vertex 112.443 -65.7764 -6.05
    endloop
  endfacet
  facet normal -0.924147 0.382037 0
    outer loop
      vertex 102.726 66.026 -6.05
      vertex 102.826 66.2679 6.05
      vertex 102.826 66.2679 -6.05
    endloop
  endfacet
  facet normal -0.924147 0.382037 0
    outer loop
      vertex 102.826 66.2679 6.05
      vertex 102.726 66.026 -6.05
      vertex 102.726 66.026 6.05
    endloop
  endfacet
  facet normal -0.736821 0.676088 0
    outer loop
      vertex 103.247 66.9284 -6.05
      vertex 103.424 67.1213 6.05
      vertex 103.424 67.1213 -6.05
    endloop
  endfacet
  facet normal -0.736821 0.676088 0
    outer loop
      vertex 103.424 67.1213 6.05
      vertex 103.247 66.9284 -6.05
      vertex 103.247 66.9284 6.05
    endloop
  endfacet
  facet normal -0.794043 0.607862 0
    outer loop
      vertex 103.088 66.7207 -6.05
      vertex 103.247 66.9284 6.05
      vertex 103.247 66.9284 -6.05
    endloop
  endfacet
  facet normal -0.794043 0.607862 0
    outer loop
      vertex 103.247 66.9284 6.05
      vertex 103.088 66.7207 -6.05
      vertex 103.088 66.7207 6.05
    endloop
  endfacet
  facet normal -0.216687 -0.976241 0
    outer loop
      vertex 104.769 -67.8978 -6.05
      vertex 105.024 -67.9544 6.05
      vertex 104.769 -67.8978 6.05
    endloop
  endfacet
  facet normal -0.216687 -0.976241 -0
    outer loop
      vertex 105.024 -67.9544 6.05
      vertex 104.769 -67.8978 -6.05
      vertex 105.024 -67.9544 -6.05
    endloop
  endfacet
  facet normal 0.842701 -0.538382 0
    outer loop
      vertex 112.002 -66.7207 6.05
      vertex 112.143 -66.5 -6.05
      vertex 112.143 -66.5 6.05
    endloop
  endfacet
  facet normal 0.842701 -0.538382 0
    outer loop
      vertex 112.143 -66.5 -6.05
      vertex 112.002 -66.7207 6.05
      vertex 112.002 -66.7207 -6.05
    endloop
  endfacet
  facet normal -0.675482 0.737376 0
    outer loop
      vertex 103.617 67.2981 -6.05
      vertex 103.424 67.1213 6.05
      vertex 103.617 67.2981 6.05
    endloop
  endfacet
  facet normal -0.675482 0.737376 0
    outer loop
      vertex 103.424 67.1213 6.05
      vertex 103.617 67.2981 -6.05
      vertex 103.424 67.1213 -6.05
    endloop
  endfacet
  facet normal -0.924147 -0.382037 0
    outer loop
      vertex 102.826 -66.2679 -6.05
      vertex 102.726 -66.026 6.05
      vertex 102.726 -66.026 -6.05
    endloop
  endfacet
  facet normal -0.924147 -0.382037 0
    outer loop
      vertex 102.726 -66.026 6.05
      vertex 102.826 -66.2679 -6.05
      vertex 102.826 -66.2679 6.05
    endloop
  endfacet
  facet normal 0.216687 -0.976241 0
    outer loop
      vertex 110.066 -67.9544 -6.05
      vertex 110.321 -67.8978 6.05
      vertex 110.066 -67.9544 6.05
    endloop
  endfacet
  facet normal 0.216687 -0.976241 0
    outer loop
      vertex 110.321 -67.8978 6.05
      vertex 110.066 -67.9544 -6.05
      vertex 110.321 -67.8978 -6.05
    endloop
  endfacet
  facet normal -0.953386 0.301753 0
    outer loop
      vertex 102.647 65.7764 -6.05
      vertex 102.726 66.026 6.05
      vertex 102.726 66.026 -6.05
    endloop
  endfacet
  facet normal -0.953386 0.301753 0
    outer loop
      vertex 102.726 66.026 6.05
      vertex 102.647 65.7764 -6.05
      vertex 102.647 65.7764 6.05
    endloop
  endfacet
  facet normal -0.675482 -0.737376 0
    outer loop
      vertex 103.424 -67.1213 -6.05
      vertex 103.617 -67.2981 6.05
      vertex 103.424 -67.1213 6.05
    endloop
  endfacet
  facet normal -0.675482 -0.737376 -0
    outer loop
      vertex 103.617 -67.2981 6.05
      vertex 103.424 -67.1213 -6.05
      vertex 103.617 -67.2981 -6.05
    endloop
  endfacet
  facet normal 0.537048 -0.843551 0
    outer loop
      vertex 111.045 -67.5981 -6.05
      vertex 111.266 -67.4574 6.05
      vertex 111.045 -67.5981 6.05
    endloop
  endfacet
  facet normal 0.537048 -0.843551 0
    outer loop
      vertex 111.266 -67.4574 6.05
      vertex 111.045 -67.5981 -6.05
      vertex 111.266 -67.4574 -6.05
    endloop
  endfacet
  facet normal 0.382554 0.923933 -0
    outer loop
      vertex 110.813 67.7189 -6.05
      vertex 110.571 67.8191 6.05
      vertex 110.813 67.7189 6.05
    endloop
  endfacet
  facet normal 0.382554 0.923933 0
    outer loop
      vertex 110.571 67.8191 6.05
      vertex 110.813 67.7189 -6.05
      vertex 110.571 67.8191 -6.05
    endloop
  endfacet
  facet normal -0.842701 -0.538382 0
    outer loop
      vertex 103.088 -66.7207 -6.05
      vertex 102.947 -66.5 6.05
      vertex 102.947 -66.5 -6.05
    endloop
  endfacet
  facet normal -0.842701 -0.538382 0
    outer loop
      vertex 102.947 -66.5 6.05
      vertex 103.088 -66.7207 -6.05
      vertex 103.088 -66.7207 6.05
    endloop
  endfacet
  facet normal 0.924147 0.382037 0
    outer loop
      vertex 112.364 66.026 6.05
      vertex 112.264 66.2679 -6.05
      vertex 112.264 66.2679 6.05
    endloop
  endfacet
  facet normal 0.924147 0.382037 0
    outer loop
      vertex 112.264 66.2679 -6.05
      vertex 112.364 66.026 6.05
      vertex 112.364 66.026 -6.05
    endloop
  endfacet
  facet normal 0.675482 -0.737376 0
    outer loop
      vertex 111.473 -67.2981 -6.05
      vertex 111.666 -67.1213 6.05
      vertex 111.473 -67.2981 6.05
    endloop
  endfacet
  facet normal 0.675482 -0.737376 0
    outer loop
      vertex 111.666 -67.1213 6.05
      vertex 111.473 -67.2981 -6.05
      vertex 111.666 -67.1213 -6.05
    endloop
  endfacet
  facet normal 0.609877 0.792496 -0
    outer loop
      vertex 111.473 67.2981 -6.05
      vertex 111.266 67.4574 6.05
      vertex 111.473 67.2981 6.05
    endloop
  endfacet
  facet normal 0.609877 0.792496 0
    outer loop
      vertex 111.266 67.4574 6.05
      vertex 111.473 67.2981 -6.05
      vertex 111.266 67.4574 -6.05
    endloop
  endfacet
  facet normal 0.130415 0.991459 -0
    outer loop
      vertex 110.066 67.9544 -6.05
      vertex 109.806 67.9886 6.05
      vertex 110.066 67.9544 6.05
    endloop
  endfacet
  facet normal 0.130415 0.991459 0
    outer loop
      vertex 109.806 67.9886 6.05
      vertex 110.066 67.9544 -6.05
      vertex 109.806 67.9886 -6.05
    endloop
  endfacet
  facet normal -0.609877 0.792496 0
    outer loop
      vertex 103.824 67.4574 -6.05
      vertex 103.617 67.2981 6.05
      vertex 103.824 67.4574 6.05
    endloop
  endfacet
  facet normal -0.609877 0.792496 0
    outer loop
      vertex 103.617 67.2981 6.05
      vertex 103.824 67.4574 -6.05
      vertex 103.617 67.2981 -6.05
    endloop
  endfacet
  facet normal -0.537048 0.843551 0
    outer loop
      vertex 104.045 67.5981 -6.05
      vertex 103.824 67.4574 6.05
      vertex 104.045 67.5981 6.05
    endloop
  endfacet
  facet normal -0.537048 0.843551 0
    outer loop
      vertex 103.824 67.4574 6.05
      vertex 104.045 67.5981 -6.05
      vertex 103.824 67.4574 -6.05
    endloop
  endfacet
  facet normal -0.886735 0.462279 0
    outer loop
      vertex 102.826 66.2679 -6.05
      vertex 102.947 66.5 6.05
      vertex 102.947 66.5 -6.05
    endloop
  endfacet
  facet normal -0.886735 0.462279 0
    outer loop
      vertex 102.947 66.5 6.05
      vertex 102.826 66.2679 -6.05
      vertex 102.826 66.2679 6.05
    endloop
  endfacet
  facet normal 0.794043 -0.607862 0
    outer loop
      vertex 111.843 -66.9284 6.05
      vertex 112.002 -66.7207 -6.05
      vertex 112.002 -66.7207 6.05
    endloop
  endfacet
  facet normal 0.794043 -0.607862 0
    outer loop
      vertex 112.002 -66.7207 -6.05
      vertex 111.843 -66.9284 6.05
      vertex 111.843 -66.9284 -6.05
    endloop
  endfacet
  facet normal -0.953386 -0.301753 0
    outer loop
      vertex 102.726 -66.026 -6.05
      vertex 102.647 -65.7764 6.05
      vertex 102.647 -65.7764 -6.05
    endloop
  endfacet
  facet normal -0.953386 -0.301753 0
    outer loop
      vertex 102.647 -65.7764 6.05
      vertex 102.726 -66.026 -6.05
      vertex 102.726 -66.026 6.05
    endloop
  endfacet
  facet normal -0.886735 -0.462279 0
    outer loop
      vertex 102.947 -66.5 -6.05
      vertex 102.826 -66.2679 6.05
      vertex 102.826 -66.2679 -6.05
    endloop
  endfacet
  facet normal -0.886735 -0.462279 0
    outer loop
      vertex 102.826 -66.2679 6.05
      vertex 102.947 -66.5 -6.05
      vertex 102.947 -66.5 6.05
    endloop
  endfacet
  facet normal -0.382554 -0.923933 0
    outer loop
      vertex 104.277 -67.7189 -6.05
      vertex 104.519 -67.8191 6.05
      vertex 104.277 -67.7189 6.05
    endloop
  endfacet
  facet normal -0.382554 -0.923933 -0
    outer loop
      vertex 104.519 -67.8191 6.05
      vertex 104.277 -67.7189 -6.05
      vertex 104.519 -67.8191 -6.05
    endloop
  endfacet
  facet normal 0.609877 -0.792496 0
    outer loop
      vertex 111.266 -67.4574 -6.05
      vertex 111.473 -67.2981 6.05
      vertex 111.266 -67.4574 6.05
    endloop
  endfacet
  facet normal 0.609877 -0.792496 0
    outer loop
      vertex 111.473 -67.2981 6.05
      vertex 111.266 -67.4574 -6.05
      vertex 111.473 -67.2981 -6.05
    endloop
  endfacet
  facet normal 0.130415 -0.991459 0
    outer loop
      vertex 109.806 -67.9886 -6.05
      vertex 110.066 -67.9544 6.05
      vertex 109.806 -67.9886 6.05
    endloop
  endfacet
  facet normal 0.130415 -0.991459 0
    outer loop
      vertex 110.066 -67.9544 6.05
      vertex 109.806 -67.9886 -6.05
      vertex 110.066 -67.9544 -6.05
    endloop
  endfacet
  facet normal -0.736821 -0.676088 0
    outer loop
      vertex 103.424 -67.1213 -6.05
      vertex 103.247 -66.9284 6.05
      vertex 103.247 -66.9284 -6.05
    endloop
  endfacet
  facet normal -0.736821 -0.676088 0
    outer loop
      vertex 103.247 -66.9284 6.05
      vertex 103.424 -67.1213 -6.05
      vertex 103.424 -67.1213 6.05
    endloop
  endfacet
  facet normal -0.609877 -0.792496 0
    outer loop
      vertex 103.617 -67.2981 -6.05
      vertex 103.824 -67.4574 6.05
      vertex 103.617 -67.2981 6.05
    endloop
  endfacet
  facet normal -0.609877 -0.792496 -0
    outer loop
      vertex 103.824 -67.4574 6.05
      vertex 103.617 -67.2981 -6.05
      vertex 103.824 -67.4574 -6.05
    endloop
  endfacet
  facet normal -0.991434 -0.130611 0
    outer loop
      vertex -39.167 -17.1817 0
      vertex -39.2254 -16.7384 2.51
      vertex -39.2254 -16.7384 0
    endloop
  endfacet
  facet normal -0.991434 -0.130611 0
    outer loop
      vertex -39.2254 -16.7384 2.51
      vertex -39.167 -17.1817 0
      vertex -39.167 -17.1817 2.51
    endloop
  endfacet
  facet normal -0.999048 -0.0436217 0
    outer loop
      vertex -39.1475 -17.6283 0
      vertex -39.167 -17.1817 2.51
      vertex -39.167 -17.1817 0
    endloop
  endfacet
  facet normal -0.999048 -0.0436217 0
    outer loop
      vertex -39.167 -17.1817 2.51
      vertex -39.1475 -17.6283 0
      vertex -39.1475 -17.6283 2.51
    endloop
  endfacet
  facet normal -0.976329 -0.216291 0
    outer loop
      vertex -39.2254 -16.7384 0
      vertex -39.3221 -16.3019 2.51
      vertex -39.3221 -16.3019 0
    endloop
  endfacet
  facet normal -0.976329 -0.216291 0
    outer loop
      vertex -39.3221 -16.3019 2.51
      vertex -39.2254 -16.7384 0
      vertex -39.2254 -16.7384 2.51
    endloop
  endfacet
  facet normal 0.843431 0.537237 0
    outer loop
      vertex -48.4707 -20.5679 2.51
      vertex -48.7109 -20.1908 0
      vertex -48.7109 -20.1908 2.51
    endloop
  endfacet
  facet normal 0.843431 0.537237 0
    outer loop
      vertex -48.7109 -20.1908 0
      vertex -48.4707 -20.5679 2.51
      vertex -48.4707 -20.5679 0
    endloop
  endfacet
  facet normal 0.843367 -0.537339 0
    outer loop
      vertex -48.7109 -15.0658 2.51
      vertex -48.4707 -14.6888 0
      vertex -48.4707 -14.6888 2.51
    endloop
  endfacet
  facet normal 0.843367 -0.537339 0
    outer loop
      vertex -48.4707 -14.6888 0
      vertex -48.7109 -15.0658 2.51
      vertex -48.7109 -15.0658 0
    endloop
  endfacet
  facet normal -0.216504 -0.976282 0
    outer loop
      vertex -43.3826 -12.5812 0
      vertex -42.9461 -12.678 2.51
      vertex -43.3826 -12.5812 2.51
    endloop
  endfacet
  facet normal -0.216504 -0.976282 -0
    outer loop
      vertex -42.9461 -12.678 2.51
      vertex -43.3826 -12.5812 0
      vertex -42.9461 -12.678 0
    endloop
  endfacet
  facet normal 0.38274 0.923856 -0
    outer loop
      vertex -46.0254 -22.4443 0
      vertex -46.4384 -22.2732 2.51
      vertex -46.0254 -22.4443 2.51
    endloop
  endfacet
  facet normal 0.38274 0.923856 0
    outer loop
      vertex -46.4384 -22.2732 2.51
      vertex -46.0254 -22.4443 0
      vertex -46.4384 -22.2732 0
    endloop
  endfacet
  facet normal -0.976329 0.216291 0
    outer loop
      vertex -39.3221 -18.9548 0
      vertex -39.2254 -18.5183 2.51
      vertex -39.2254 -18.5183 0
    endloop
  endfacet
  facet normal -0.976329 0.216291 0
    outer loop
      vertex -39.2254 -18.5183 2.51
      vertex -39.3221 -18.9548 0
      vertex -39.3221 -18.9548 2.51
    endloop
  endfacet
  facet normal 0.923889 0.382661 0
    outer loop
      vertex -48.9173 -19.7943 2.51
      vertex -49.0884 -19.3812 0
      vertex -49.0884 -19.3812 2.51
    endloop
  endfacet
  facet normal 0.923889 0.382661 0
    outer loop
      vertex -49.0884 -19.3812 0
      vertex -48.9173 -19.7943 2.51
      vertex -48.9173 -19.7943 0
    endloop
  endfacet
  facet normal -0.13042 0.991459 0
    outer loop
      vertex -43.3826 -22.6755 0
      vertex -43.8258 -22.7338 2.51
      vertex -43.3826 -22.6755 2.51
    endloop
  endfacet
  facet normal -0.13042 0.991459 0
    outer loop
      vertex -43.8258 -22.7338 2.51
      vertex -43.3826 -22.6755 0
      vertex -43.8258 -22.7338 0
    endloop
  endfacet
  facet normal 0.300553 0.953765 -0
    outer loop
      vertex -45.5989 -22.5787 0
      vertex -46.0254 -22.4443 2.51
      vertex -45.5989 -22.5787 2.51
    endloop
  endfacet
  facet normal 0.300553 0.953765 0
    outer loop
      vertex -46.0254 -22.4443 2.51
      vertex -45.5989 -22.5787 0
      vertex -46.0254 -22.4443 0
    endloop
  endfacet
  facet normal 0.608802 0.793322 -0
    outer loop
      vertex -47.2121 -21.8265 0
      vertex -47.5668 -21.5543 2.51
      vertex -47.2121 -21.8265 2.51
    endloop
  endfacet
  facet normal 0.608802 0.793322 0
    outer loop
      vertex -47.5668 -21.5543 2.51
      vertex -47.2121 -21.8265 0
      vertex -47.5668 -21.5543 0
    endloop
  endfacet
  facet normal 0.537237 0.843431 -0
    outer loop
      vertex -46.835 -22.0667 0
      vertex -47.2121 -21.8265 2.51
      vertex -46.835 -22.0667 2.51
    endloop
  endfacet
  facet normal 0.537237 0.843431 0
    outer loop
      vertex -47.2121 -21.8265 2.51
      vertex -46.835 -22.0667 0
      vertex -47.2121 -21.8265 0
    endloop
  endfacet
  facet normal 0.216504 0.976282 -0
    outer loop
      vertex -45.1624 -22.6755 0
      vertex -45.5989 -22.5787 2.51
      vertex -45.1624 -22.6755 2.51
    endloop
  endfacet
  facet normal 0.216504 0.976282 0
    outer loop
      vertex -45.5989 -22.5787 2.51
      vertex -45.1624 -22.6755 0
      vertex -45.5989 -22.5787 0
    endloop
  endfacet
  facet normal 0.953681 0.300821 0
    outer loop
      vertex -49.0884 -19.3812 2.51
      vertex -49.2229 -18.9548 0
      vertex -49.2229 -18.9548 2.51
    endloop
  endfacet
  facet normal 0.953681 0.300821 0
    outer loop
      vertex -49.2229 -18.9548 0
      vertex -49.0884 -19.3812 2.51
      vertex -49.0884 -19.3812 0
    endloop
  endfacet
  facet normal 0.608802 -0.793322 0
    outer loop
      vertex -47.5668 -13.7024 0
      vertex -47.2121 -13.4302 2.51
      vertex -47.5668 -13.7024 2.51
    endloop
  endfacet
  facet normal 0.608802 -0.793322 0
    outer loop
      vertex -47.2121 -13.4302 2.51
      vertex -47.5668 -13.7024 0
      vertex -47.2121 -13.4302 0
    endloop
  endfacet
  facet normal 0.923889 -0.382661 0
    outer loop
      vertex -49.0884 -15.8755 2.51
      vertex -48.9173 -15.4624 0
      vertex -48.9173 -15.4624 2.51
    endloop
  endfacet
  facet normal 0.923889 -0.382661 0
    outer loop
      vertex -48.9173 -15.4624 0
      vertex -49.0884 -15.8755 2.51
      vertex -49.0884 -15.8755 0
    endloop
  endfacet
  facet normal -0.991434 0.130611 0
    outer loop
      vertex -39.2254 -18.5183 0
      vertex -39.167 -18.075 2.51
      vertex -39.167 -18.075 0
    endloop
  endfacet
  facet normal -0.991434 0.130611 0
    outer loop
      vertex -39.167 -18.075 2.51
      vertex -39.2254 -18.5183 0
      vertex -39.2254 -18.5183 2.51
    endloop
  endfacet
  facet normal -0.0436119 -0.999049 0
    outer loop
      vertex -44.2725 -12.5033 0
      vertex -43.8258 -12.5228 2.51
      vertex -44.2725 -12.5033 2.51
    endloop
  endfacet
  facet normal -0.0436119 -0.999049 -0
    outer loop
      vertex -43.8258 -12.5228 2.51
      vertex -44.2725 -12.5033 0
      vertex -43.8258 -12.5228 0
    endloop
  endfacet
  facet normal -0.608802 -0.793322 0
    outer loop
      vertex -41.3329 -13.4302 0
      vertex -40.9782 -13.7024 2.51
      vertex -41.3329 -13.4302 2.51
    endloop
  endfacet
  facet normal -0.608802 -0.793322 -0
    outer loop
      vertex -40.9782 -13.7024 2.51
      vertex -41.3329 -13.4302 0
      vertex -40.9782 -13.7024 0
    endloop
  endfacet
  facet normal -0.537237 -0.843431 0
    outer loop
      vertex -41.71 -13.19 0
      vertex -41.3329 -13.4302 2.51
      vertex -41.71 -13.19 2.51
    endloop
  endfacet
  facet normal -0.537237 -0.843431 -0
    outer loop
      vertex -41.3329 -13.4302 2.51
      vertex -41.71 -13.19 0
      vertex -41.3329 -13.4302 0
    endloop
  endfacet
  facet normal 0.976329 -0.216291 0
    outer loop
      vertex -49.3196 -16.7384 2.51
      vertex -49.2229 -16.3019 0
      vertex -49.2229 -16.3019 2.51
    endloop
  endfacet
  facet normal 0.976329 -0.216291 0
    outer loop
      vertex -49.2229 -16.3019 0
      vertex -49.3196 -16.7384 2.51
      vertex -49.3196 -16.7384 0
    endloop
  endfacet
  facet normal -0.953681 -0.300821 0
    outer loop
      vertex -39.3221 -16.3019 0
      vertex -39.4566 -15.8755 2.51
      vertex -39.4566 -15.8755 0
    endloop
  endfacet
  facet normal -0.953681 -0.300821 0
    outer loop
      vertex -39.4566 -15.8755 2.51
      vertex -39.3221 -16.3019 0
      vertex -39.3221 -16.3019 2.51
    endloop
  endfacet
  facet normal -0.461824 -0.886971 0
    outer loop
      vertex -42.1066 -12.9835 0
      vertex -41.71 -13.19 2.51
      vertex -42.1066 -12.9835 2.51
    endloop
  endfacet
  facet normal -0.461824 -0.886971 -0
    outer loop
      vertex -41.71 -13.19 2.51
      vertex -42.1066 -12.9835 0
      vertex -41.71 -13.19 0
    endloop
  endfacet
  facet normal 0.793322 0.608802 0
    outer loop
      vertex -48.1985 -20.9226 2.51
      vertex -48.4707 -20.5679 0
      vertex -48.4707 -20.5679 2.51
    endloop
  endfacet
  facet normal 0.793322 0.608802 0
    outer loop
      vertex -48.4707 -20.5679 0
      vertex -48.1985 -20.9226 2.51
      vertex -48.1985 -20.9226 0
    endloop
  endfacet
  facet normal 0.13064 -0.99143 0
    outer loop
      vertex -45.1624 -12.5812 0
      vertex -44.7192 -12.5228 2.51
      vertex -45.1624 -12.5812 2.51
    endloop
  endfacet
  facet normal 0.13064 -0.99143 0
    outer loop
      vertex -44.7192 -12.5228 2.51
      vertex -45.1624 -12.5812 0
      vertex -44.7192 -12.5228 0
    endloop
  endfacet
  facet normal -0.300553 -0.953765 0
    outer loop
      vertex -42.9461 -12.678 0
      vertex -42.5196 -12.8124 2.51
      vertex -42.9461 -12.678 2.51
    endloop
  endfacet
  facet normal -0.300553 -0.953765 -0
    outer loop
      vertex -42.5196 -12.8124 2.51
      vertex -42.9461 -12.678 0
      vertex -42.5196 -12.8124 0
    endloop
  endfacet
  facet normal 0.991434 -0.130611 0
    outer loop
      vertex -49.378 -17.1817 2.51
      vertex -49.3196 -16.7384 0
      vertex -49.3196 -16.7384 2.51
    endloop
  endfacet
  facet normal 0.991434 -0.130611 0
    outer loop
      vertex -49.3196 -16.7384 0
      vertex -49.378 -17.1817 2.51
      vertex -49.378 -17.1817 0
    endloop
  endfacet
  facet normal -0.13064 -0.99143 0
    outer loop
      vertex -43.8258 -12.5228 0
      vertex -43.3826 -12.5812 2.51
      vertex -43.8258 -12.5228 2.51
    endloop
  endfacet
  facet normal -0.13064 -0.99143 -0
    outer loop
      vertex -43.3826 -12.5812 2.51
      vertex -43.8258 -12.5228 0
      vertex -43.3826 -12.5812 0
    endloop
  endfacet
  facet normal -0.843367 -0.537339 0
    outer loop
      vertex -39.8341 -15.0658 0
      vertex -40.0743 -14.6888 2.51
      vertex -40.0743 -14.6888 0
    endloop
  endfacet
  facet normal -0.843367 -0.537339 0
    outer loop
      vertex -40.0743 -14.6888 2.51
      vertex -39.8341 -15.0658 0
      vertex -39.8341 -15.0658 2.51
    endloop
  endfacet
  facet normal 0.675563 0.737303 -0
    outer loop
      vertex -47.5668 -21.5543 0
      vertex -47.8964 -21.2523 2.51
      vertex -47.5668 -21.5543 2.51
    endloop
  endfacet
  facet normal 0.675563 0.737303 0
    outer loop
      vertex -47.8964 -21.2523 2.51
      vertex -47.5668 -21.5543 0
      vertex -47.8964 -21.2523 0
    endloop
  endfacet
  facet normal -0.537237 0.843431 0
    outer loop
      vertex -41.3329 -21.8265 0
      vertex -41.71 -22.0667 2.51
      vertex -41.3329 -21.8265 2.51
    endloop
  endfacet
  facet normal -0.537237 0.843431 0
    outer loop
      vertex -41.71 -22.0667 2.51
      vertex -41.3329 -21.8265 0
      vertex -41.71 -22.0667 0
    endloop
  endfacet
  facet normal -0.999049 0.0436119 0
    outer loop
      vertex -39.167 -18.075 0
      vertex -39.1475 -17.6283 2.51
      vertex -39.1475 -17.6283 0
    endloop
  endfacet
  facet normal -0.999049 0.0436119 0
    outer loop
      vertex -39.1475 -17.6283 2.51
      vertex -39.167 -18.075 0
      vertex -39.167 -18.075 2.51
    endloop
  endfacet
  facet normal 0.737293 0.675573 0
    outer loop
      vertex -47.8964 -21.2523 2.51
      vertex -48.1985 -20.9226 0
      vertex -48.1985 -20.9226 2.51
    endloop
  endfacet
  facet normal 0.737293 0.675573 0
    outer loop
      vertex -48.1985 -20.9226 0
      vertex -47.8964 -21.2523 2.51
      vertex -47.8964 -21.2523 0
    endloop
  endfacet
  facet normal 0.38274 -0.923856 0
    outer loop
      vertex -46.4384 -12.9835 0
      vertex -46.0254 -12.8124 2.51
      vertex -46.4384 -12.9835 2.51
    endloop
  endfacet
  facet normal 0.38274 -0.923856 0
    outer loop
      vertex -46.0254 -12.8124 2.51
      vertex -46.4384 -12.9835 0
      vertex -46.0254 -12.8124 0
    endloop
  endfacet
  facet normal -0.461824 0.886971 0
    outer loop
      vertex -41.71 -22.0667 0
      vertex -42.1066 -22.2732 2.51
      vertex -41.71 -22.0667 2.51
    endloop
  endfacet
  facet normal -0.461824 0.886971 0
    outer loop
      vertex -42.1066 -22.2732 2.51
      vertex -41.71 -22.0667 0
      vertex -42.1066 -22.2732 0
    endloop
  endfacet
  facet normal 0.976329 0.216291 0
    outer loop
      vertex -49.2229 -18.9548 2.51
      vertex -49.3196 -18.5183 0
      vertex -49.3196 -18.5183 2.51
    endloop
  endfacet
  facet normal 0.976329 0.216291 0
    outer loop
      vertex -49.3196 -18.5183 0
      vertex -49.2229 -18.9548 2.51
      vertex -49.2229 -18.9548 0
    endloop
  endfacet
  facet normal 0.793405 -0.608694 0
    outer loop
      vertex -48.4707 -14.6888 2.51
      vertex -48.1985 -14.334 0
      vertex -48.1985 -14.334 2.51
    endloop
  endfacet
  facet normal 0.793405 -0.608694 0
    outer loop
      vertex -48.1985 -14.334 0
      vertex -48.4707 -14.6888 2.51
      vertex -48.4707 -14.6888 0
    endloop
  endfacet
  facet normal 0.216504 -0.976282 0
    outer loop
      vertex -45.5989 -12.678 0
      vertex -45.1624 -12.5812 2.51
      vertex -45.5989 -12.678 2.51
    endloop
  endfacet
  facet normal 0.216504 -0.976282 0
    outer loop
      vertex -45.1624 -12.5812 2.51
      vertex -45.5989 -12.678 0
      vertex -45.1624 -12.5812 0
    endloop
  endfacet
  facet normal -0.0436119 0.999049 0
    outer loop
      vertex -43.8258 -22.7338 0
      vertex -44.2725 -22.7533 2.51
      vertex -43.8258 -22.7338 2.51
    endloop
  endfacet
  facet normal -0.0436119 0.999049 0
    outer loop
      vertex -44.2725 -22.7533 2.51
      vertex -43.8258 -22.7338 0
      vertex -44.2725 -22.7533 0
    endloop
  endfacet
  facet normal 0.887015 0.46174 0
    outer loop
      vertex -48.7109 -20.1908 2.51
      vertex -48.9173 -19.7943 0
      vertex -48.9173 -19.7943 2.51
    endloop
  endfacet
  facet normal 0.887015 0.46174 0
    outer loop
      vertex -48.9173 -19.7943 0
      vertex -48.7109 -20.1908 2.51
      vertex -48.7109 -20.1908 0
    endloop
  endfacet
  facet normal -0.887015 0.46174 0
    outer loop
      vertex -39.8341 -20.1908 0
      vertex -39.6277 -19.7943 2.51
      vertex -39.6277 -19.7943 0
    endloop
  endfacet
  facet normal -0.887015 0.46174 0
    outer loop
      vertex -39.6277 -19.7943 2.51
      vertex -39.8341 -20.1908 0
      vertex -39.8341 -20.1908 2.51
    endloop
  endfacet
  facet normal -0.953681 0.300821 0
    outer loop
      vertex -39.4566 -19.3812 0
      vertex -39.3221 -18.9548 2.51
      vertex -39.3221 -18.9548 0
    endloop
  endfacet
  facet normal -0.953681 0.300821 0
    outer loop
      vertex -39.3221 -18.9548 2.51
      vertex -39.4566 -19.3812 0
      vertex -39.4566 -19.3812 2.51
    endloop
  endfacet
  facet normal -0.38274 -0.923856 0
    outer loop
      vertex -42.5196 -12.8124 0
      vertex -42.1066 -12.9835 2.51
      vertex -42.5196 -12.8124 2.51
    endloop
  endfacet
  facet normal -0.38274 -0.923856 -0
    outer loop
      vertex -42.1066 -12.9835 2.51
      vertex -42.5196 -12.8124 0
      vertex -42.1066 -12.9835 0
    endloop
  endfacet
  facet normal 0.953681 -0.300821 0
    outer loop
      vertex -49.2229 -16.3019 2.51
      vertex -49.0884 -15.8755 0
      vertex -49.0884 -15.8755 2.51
    endloop
  endfacet
  facet normal 0.953681 -0.300821 0
    outer loop
      vertex -49.0884 -15.8755 0
      vertex -49.2229 -16.3019 2.51
      vertex -49.2229 -16.3019 0
    endloop
  endfacet
  facet normal -0.923889 -0.382661 0
    outer loop
      vertex -39.4566 -15.8755 0
      vertex -39.6277 -15.4624 2.51
      vertex -39.6277 -15.4624 0
    endloop
  endfacet
  facet normal -0.923889 -0.382661 0
    outer loop
      vertex -39.6277 -15.4624 2.51
      vertex -39.4566 -15.8755 0
      vertex -39.4566 -15.8755 2.51
    endloop
  endfacet
  facet normal -0.675563 -0.737303 0
    outer loop
      vertex -40.9782 -13.7024 0
      vertex -40.6486 -14.0044 2.51
      vertex -40.9782 -13.7024 2.51
    endloop
  endfacet
  facet normal -0.675563 -0.737303 -0
    outer loop
      vertex -40.6486 -14.0044 2.51
      vertex -40.9782 -13.7024 0
      vertex -40.6486 -14.0044 0
    endloop
  endfacet
  facet normal -0.923889 0.382661 0
    outer loop
      vertex -39.6277 -19.7943 0
      vertex -39.4566 -19.3812 2.51
      vertex -39.4566 -19.3812 0
    endloop
  endfacet
  facet normal -0.923889 0.382661 0
    outer loop
      vertex -39.4566 -19.3812 2.51
      vertex -39.6277 -19.7943 0
      vertex -39.6277 -19.7943 2.51
    endloop
  endfacet
  facet normal -0.843431 0.537237 0
    outer loop
      vertex -40.0743 -20.5679 0
      vertex -39.8341 -20.1908 2.51
      vertex -39.8341 -20.1908 0
    endloop
  endfacet
  facet normal -0.843431 0.537237 0
    outer loop
      vertex -39.8341 -20.1908 2.51
      vertex -40.0743 -20.5679 0
      vertex -40.0743 -20.5679 2.51
    endloop
  endfacet
  facet normal -0.887063 -0.461648 0
    outer loop
      vertex -39.6277 -15.4624 0
      vertex -39.8341 -15.0658 2.51
      vertex -39.8341 -15.0658 0
    endloop
  endfacet
  facet normal -0.887063 -0.461648 0
    outer loop
      vertex -39.8341 -15.0658 2.51
      vertex -39.6277 -15.4624 0
      vertex -39.6277 -15.4624 2.51
    endloop
  endfacet
  facet normal 0.887063 -0.461648 0
    outer loop
      vertex -48.9173 -15.4624 2.51
      vertex -48.7109 -15.0658 0
      vertex -48.7109 -15.0658 2.51
    endloop
  endfacet
  facet normal 0.887063 -0.461648 0
    outer loop
      vertex -48.7109 -15.0658 0
      vertex -48.9173 -15.4624 2.51
      vertex -48.9173 -15.4624 0
    endloop
  endfacet
  facet normal 0.675563 -0.737303 0
    outer loop
      vertex -47.8964 -14.0044 0
      vertex -47.5668 -13.7024 2.51
      vertex -47.8964 -14.0044 2.51
    endloop
  endfacet
  facet normal 0.675563 -0.737303 0
    outer loop
      vertex -47.5668 -13.7024 2.51
      vertex -47.8964 -14.0044 0
      vertex -47.5668 -13.7024 0
    endloop
  endfacet
  facet normal 0.0436119 0.999049 -0
    outer loop
      vertex -44.2725 -22.7533 0
      vertex -44.7192 -22.7338 2.51
      vertex -44.2725 -22.7533 2.51
    endloop
  endfacet
  facet normal 0.0436119 0.999049 0
    outer loop
      vertex -44.7192 -22.7338 2.51
      vertex -44.2725 -22.7533 0
      vertex -44.7192 -22.7338 0
    endloop
  endfacet
  facet normal 0.300553 -0.953765 0
    outer loop
      vertex -46.0254 -12.8124 0
      vertex -45.5989 -12.678 2.51
      vertex -46.0254 -12.8124 2.51
    endloop
  endfacet
  facet normal 0.300553 -0.953765 0
    outer loop
      vertex -45.5989 -12.678 2.51
      vertex -46.0254 -12.8124 0
      vertex -45.5989 -12.678 0
    endloop
  endfacet
  facet normal 0.999049 0.0436119 0
    outer loop
      vertex -49.378 -18.075 2.51
      vertex -49.3975 -17.6283 0
      vertex -49.3975 -17.6283 2.51
    endloop
  endfacet
  facet normal 0.999049 0.0436119 0
    outer loop
      vertex -49.3975 -17.6283 0
      vertex -49.378 -18.075 2.51
      vertex -49.378 -18.075 0
    endloop
  endfacet
  facet normal 0.0436119 -0.999049 0
    outer loop
      vertex -44.7192 -12.5228 0
      vertex -44.2725 -12.5033 2.51
      vertex -44.7192 -12.5228 2.51
    endloop
  endfacet
  facet normal 0.0436119 -0.999049 0
    outer loop
      vertex -44.2725 -12.5033 2.51
      vertex -44.7192 -12.5228 0
      vertex -44.2725 -12.5033 0
    endloop
  endfacet
  facet normal -0.38274 0.923856 0
    outer loop
      vertex -42.1066 -22.2732 0
      vertex -42.5196 -22.4443 2.51
      vertex -42.1066 -22.2732 2.51
    endloop
  endfacet
  facet normal -0.38274 0.923856 0
    outer loop
      vertex -42.5196 -22.4443 2.51
      vertex -42.1066 -22.2732 0
      vertex -42.5196 -22.4443 0
    endloop
  endfacet
  facet normal -0.300553 0.953765 0
    outer loop
      vertex -42.5196 -22.4443 0
      vertex -42.9461 -22.5787 2.51
      vertex -42.5196 -22.4443 2.51
    endloop
  endfacet
  facet normal -0.300553 0.953765 0
    outer loop
      vertex -42.9461 -22.5787 2.51
      vertex -42.5196 -22.4443 0
      vertex -42.9461 -22.5787 0
    endloop
  endfacet
  facet normal -0.793322 0.608802 0
    outer loop
      vertex -40.3465 -20.9226 0
      vertex -40.0743 -20.5679 2.51
      vertex -40.0743 -20.5679 0
    endloop
  endfacet
  facet normal -0.793322 0.608802 0
    outer loop
      vertex -40.0743 -20.5679 2.51
      vertex -40.3465 -20.9226 0
      vertex -40.3465 -20.9226 2.51
    endloop
  endfacet
  facet normal 0.991434 0.130611 0
    outer loop
      vertex -49.3196 -18.5183 2.51
      vertex -49.378 -18.075 0
      vertex -49.378 -18.075 2.51
    endloop
  endfacet
  facet normal 0.991434 0.130611 0
    outer loop
      vertex -49.378 -18.075 0
      vertex -49.3196 -18.5183 2.51
      vertex -49.3196 -18.5183 0
    endloop
  endfacet
  facet normal -0.216504 0.976282 0
    outer loop
      vertex -42.9461 -22.5787 0
      vertex -43.3826 -22.6755 2.51
      vertex -42.9461 -22.5787 2.51
    endloop
  endfacet
  facet normal -0.216504 0.976282 0
    outer loop
      vertex -43.3826 -22.6755 2.51
      vertex -42.9461 -22.5787 0
      vertex -43.3826 -22.6755 0
    endloop
  endfacet
  facet normal 0.537237 -0.843431 0
    outer loop
      vertex -47.2121 -13.4302 0
      vertex -46.835 -13.19 2.51
      vertex -47.2121 -13.4302 2.51
    endloop
  endfacet
  facet normal 0.537237 -0.843431 0
    outer loop
      vertex -46.835 -13.19 2.51
      vertex -47.2121 -13.4302 0
      vertex -46.835 -13.19 0
    endloop
  endfacet
  facet normal -0.737191 -0.675684 0
    outer loop
      vertex -40.3465 -14.334 0
      vertex -40.6486 -14.0044 2.51
      vertex -40.6486 -14.0044 0
    endloop
  endfacet
  facet normal -0.737191 -0.675684 0
    outer loop
      vertex -40.6486 -14.0044 2.51
      vertex -40.3465 -14.334 0
      vertex -40.3465 -14.334 2.51
    endloop
  endfacet
  facet normal -0.793405 -0.608694 0
    outer loop
      vertex -40.0743 -14.6888 0
      vertex -40.3465 -14.334 2.51
      vertex -40.3465 -14.334 0
    endloop
  endfacet
  facet normal -0.793405 -0.608694 0
    outer loop
      vertex -40.3465 -14.334 2.51
      vertex -40.0743 -14.6888 0
      vertex -40.0743 -14.6888 2.51
    endloop
  endfacet
  facet normal 0.737191 -0.675684 0
    outer loop
      vertex -48.1985 -14.334 2.51
      vertex -47.8964 -14.0044 0
      vertex -47.8964 -14.0044 2.51
    endloop
  endfacet
  facet normal 0.737191 -0.675684 0
    outer loop
      vertex -47.8964 -14.0044 0
      vertex -48.1985 -14.334 2.51
      vertex -48.1985 -14.334 0
    endloop
  endfacet
  facet normal 0.461824 0.886971 -0
    outer loop
      vertex -46.4384 -22.2732 0
      vertex -46.835 -22.0667 2.51
      vertex -46.4384 -22.2732 2.51
    endloop
  endfacet
  facet normal 0.461824 0.886971 0
    outer loop
      vertex -46.835 -22.0667 2.51
      vertex -46.4384 -22.2732 0
      vertex -46.835 -22.0667 0
    endloop
  endfacet
  facet normal 0.461824 -0.886971 0
    outer loop
      vertex -46.835 -13.19 0
      vertex -46.4384 -12.9835 2.51
      vertex -46.835 -13.19 2.51
    endloop
  endfacet
  facet normal 0.461824 -0.886971 0
    outer loop
      vertex -46.4384 -12.9835 2.51
      vertex -46.835 -13.19 0
      vertex -46.4384 -12.9835 0
    endloop
  endfacet
  facet normal 0.999048 -0.0436217 0
    outer loop
      vertex -49.3975 -17.6283 2.51
      vertex -49.378 -17.1817 0
      vertex -49.378 -17.1817 2.51
    endloop
  endfacet
  facet normal 0.999048 -0.0436217 0
    outer loop
      vertex -49.378 -17.1817 0
      vertex -49.3975 -17.6283 2.51
      vertex -49.3975 -17.6283 0
    endloop
  endfacet
  facet normal -0.608802 0.793322 0
    outer loop
      vertex -40.9782 -21.5543 0
      vertex -41.3329 -21.8265 2.51
      vertex -40.9782 -21.5543 2.51
    endloop
  endfacet
  facet normal -0.608802 0.793322 0
    outer loop
      vertex -41.3329 -21.8265 2.51
      vertex -40.9782 -21.5543 0
      vertex -41.3329 -21.8265 0
    endloop
  endfacet
  facet normal -0.737293 0.675573 0
    outer loop
      vertex -40.6486 -21.2523 0
      vertex -40.3465 -20.9226 2.51
      vertex -40.3465 -20.9226 0
    endloop
  endfacet
  facet normal -0.737293 0.675573 0
    outer loop
      vertex -40.3465 -20.9226 2.51
      vertex -40.6486 -21.2523 0
      vertex -40.6486 -21.2523 2.51
    endloop
  endfacet
  facet normal 0.13042 0.991459 -0
    outer loop
      vertex -44.7192 -22.7338 0
      vertex -45.1624 -22.6755 2.51
      vertex -44.7192 -22.7338 2.51
    endloop
  endfacet
  facet normal 0.13042 0.991459 0
    outer loop
      vertex -45.1624 -22.6755 2.51
      vertex -44.7192 -22.7338 0
      vertex -45.1624 -22.6755 0
    endloop
  endfacet
  facet normal -0.675563 0.737303 0
    outer loop
      vertex -40.6486 -21.2523 0
      vertex -40.9782 -21.5543 2.51
      vertex -40.6486 -21.2523 2.51
    endloop
  endfacet
  facet normal -0.675563 0.737303 0
    outer loop
      vertex -40.9782 -21.5543 2.51
      vertex -40.6486 -21.2523 0
      vertex -40.9782 -21.5543 0
    endloop
  endfacet
  facet normal -0.642222 0.142523 0.753152
    outer loop
      vertex -39.2254 -18.5183 2.51
      vertex -38.7297 -18.874 3
      vertex -38.6724 -18.6158 3
    endloop
  endfacet
  facet normal -0.642332 0.142299 0.753101
    outer loop
      vertex -38.7297 -18.874 3
      vertex -39.2254 -18.5183 2.51
      vertex -39.3221 -18.9548 2.51
    endloop
  endfacet
  facet normal -0.607804 0.25176 0.753121
    outer loop
      vertex -39.1188 -20.0315 3
      vertex -39.0302 -19.8176 3
      vertex -39.6277 -19.7943 2.51
    endloop
  endfacet
  facet normal -0.444491 0.485035 0.753106
    outer loop
      vertex -40.6486 -21.2523 2.51
      vertex -40.4466 -21.828 3
      vertex -40.2516 -21.6493 3
    endloop
  endfacet
  facet normal -0.444443 0.485061 0.753117
    outer loop
      vertex -40.4466 -21.828 3
      vertex -40.6486 -21.2523 2.51
      vertex -40.9782 -21.5543 2.51
    endloop
  endfacet
  facet normal -0.657236 -0.028699 0.753138
    outer loop
      vertex -38.586 -17.6283 3
      vertex -38.5961 -17.397 3
      vertex -39.1475 -17.6283 2.51
    endloop
  endfacet
  facet normal -0.657266 -0.0288471 0.753107
    outer loop
      vertex -39.167 -17.1817 2.51
      vertex -38.5961 -17.397 3
      vertex -38.6077 -17.1327 3
    endloop
  endfacet
  facet normal -0.657236 -0.0286971 0.753138
    outer loop
      vertex -38.5961 -17.397 3
      vertex -39.167 -17.1817 2.51
      vertex -39.1475 -17.6283 2.51
    endloop
  endfacet
  facet normal 0.086113 -0.652242 0.753103
    outer loop
      vertex -45.1624 -12.5812 2.51
      vertex -45.0304 -11.998 3
      vertex -45.2599 -12.0283 3
    endloop
  endfacet
  facet normal -0.303736 0.583606 0.753093
    outer loop
      vertex -41.8693 -22.782 3
      vertex -41.6639 -22.6751 3
      vertex -42.1066 -22.2732 2.51
    endloop
  endfacet
  facet normal 0.642331 0.14233 0.753095
    outer loop
      vertex -49.7652 -19.1001 3
      vertex -49.2229 -18.9548 2.51
      vertex -49.8153 -18.874 3
    endloop
  endfacet
  facet normal -0.142313 -0.642254 0.753165
    outer loop
      vertex -42.9461 -12.678 2.51
      vertex -42.8007 -12.1356 3
      vertex -43.0268 -12.0855 3
    endloop
  endfacet
  facet normal -0.627493 0.197724 0.753099
    outer loop
      vertex -39.3221 -18.9548 2.51
      vertex -38.8593 -19.3524 3
      vertex -38.7798 -19.1001 3
    endloop
  endfacet
  facet normal -0.627388 0.197898 0.753141
    outer loop
      vertex -38.8593 -19.3524 3
      vertex -39.3221 -18.9548 2.51
      vertex -39.4566 -19.3812 2.51
    endloop
  endfacet
  facet normal -0.554876 0.353439 0.753123
    outer loop
      vertex -39.6144 -20.89 3
      vertex -39.49 -20.6947 3
      vertex -40.0743 -20.5679 2.51
    endloop
  endfacet
  facet normal -0.627373 0.198043 0.753115
    outer loop
      vertex -38.929 -19.5732 3
      vertex -38.8593 -19.3524 3
      vertex -39.4566 -19.3812 2.51
    endloop
  endfacet
  facet normal 0.627461 0.197787 0.753109
    outer loop
      vertex -49.616 -19.5732 3
      vertex -49.0884 -19.3812 2.51
      vertex -49.6856 -19.3524 3
    endloop
  endfacet
  facet normal -0.303939 0.583503 0.753091
    outer loop
      vertex -41.71 -22.0667 2.51
      vertex -41.6639 -22.6751 3
      vertex -41.4293 -22.5529 3
    endloop
  endfacet
  facet normal -0.30383 0.58353 0.753114
    outer loop
      vertex -41.6639 -22.6751 3
      vertex -41.71 -22.0667 2.51
      vertex -42.1066 -22.2732 2.51
    endloop
  endfacet
  facet normal -0.607845 -0.251693 0.75311
    outer loop
      vertex -39.0302 -15.4391 3
      vertex -39.4566 -15.8755 2.51
      vertex -38.929 -15.6835 3
    endloop
  endfacet
  facet normal -0.607807 -0.251745 0.753123
    outer loop
      vertex -39.4566 -15.8755 2.51
      vertex -39.0302 -15.4391 3
      vertex -39.6277 -15.4624 2.51
    endloop
  endfacet
  facet normal -0.028699 0.657236 0.753138
    outer loop
      vertex -44.0412 -23.3047 3
      vertex -44.2725 -22.7533 2.51
      vertex -44.2725 -23.3148 3
    endloop
  endfacet
  facet normal 0.400516 0.521907 0.753127
    outer loop
      vertex -47.744 -22.1254 3
      vertex -47.2121 -21.8265 2.51
      vertex -47.5668 -21.5543 2.51
    endloop
  endfacet
  facet normal 0.400415 0.522032 0.753094
    outer loop
      vertex -47.2121 -21.8265 2.51
      vertex -47.744 -22.1254 3
      vertex -47.5341 -22.2864 3
    endloop
  endfacet
  facet normal 0.353458 0.554906 0.753091
    outer loop
      vertex -47.3388 -22.4108 3
      vertex -47.2121 -21.8265 2.51
      vertex -47.5341 -22.2864 3
    endloop
  endfacet
  facet normal 0.627448 -0.197917 0.753086
    outer loop
      vertex -49.6856 -15.9043 3
      vertex -49.2229 -16.3019 2.51
      vertex -49.0884 -15.8755 2.51
    endloop
  endfacet
  facet normal 0.627427 -0.197952 0.753094
    outer loop
      vertex -49.2229 -16.3019 2.51
      vertex -49.6856 -15.9043 3
      vertex -49.7652 -16.1566 3
    endloop
  endfacet
  facet normal -0.197787 0.627461 0.753109
    outer loop
      vertex -42.3276 -22.9719 3
      vertex -42.5196 -22.4443 2.51
      vertex -42.5484 -23.0415 3
    endloop
  endfacet
  facet normal 0.0858346 0.652286 0.753097
    outer loop
      vertex -45.0304 -23.2586 3
      vertex -45.1624 -22.6755 2.51
      vertex -45.2599 -23.2284 3
    endloop
  endfacet
  facet normal 0.028699 0.657236 0.753138
    outer loop
      vertex -44.2725 -23.3148 3
      vertex -44.2725 -22.7533 2.51
      vertex -44.5038 -23.3047 3
    endloop
  endfacet
  facet normal -0.0858346 0.652286 0.753097
    outer loop
      vertex -43.2851 -23.2284 3
      vertex -43.3826 -22.6755 2.51
      vertex -43.5146 -23.2586 3
    endloop
  endfacet
  facet normal -0.303718 -0.583557 0.753138
    outer loop
      vertex -41.6639 -12.5816 3
      vertex -41.71 -13.19 2.51
      vertex -41.4293 -12.7037 3
    endloop
  endfacet
  facet normal -0.30383 -0.58353 0.753114
    outer loop
      vertex -41.71 -13.19 2.51
      vertex -41.6639 -12.5816 3
      vertex -42.1066 -12.9835 2.51
    endloop
  endfacet
  facet normal -0.142443 0.642316 0.753087
    outer loop
      vertex -43.3826 -22.6755 2.51
      vertex -43.0268 -23.1711 3
      vertex -42.9461 -22.5787 2.51
    endloop
  endfacet
  facet normal -0.142484 0.642296 0.753097
    outer loop
      vertex -43.0268 -23.1711 3
      vertex -43.3826 -22.6755 2.51
      vertex -43.2851 -23.2284 3
    endloop
  endfacet
  facet normal 0.522021 -0.400396 0.753111
    outer loop
      vertex -48.1985 -14.334 2.51
      vertex -48.6286 -13.9731 3
      vertex -48.7695 -14.1568 3
    endloop
  endfacet
  facet normal 0.522021 0.400396 0.753111
    outer loop
      vertex -48.6286 -21.2835 3
      vertex -48.1985 -20.9226 2.51
      vertex -48.7695 -21.0998 3
    endloop
  endfacet
  facet normal -0.353458 0.554906 0.753091
    outer loop
      vertex -41.2062 -22.4108 3
      vertex -41.0109 -22.2864 3
      vertex -41.3329 -21.8265 2.51
    endloop
  endfacet
  facet normal -0.657235 0.0286906 0.753139
    outer loop
      vertex -39.167 -18.075 2.51
      vertex -38.5961 -17.8597 3
      vertex -39.1475 -17.6283 2.51
    endloop
  endfacet
  facet normal -0.657268 0.0288581 0.753104
    outer loop
      vertex -38.5961 -17.8597 3
      vertex -39.167 -18.075 2.51
      vertex -38.6077 -18.1239 3
    endloop
  endfacet
  facet normal 0.48509 0.444482 0.753076
    outer loop
      vertex -48.4721 -21.4542 3
      vertex -47.8964 -21.2523 2.51
      vertex -48.1985 -20.9226 2.51
    endloop
  endfacet
  facet normal 0.485152 0.44437 0.753102
    outer loop
      vertex -47.8964 -21.2523 2.51
      vertex -48.4721 -21.4542 3
      vertex -48.2934 -21.6493 3
    endloop
  endfacet
  facet normal -0.652226 0.0857893 0.753154
    outer loop
      vertex -38.6724 -18.6158 3
      vertex -38.6422 -18.3862 3
      vertex -39.2254 -18.5183 2.51
    endloop
  endfacet
  facet normal -0.657236 0.0286866 0.753139
    outer loop
      vertex -38.5961 -17.8597 3
      vertex -38.586 -17.6283 3
      vertex -39.1475 -17.6283 2.51
    endloop
  endfacet
  facet normal -0.652287 0.0857945 0.753101
    outer loop
      vertex -39.167 -18.075 2.51
      vertex -38.6422 -18.3862 3
      vertex -38.6077 -18.1239 3
    endloop
  endfacet
  facet normal -0.652236 0.0859251 0.75313
    outer loop
      vertex -38.6422 -18.3862 3
      vertex -39.167 -18.075 2.51
      vertex -39.2254 -18.5183 2.51
    endloop
  endfacet
  facet normal -0.627373 -0.198043 0.753115
    outer loop
      vertex -38.8593 -15.9043 3
      vertex -38.929 -15.6835 3
      vertex -39.4566 -15.8755 2.51
    endloop
  endfacet
  facet normal 0.197718 0.627474 0.753117
    outer loop
      vertex -45.5989 -22.5787 2.51
      vertex -45.9966 -23.0415 3
      vertex -45.7443 -23.121 3
    endloop
  endfacet
  facet normal 0.197729 0.627467 0.753119
    outer loop
      vertex -45.9966 -23.0415 3
      vertex -45.5989 -22.5787 2.51
      vertex -46.0254 -22.4443 2.51
    endloop
  endfacet
  facet normal -0.0858035 0.652283 0.753103
    outer loop
      vertex -43.8258 -22.7338 2.51
      vertex -43.5146 -23.2586 3
      vertex -43.3826 -22.6755 2.51
    endloop
  endfacet
  facet normal -0.0860311 0.652195 0.753153
    outer loop
      vertex -43.5146 -23.2586 3
      vertex -43.8258 -22.7338 2.51
      vertex -43.7769 -23.2932 3
    endloop
  endfacet
  facet normal -0.251774 0.607838 0.753089
    outer loop
      vertex -42.0832 -22.8706 3
      vertex -41.8693 -22.782 3
      vertex -42.1066 -22.2732 2.51
    endloop
  endfacet
  facet normal 0.554876 0.353438 0.753123
    outer loop
      vertex -48.7109 -20.1908 2.51
      vertex -49.055 -20.6947 3
      vertex -48.4707 -20.5679 2.51
    endloop
  endfacet
  facet normal 0.554888 0.353427 0.75312
    outer loop
      vertex -49.055 -20.6947 3
      vertex -48.7109 -20.1908 2.51
      vertex -49.1971 -20.4716 3
    endloop
  endfacet
  facet normal 0.652236 0.0859251 0.75313
    outer loop
      vertex -49.378 -18.075 2.51
      vertex -49.9028 -18.3862 3
      vertex -49.3196 -18.5183 2.51
    endloop
  endfacet
  facet normal 0.652287 0.0857945 0.753101
    outer loop
      vertex -49.9028 -18.3862 3
      vertex -49.378 -18.075 2.51
      vertex -49.9373 -18.1239 3
    endloop
  endfacet
  facet normal 0.197926 -0.627347 0.753167
    outer loop
      vertex -45.9966 -12.2152 3
      vertex -45.5989 -12.678 2.51
      vertex -45.7443 -12.1356 3
    endloop
  endfacet
  facet normal 0.197729 -0.627467 0.753119
    outer loop
      vertex -45.5989 -12.678 2.51
      vertex -45.9966 -12.2152 3
      vertex -46.0254 -12.8124 2.51
    endloop
  endfacet
  facet normal 0.485035 -0.444491 0.753106
    outer loop
      vertex -48.4721 -13.8024 3
      vertex -47.8964 -14.0044 2.51
      vertex -48.2934 -13.6074 3
    endloop
  endfacet
  facet normal 0.485008 -0.444541 0.753094
    outer loop
      vertex -47.8964 -14.0044 2.51
      vertex -48.4721 -13.8024 3
      vertex -48.1985 -14.334 2.51
    endloop
  endfacet
  facet normal -0.197729 0.627467 0.753119
    outer loop
      vertex -42.9461 -22.5787 2.51
      vertex -42.5484 -23.0415 3
      vertex -42.5196 -22.4443 2.51
    endloop
  endfacet
  facet normal -0.197718 0.627474 0.753117
    outer loop
      vertex -42.5484 -23.0415 3
      vertex -42.9461 -22.5787 2.51
      vertex -42.8007 -23.121 3
    endloop
  endfacet
  facet normal 0.444443 -0.485061 0.753117
    outer loop
      vertex -48.0984 -13.4287 3
      vertex -47.8964 -14.0044 2.51
      vertex -47.5668 -13.7024 2.51
    endloop
  endfacet
  facet normal 0.444491 -0.485035 0.753106
    outer loop
      vertex -47.8964 -14.0044 2.51
      vertex -48.0984 -13.4287 3
      vertex -48.2934 -13.6074 3
    endloop
  endfacet
  facet normal 0.607807 0.251745 0.753123
    outer loop
      vertex -49.0884 -19.3812 2.51
      vertex -49.5148 -19.8176 3
      vertex -48.9173 -19.7943 2.51
    endloop
  endfacet
  facet normal 0.607845 0.251693 0.75311
    outer loop
      vertex -49.5148 -19.8176 3
      vertex -49.0884 -19.3812 2.51
      vertex -49.616 -19.5732 3
    endloop
  endfacet
  facet normal -0.0285964 0.657219 0.753157
    outer loop
      vertex -43.8258 -22.7338 2.51
      vertex -44.0412 -23.3047 3
      vertex -43.7769 -23.2932 3
    endloop
  endfacet
  facet normal -0.0286907 0.657238 0.753137
    outer loop
      vertex -44.0412 -23.3047 3
      vertex -43.8258 -22.7338 2.51
      vertex -44.2725 -22.7533 2.51
    endloop
  endfacet
  facet normal 0.607804 0.25176 0.753121
    outer loop
      vertex -49.4262 -20.0315 3
      vertex -48.9173 -19.7943 2.51
      vertex -49.5148 -19.8176 3
    endloop
  endfacet
  facet normal 0.400572 0.52188 0.753116
    outer loop
      vertex -47.744 -22.1254 3
      vertex -47.5668 -21.5543 2.51
      vertex -47.9277 -21.9844 3
    endloop
  endfacet
  facet normal 0.652226 -0.0857893 0.753154
    outer loop
      vertex -49.3196 -16.7384 2.51
      vertex -49.8726 -16.6409 3
      vertex -49.9028 -16.8705 3
    endloop
  endfacet
  facet normal 0.521949 0.400548 0.753081
    outer loop
      vertex -48.4707 -20.5679 2.51
      vertex -48.7695 -21.0998 3
      vertex -48.1985 -20.9226 2.51
    endloop
  endfacet
  facet normal 0.521794 0.400672 0.753122
    outer loop
      vertex -48.7695 -21.0998 3
      vertex -48.4707 -20.5679 2.51
      vertex -48.9306 -20.89 3
    endloop
  endfacet
  facet normal -0.142327 0.642317 0.753108
    outer loop
      vertex -42.8007 -23.121 3
      vertex -42.9461 -22.5787 2.51
      vertex -43.0268 -23.1711 3
    endloop
  endfacet
  facet normal -0.642331 0.14233 0.753095
    outer loop
      vertex -38.7798 -19.1001 3
      vertex -38.7297 -18.874 3
      vertex -39.3221 -18.9548 2.51
    endloop
  endfacet
  facet normal 0.400415 -0.522032 0.753094
    outer loop
      vertex -47.744 -13.1313 3
      vertex -47.2121 -13.4302 2.51
      vertex -47.5341 -12.9703 3
    endloop
  endfacet
  facet normal 0.400516 -0.521907 0.753127
    outer loop
      vertex -47.2121 -13.4302 2.51
      vertex -47.744 -13.1313 3
      vertex -47.5668 -13.7024 2.51
    endloop
  endfacet
  facet normal -0.444436 0.485072 0.753115
    outer loop
      vertex -40.6173 -21.9844 3
      vertex -40.4466 -21.828 3
      vertex -40.9782 -21.5543 2.51
    endloop
  endfacet
  facet normal 0.444436 0.485072 0.753115
    outer loop
      vertex -47.9277 -21.9844 3
      vertex -47.5668 -21.5543 2.51
      vertex -48.0984 -21.828 3
    endloop
  endfacet
  facet normal 0.303736 0.583606 0.753093
    outer loop
      vertex -46.6757 -22.782 3
      vertex -46.4384 -22.2732 2.51
      vertex -46.8811 -22.6751 3
    endloop
  endfacet
  facet normal -0.554918 -0.353446 0.753088
    outer loop
      vertex -39.49 -14.562 3
      vertex -39.8341 -15.0658 2.51
      vertex -39.3479 -14.7851 3
    endloop
  endfacet
  facet normal -0.554848 -0.353513 0.753108
    outer loop
      vertex -39.8341 -15.0658 2.51
      vertex -39.49 -14.562 3
      vertex -40.0743 -14.6888 2.51
    endloop
  endfacet
  facet normal 0.197787 0.627461 0.753109
    outer loop
      vertex -45.9966 -23.0415 3
      vertex -46.0254 -22.4443 2.51
      vertex -46.2174 -22.9719 3
    endloop
  endfacet
  facet normal 0.554876 -0.353439 0.753123
    outer loop
      vertex -48.4707 -14.6888 2.51
      vertex -48.9306 -14.3667 3
      vertex -49.055 -14.562 3
    endloop
  endfacet
  facet normal -0.251815 0.60783 0.753082
    outer loop
      vertex -42.5196 -22.4443 2.51
      vertex -42.0832 -22.8706 3
      vertex -42.1066 -22.2732 2.51
    endloop
  endfacet
  facet normal -0.251908 0.607762 0.753105
    outer loop
      vertex -42.0832 -22.8706 3
      vertex -42.5196 -22.4443 2.51
      vertex -42.3276 -22.9719 3
    endloop
  endfacet
  facet normal -0.0857945 -0.652287 0.753101
    outer loop
      vertex -43.8258 -12.5228 2.51
      vertex -43.5146 -11.998 3
      vertex -43.7769 -11.9635 3
    endloop
  endfacet
  facet normal -0.0859436 -0.652229 0.753134
    outer loop
      vertex -43.5146 -11.998 3
      vertex -43.8258 -12.5228 2.51
      vertex -43.3826 -12.5812 2.51
    endloop
  endfacet
  facet normal 0.554876 0.353439 0.753123
    outer loop
      vertex -48.9306 -20.89 3
      vertex -48.4707 -20.5679 2.51
      vertex -49.055 -20.6947 3
    endloop
  endfacet
  facet normal 0.652226 0.0857893 0.753154
    outer loop
      vertex -49.8726 -18.6158 3
      vertex -49.3196 -18.5183 2.51
      vertex -49.9028 -18.3862 3
    endloop
  endfacet
  facet normal 0.0860311 0.652195 0.753153
    outer loop
      vertex -44.7192 -22.7338 2.51
      vertex -45.0304 -23.2586 3
      vertex -44.7681 -23.2932 3
    endloop
  endfacet
  facet normal 0.0858035 0.652283 0.753103
    outer loop
      vertex -45.0304 -23.2586 3
      vertex -44.7192 -22.7338 2.51
      vertex -45.1624 -22.6755 2.51
    endloop
  endfacet
  facet normal -0.485072 0.444436 0.753115
    outer loop
      vertex -40.0728 -21.4542 3
      vertex -39.9164 -21.2835 3
      vertex -40.3465 -20.9226 2.51
    endloop
  endfacet
  facet normal -0.485054 0.444449 0.753119
    outer loop
      vertex -40.6486 -21.2523 2.51
      vertex -40.0728 -21.4542 3
      vertex -40.3465 -20.9226 2.51
    endloop
  endfacet
  facet normal -0.485024 0.444502 0.753106
    outer loop
      vertex -40.0728 -21.4542 3
      vertex -40.6486 -21.2523 2.51
      vertex -40.2516 -21.6493 3
    endloop
  endfacet
  facet normal -0.607825 -0.251651 0.753141
    outer loop
      vertex -39.0302 -15.4391 3
      vertex -39.1188 -15.2251 3
      vertex -39.6277 -15.4624 2.51
    endloop
  endfacet
  facet normal 0.657236 0.0286866 0.753139
    outer loop
      vertex -49.9489 -17.8597 3
      vertex -49.3975 -17.6283 2.51
      vertex -49.959 -17.6283 3
    endloop
  endfacet
  facet normal 0.30383 -0.58353 0.753114
    outer loop
      vertex -46.8811 -12.5816 3
      vertex -46.835 -13.19 2.51
      vertex -46.4384 -12.9835 2.51
    endloop
  endfacet
  facet normal 0.303718 -0.583557 0.753138
    outer loop
      vertex -46.835 -13.19 2.51
      vertex -46.8811 -12.5816 3
      vertex -47.1157 -12.7037 3
    endloop
  endfacet
  facet normal 0.303736 -0.583606 0.753093
    outer loop
      vertex -46.4384 -12.9835 2.51
      vertex -46.6757 -12.4747 3
      vertex -46.8811 -12.5816 3
    endloop
  endfacet
  facet normal 0.642318 -0.142296 0.753114
    outer loop
      vertex -49.8153 -16.3826 3
      vertex -49.3196 -16.7384 2.51
      vertex -49.2229 -16.3019 2.51
    endloop
  endfacet
  facet normal 0.642232 -0.14247 0.753153
    outer loop
      vertex -49.3196 -16.7384 2.51
      vertex -49.8153 -16.3826 3
      vertex -49.8726 -16.6409 3
    endloop
  endfacet
  facet normal 0.583554 -0.303709 0.753144
    outer loop
      vertex -48.9173 -15.4624 2.51
      vertex -49.3193 -15.0197 3
      vertex -49.4262 -15.2251 3
    endloop
  endfacet
  facet normal 0.521988 -0.400466 0.753097
    outer loop
      vertex -48.7695 -14.1568 3
      vertex -48.4707 -14.6888 2.51
      vertex -48.1985 -14.334 2.51
    endloop
  endfacet
  facet normal 0.521883 -0.40055 0.753125
    outer loop
      vertex -48.4707 -14.6888 2.51
      vertex -48.7695 -14.1568 3
      vertex -48.9306 -14.3667 3
    endloop
  endfacet
  facet normal -0.583545 0.303767 0.753127
    outer loop
      vertex -39.8341 -20.1908 2.51
      vertex -39.2257 -20.2369 3
      vertex -39.6277 -19.7943 2.51
    endloop
  endfacet
  facet normal -0.583531 0.303824 0.753115
    outer loop
      vertex -39.2257 -20.2369 3
      vertex -39.8341 -20.1908 2.51
      vertex -39.3479 -20.4716 3
    endloop
  endfacet
  facet normal -0.583581 0.303723 0.753117
    outer loop
      vertex -39.2257 -20.2369 3
      vertex -39.1188 -20.0315 3
      vertex -39.6277 -19.7943 2.51
    endloop
  endfacet
  facet normal -0.607845 0.251693 0.75311
    outer loop
      vertex -39.4566 -19.3812 2.51
      vertex -39.0302 -19.8176 3
      vertex -38.929 -19.5732 3
    endloop
  endfacet
  facet normal -0.607807 0.251745 0.753123
    outer loop
      vertex -39.0302 -19.8176 3
      vertex -39.4566 -19.3812 2.51
      vertex -39.6277 -19.7943 2.51
    endloop
  endfacet
  facet normal -0.444491 -0.485035 0.753106
    outer loop
      vertex -40.4466 -13.4287 3
      vertex -40.6486 -14.0044 2.51
      vertex -40.2516 -13.6074 3
    endloop
  endfacet
  facet normal -0.444443 -0.485061 0.753117
    outer loop
      vertex -40.6486 -14.0044 2.51
      vertex -40.4466 -13.4287 3
      vertex -40.9782 -13.7024 2.51
    endloop
  endfacet
  facet normal -0.554876 -0.353439 0.753123
    outer loop
      vertex -39.49 -14.562 3
      vertex -39.6144 -14.3667 3
      vertex -40.0743 -14.6888 2.51
    endloop
  endfacet
  facet normal -0.353457 0.554907 0.753092
    outer loop
      vertex -41.71 -22.0667 2.51
      vertex -41.2062 -22.4108 3
      vertex -41.3329 -21.8265 2.51
    endloop
  endfacet
  facet normal -0.353446 0.554918 0.753088
    outer loop
      vertex -41.2062 -22.4108 3
      vertex -41.71 -22.0667 2.51
      vertex -41.4293 -22.5529 3
    endloop
  endfacet
  facet normal 0.583581 0.303723 0.753117
    outer loop
      vertex -49.3193 -20.2369 3
      vertex -48.9173 -19.7943 2.51
      vertex -49.4262 -20.0315 3
    endloop
  endfacet
  facet normal 0.484934 0.444594 0.75311
    outer loop
      vertex -48.4721 -21.4542 3
      vertex -48.1985 -20.9226 2.51
      vertex -48.6286 -21.2835 3
    endloop
  endfacet
  facet normal -0.400572 -0.52188 0.753116
    outer loop
      vertex -40.6173 -13.2723 3
      vertex -40.801 -13.1313 3
      vertex -40.9782 -13.7024 2.51
    endloop
  endfacet
  facet normal 0.0286936 -0.657304 0.753079
    outer loop
      vertex -44.5038 -11.952 3
      vertex -44.7192 -12.5228 2.51
      vertex -44.2725 -12.5033 2.51
    endloop
  endfacet
  facet normal 0.0285993 -0.657286 0.753099
    outer loop
      vertex -44.7192 -12.5228 2.51
      vertex -44.5038 -11.952 3
      vertex -44.7681 -11.9635 3
    endloop
  endfacet
  facet normal -0.400415 -0.522032 0.753094
    outer loop
      vertex -41.3329 -13.4302 2.51
      vertex -40.801 -13.1313 3
      vertex -41.0109 -12.9703 3
    endloop
  endfacet
  facet normal -0.400516 -0.521907 0.753127
    outer loop
      vertex -40.801 -13.1313 3
      vertex -41.3329 -13.4302 2.51
      vertex -40.9782 -13.7024 2.51
    endloop
  endfacet
  facet normal 0.583503 -0.303939 0.753091
    outer loop
      vertex -49.3193 -15.0197 3
      vertex -48.7109 -15.0658 2.51
      vertex -49.1971 -14.7851 3
    endloop
  endfacet
  facet normal 0.583562 -0.303699 0.753142
    outer loop
      vertex -48.7109 -15.0658 2.51
      vertex -49.3193 -15.0197 3
      vertex -48.9173 -15.4624 2.51
    endloop
  endfacet
  facet normal 0.444443 0.485061 0.753117
    outer loop
      vertex -47.8964 -21.2523 2.51
      vertex -48.0984 -21.828 3
      vertex -47.5668 -21.5543 2.51
    endloop
  endfacet
  facet normal 0.444491 0.485035 0.753106
    outer loop
      vertex -48.0984 -21.828 3
      vertex -47.8964 -21.2523 2.51
      vertex -48.2934 -21.6493 3
    endloop
  endfacet
  facet normal 0.142327 0.642317 0.753108
    outer loop
      vertex -45.5182 -23.1711 3
      vertex -45.5989 -22.5787 2.51
      vertex -45.7443 -23.121 3
    endloop
  endfacet
  facet normal 0.0286907 0.657238 0.753137
    outer loop
      vertex -44.7192 -22.7338 2.51
      vertex -44.5038 -23.3047 3
      vertex -44.2725 -22.7533 2.51
    endloop
  endfacet
  facet normal 0.0285964 0.657219 0.753157
    outer loop
      vertex -44.5038 -23.3047 3
      vertex -44.7192 -22.7338 2.51
      vertex -44.7681 -23.2932 3
    endloop
  endfacet
  facet normal -0.0285993 -0.657286 0.753099
    outer loop
      vertex -44.0412 -11.952 3
      vertex -43.8258 -12.5228 2.51
      vertex -43.7769 -11.9635 3
    endloop
  endfacet
  facet normal -0.0286936 -0.657304 0.753079
    outer loop
      vertex -43.8258 -12.5228 2.51
      vertex -44.0412 -11.952 3
      vertex -44.2725 -12.5033 2.51
    endloop
  endfacet
  facet normal -0.353657 -0.554772 0.753097
    outer loop
      vertex -41.0109 -12.9703 3
      vertex -41.2062 -12.8458 3
      vertex -41.3329 -13.4302 2.51
    endloop
  endfacet
  facet normal 0.197787 -0.627461 0.753109
    outer loop
      vertex -46.0254 -12.8124 2.51
      vertex -45.9966 -12.2152 3
      vertex -46.2174 -12.2848 3
    endloop
  endfacet
  facet normal 0.400572 -0.52188 0.753116
    outer loop
      vertex -47.5668 -13.7024 2.51
      vertex -47.744 -13.1313 3
      vertex -47.9277 -13.2723 3
    endloop
  endfacet
  facet normal 0.554848 -0.353513 0.753108
    outer loop
      vertex -49.055 -14.562 3
      vertex -48.7109 -15.0658 2.51
      vertex -48.4707 -14.6888 2.51
    endloop
  endfacet
  facet normal 0.554918 -0.353446 0.753088
    outer loop
      vertex -48.7109 -15.0658 2.51
      vertex -49.055 -14.562 3
      vertex -49.1971 -14.7851 3
    endloop
  endfacet
  facet normal -0.142245 -0.642342 0.753102
    outer loop
      vertex -43.3826 -12.5812 2.51
      vertex -43.0268 -12.0855 3
      vertex -43.2851 -12.0283 3
    endloop
  endfacet
  facet normal -0.142428 -0.642252 0.753144
    outer loop
      vertex -43.0268 -12.0855 3
      vertex -43.3826 -12.5812 2.51
      vertex -42.9461 -12.678 2.51
    endloop
  endfacet
  facet normal -0.400516 0.521907 0.753127
    outer loop
      vertex -41.3329 -21.8265 2.51
      vertex -40.801 -22.1254 3
      vertex -40.9782 -21.5543 2.51
    endloop
  endfacet
  facet normal -0.400415 0.522032 0.753094
    outer loop
      vertex -40.801 -22.1254 3
      vertex -41.3329 -21.8265 2.51
      vertex -41.0109 -22.2864 3
    endloop
  endfacet
  facet normal 0.142484 0.642296 0.753097
    outer loop
      vertex -45.1624 -22.6755 2.51
      vertex -45.5182 -23.1711 3
      vertex -45.2599 -23.2284 3
    endloop
  endfacet
  facet normal 0.142443 0.642316 0.753087
    outer loop
      vertex -45.5182 -23.1711 3
      vertex -45.1624 -22.6755 2.51
      vertex -45.5989 -22.5787 2.51
    endloop
  endfacet
  facet normal 0.444436 -0.485072 0.753115
    outer loop
      vertex -47.5668 -13.7024 2.51
      vertex -47.9277 -13.2723 3
      vertex -48.0984 -13.4287 3
    endloop
  endfacet
  facet normal 0.484934 -0.444594 0.75311
    outer loop
      vertex -48.1985 -14.334 2.51
      vertex -48.4721 -13.8024 3
      vertex -48.6286 -13.9731 3
    endloop
  endfacet
  facet normal 0.142245 -0.642342 0.753102
    outer loop
      vertex -45.5182 -12.0855 3
      vertex -45.1624 -12.5812 2.51
      vertex -45.2599 -12.0283 3
    endloop
  endfacet
  facet normal 0.142428 -0.642252 0.753144
    outer loop
      vertex -45.1624 -12.5812 2.51
      vertex -45.5182 -12.0855 3
      vertex -45.5989 -12.678 2.51
    endloop
  endfacet
  facet normal 0.0857945 -0.652287 0.753101
    outer loop
      vertex -45.0304 -11.998 3
      vertex -44.7192 -12.5228 2.51
      vertex -44.7681 -11.9635 3
    endloop
  endfacet
  facet normal 0.0859436 -0.652229 0.753134
    outer loop
      vertex -44.7192 -12.5228 2.51
      vertex -45.0304 -11.998 3
      vertex -45.1624 -12.5812 2.51
    endloop
  endfacet
  facet normal 0.251693 -0.607845 0.75311
    outer loop
      vertex -46.4618 -12.386 3
      vertex -46.0254 -12.8124 2.51
      vertex -46.2174 -12.2848 3
    endloop
  endfacet
  facet normal 0.251792 -0.607773 0.753135
    outer loop
      vertex -46.0254 -12.8124 2.51
      vertex -46.4618 -12.386 3
      vertex -46.4384 -12.9835 2.51
    endloop
  endfacet
  facet normal -0.522021 -0.400396 0.753111
    outer loop
      vertex -39.7755 -14.1568 3
      vertex -39.9164 -13.9731 3
      vertex -40.3465 -14.334 2.51
    endloop
  endfacet
  facet normal 0.642316 -0.14239 0.753097
    outer loop
      vertex -49.2229 -16.3019 2.51
      vertex -49.7652 -16.1566 3
      vertex -49.8153 -16.3826 3
    endloop
  endfacet
  facet normal 0.627448 0.197917 0.753086
    outer loop
      vertex -49.2229 -18.9548 2.51
      vertex -49.6856 -19.3524 3
      vertex -49.0884 -19.3812 2.51
    endloop
  endfacet
  facet normal 0.627427 0.197952 0.753094
    outer loop
      vertex -49.6856 -19.3524 3
      vertex -49.2229 -18.9548 2.51
      vertex -49.7652 -19.1001 3
    endloop
  endfacet
  facet normal -0.522021 0.400396 0.753111
    outer loop
      vertex -39.9164 -21.2835 3
      vertex -39.7755 -21.0998 3
      vertex -40.3465 -20.9226 2.51
    endloop
  endfacet
  facet normal 0.251815 0.60783 0.753082
    outer loop
      vertex -46.4618 -22.8706 3
      vertex -46.0254 -22.4443 2.51
      vertex -46.4384 -22.2732 2.51
    endloop
  endfacet
  facet normal 0.251908 0.607762 0.753105
    outer loop
      vertex -46.0254 -22.4443 2.51
      vertex -46.4618 -22.8706 3
      vertex -46.2174 -22.9719 3
    endloop
  endfacet
  facet normal -0.400572 0.52188 0.753116
    outer loop
      vertex -40.801 -22.1254 3
      vertex -40.6173 -21.9844 3
      vertex -40.9782 -21.5543 2.51
    endloop
  endfacet
  facet normal 0.642332 0.142299 0.753101
    outer loop
      vertex -49.3196 -18.5183 2.51
      vertex -49.8153 -18.874 3
      vertex -49.2229 -18.9548 2.51
    endloop
  endfacet
  facet normal 0.642222 0.142523 0.753152
    outer loop
      vertex -49.8153 -18.874 3
      vertex -49.3196 -18.5183 2.51
      vertex -49.8726 -18.6158 3
    endloop
  endfacet
  facet normal 0.251774 0.607838 0.753089
    outer loop
      vertex -46.4618 -22.8706 3
      vertex -46.4384 -22.2732 2.51
      vertex -46.6757 -22.782 3
    endloop
  endfacet
  facet normal -0.353416 -0.55487 0.753137
    outer loop
      vertex -41.71 -13.19 2.51
      vertex -41.2062 -12.8458 3
      vertex -41.4293 -12.7037 3
    endloop
  endfacet
  facet normal -0.353427 -0.554859 0.753141
    outer loop
      vertex -41.2062 -12.8458 3
      vertex -41.71 -13.19 2.51
      vertex -41.3329 -13.4302 2.51
    endloop
  endfacet
  facet normal 0.30383 0.58353 0.753114
    outer loop
      vertex -46.835 -22.0667 2.51
      vertex -46.8811 -22.6751 3
      vertex -46.4384 -22.2732 2.51
    endloop
  endfacet
  facet normal 0.303939 0.583503 0.753091
    outer loop
      vertex -46.8811 -22.6751 3
      vertex -46.835 -22.0667 2.51
      vertex -47.1157 -22.5529 3
    endloop
  endfacet
  facet normal 0.657266 -0.0288471 0.753107
    outer loop
      vertex -49.9489 -17.397 3
      vertex -49.378 -17.1817 2.51
      vertex -49.9373 -17.1327 3
    endloop
  endfacet
  facet normal 0.657236 -0.0286971 0.753138
    outer loop
      vertex -49.378 -17.1817 2.51
      vertex -49.9489 -17.397 3
      vertex -49.3975 -17.6283 2.51
    endloop
  endfacet
  facet normal 0.142313 -0.642254 0.753165
    outer loop
      vertex -45.5989 -12.678 2.51
      vertex -45.5182 -12.0855 3
      vertex -45.7443 -12.1356 3
    endloop
  endfacet
  facet normal 0.353457 0.554907 0.753092
    outer loop
      vertex -47.3388 -22.4108 3
      vertex -46.835 -22.0667 2.51
      vertex -47.2121 -21.8265 2.51
    endloop
  endfacet
  facet normal 0.353446 0.554918 0.753088
    outer loop
      vertex -46.835 -22.0667 2.51
      vertex -47.3388 -22.4108 3
      vertex -47.1157 -22.5529 3
    endloop
  endfacet
  facet normal -0.197926 -0.627347 0.753167
    outer loop
      vertex -42.9461 -12.678 2.51
      vertex -42.5484 -12.2152 3
      vertex -42.8007 -12.1356 3
    endloop
  endfacet
  facet normal -0.197729 -0.627467 0.753119
    outer loop
      vertex -42.5484 -12.2152 3
      vertex -42.9461 -12.678 2.51
      vertex -42.5196 -12.8124 2.51
    endloop
  endfacet
  facet normal 0.627461 -0.197787 0.753109
    outer loop
      vertex -49.0884 -15.8755 2.51
      vertex -49.616 -15.6835 3
      vertex -49.6856 -15.9043 3
    endloop
  endfacet
  facet normal 0.607825 -0.251651 0.753141
    outer loop
      vertex -48.9173 -15.4624 2.51
      vertex -49.4262 -15.2251 3
      vertex -49.5148 -15.4391 3
    endloop
  endfacet
  facet normal 0.252014 -0.607731 0.753095
    outer loop
      vertex -46.4384 -12.9835 2.51
      vertex -46.4618 -12.386 3
      vertex -46.6757 -12.4747 3
    endloop
  endfacet
  facet normal -0.444436 -0.485072 0.753115
    outer loop
      vertex -40.4466 -13.4287 3
      vertex -40.6173 -13.2723 3
      vertex -40.9782 -13.7024 2.51
    endloop
  endfacet
  facet normal 0.353657 -0.554772 0.753097
    outer loop
      vertex -47.2121 -13.4302 2.51
      vertex -47.3388 -12.8458 3
      vertex -47.5341 -12.9703 3
    endloop
  endfacet
  facet normal 0.353416 -0.55487 0.753137
    outer loop
      vertex -47.3388 -12.8458 3
      vertex -46.835 -13.19 2.51
      vertex -47.1157 -12.7037 3
    endloop
  endfacet
  facet normal 0.353427 -0.554859 0.753141
    outer loop
      vertex -46.835 -13.19 2.51
      vertex -47.3388 -12.8458 3
      vertex -47.2121 -13.4302 2.51
    endloop
  endfacet
  facet normal -0.303736 -0.583606 0.753093
    outer loop
      vertex -41.6639 -12.5816 3
      vertex -41.8693 -12.4747 3
      vertex -42.1066 -12.9835 2.51
    endloop
  endfacet
  facet normal 0.657236 -0.028699 0.753138
    outer loop
      vertex -49.3975 -17.6283 2.51
      vertex -49.9489 -17.397 3
      vertex -49.959 -17.6283 3
    endloop
  endfacet
  facet normal -0.252014 -0.607731 0.753095
    outer loop
      vertex -41.8693 -12.4747 3
      vertex -42.0832 -12.386 3
      vertex -42.1066 -12.9835 2.51
    endloop
  endfacet
  facet normal 0.607807 -0.251745 0.753123
    outer loop
      vertex -49.5148 -15.4391 3
      vertex -49.0884 -15.8755 2.51
      vertex -48.9173 -15.4624 2.51
    endloop
  endfacet
  facet normal 0.607845 -0.251693 0.75311
    outer loop
      vertex -49.0884 -15.8755 2.51
      vertex -49.5148 -15.4391 3
      vertex -49.616 -15.6835 3
    endloop
  endfacet
  facet normal 0.583545 0.303767 0.753127
    outer loop
      vertex -49.3193 -20.2369 3
      vertex -48.7109 -20.1908 2.51
      vertex -48.9173 -19.7943 2.51
    endloop
  endfacet
  facet normal 0.583531 0.303824 0.753115
    outer loop
      vertex -48.7109 -20.1908 2.51
      vertex -49.3193 -20.2369 3
      vertex -49.1971 -20.4716 3
    endloop
  endfacet
  facet normal -0.554888 0.353427 0.75312
    outer loop
      vertex -39.8341 -20.1908 2.51
      vertex -39.49 -20.6947 3
      vertex -39.3479 -20.4716 3
    endloop
  endfacet
  facet normal -0.554876 0.353438 0.753123
    outer loop
      vertex -39.49 -20.6947 3
      vertex -39.8341 -20.1908 2.51
      vertex -40.0743 -20.5679 2.51
    endloop
  endfacet
  facet normal -0.521794 0.400672 0.753122
    outer loop
      vertex -40.0743 -20.5679 2.51
      vertex -39.7755 -21.0998 3
      vertex -39.6144 -20.89 3
    endloop
  endfacet
  facet normal -0.521949 0.400548 0.753081
    outer loop
      vertex -39.7755 -21.0998 3
      vertex -40.0743 -20.5679 2.51
      vertex -40.3465 -20.9226 2.51
    endloop
  endfacet
  facet normal 0.0287019 -0.657302 0.75308
    outer loop
      vertex -44.2725 -12.5033 2.51
      vertex -44.2725 -11.9419 3
      vertex -44.5038 -11.952 3
    endloop
  endfacet
  facet normal -0.086113 -0.652242 0.753103
    outer loop
      vertex -43.3826 -12.5812 2.51
      vertex -43.2851 -12.0283 3
      vertex -43.5146 -11.998 3
    endloop
  endfacet
  facet normal -0.521883 -0.40055 0.753125
    outer loop
      vertex -39.7755 -14.1568 3
      vertex -40.0743 -14.6888 2.51
      vertex -39.6144 -14.3667 3
    endloop
  endfacet
  facet normal -0.521988 -0.400466 0.753097
    outer loop
      vertex -40.0743 -14.6888 2.51
      vertex -39.7755 -14.1568 3
      vertex -40.3465 -14.334 2.51
    endloop
  endfacet
  facet normal 0.652236 -0.0859251 0.75313
    outer loop
      vertex -49.9028 -16.8705 3
      vertex -49.378 -17.1817 2.51
      vertex -49.3196 -16.7384 2.51
    endloop
  endfacet
  facet normal 0.652275 -0.0858256 0.753108
    outer loop
      vertex -49.378 -17.1817 2.51
      vertex -49.9028 -16.8705 3
      vertex -49.9373 -17.1327 3
    endloop
  endfacet
  facet normal -0.0287019 -0.657302 0.75308
    outer loop
      vertex -44.0412 -11.952 3
      vertex -44.2725 -11.9419 3
      vertex -44.2725 -12.5033 2.51
    endloop
  endfacet
  facet normal -0.583503 -0.303939 0.753091
    outer loop
      vertex -39.8341 -15.0658 2.51
      vertex -39.2257 -15.0197 3
      vertex -39.3479 -14.7851 3
    endloop
  endfacet
  facet normal -0.583562 -0.303699 0.753142
    outer loop
      vertex -39.2257 -15.0197 3
      vertex -39.8341 -15.0658 2.51
      vertex -39.6277 -15.4624 2.51
    endloop
  endfacet
  facet normal -0.485072 -0.444436 0.753115
    outer loop
      vertex -39.9164 -13.9731 3
      vertex -40.0728 -13.8024 3
      vertex -40.3465 -14.334 2.51
    endloop
  endfacet
  facet normal -0.642316 -0.14239 0.753097
    outer loop
      vertex -38.7297 -16.3826 3
      vertex -38.7798 -16.1566 3
      vertex -39.3221 -16.3019 2.51
    endloop
  endfacet
  facet normal -0.251693 -0.607845 0.75311
    outer loop
      vertex -42.5196 -12.8124 2.51
      vertex -42.0832 -12.386 3
      vertex -42.3276 -12.2848 3
    endloop
  endfacet
  facet normal -0.251792 -0.607773 0.753135
    outer loop
      vertex -42.0832 -12.386 3
      vertex -42.5196 -12.8124 2.51
      vertex -42.1066 -12.9835 2.51
    endloop
  endfacet
  facet normal -0.197787 -0.627461 0.753109
    outer loop
      vertex -42.5196 -12.8124 2.51
      vertex -42.3276 -12.2848 3
      vertex -42.5484 -12.2152 3
    endloop
  endfacet
  facet normal 0.657235 0.0286906 0.753139
    outer loop
      vertex -49.9489 -17.8597 3
      vertex -49.378 -18.075 2.51
      vertex -49.3975 -17.6283 2.51
    endloop
  endfacet
  facet normal 0.657268 0.0288581 0.753104
    outer loop
      vertex -49.378 -18.075 2.51
      vertex -49.9489 -17.8597 3
      vertex -49.9373 -18.1239 3
    endloop
  endfacet
  facet normal -0.642232 -0.14247 0.753153
    outer loop
      vertex -38.7297 -16.3826 3
      vertex -39.2254 -16.7384 2.51
      vertex -38.6724 -16.6409 3
    endloop
  endfacet
  facet normal -0.642318 -0.142296 0.753114
    outer loop
      vertex -39.2254 -16.7384 2.51
      vertex -38.7297 -16.3826 3
      vertex -39.3221 -16.3019 2.51
    endloop
  endfacet
  facet normal -0.484908 -0.444623 0.75311
    outer loop
      vertex -40.6486 -14.0044 2.51
      vertex -40.0728 -13.8024 3
      vertex -40.2516 -13.6074 3
    endloop
  endfacet
  facet normal -0.484971 -0.444508 0.753137
    outer loop
      vertex -40.0728 -13.8024 3
      vertex -40.6486 -14.0044 2.51
      vertex -40.3465 -14.334 2.51
    endloop
  endfacet
  facet normal -0.583554 -0.303709 0.753144
    outer loop
      vertex -39.1188 -15.2251 3
      vertex -39.2257 -15.0197 3
      vertex -39.6277 -15.4624 2.51
    endloop
  endfacet
  facet normal -0.627493 -0.197724 0.753099
    outer loop
      vertex -38.8593 -15.9043 3
      vertex -39.3221 -16.3019 2.51
      vertex -38.7798 -16.1566 3
    endloop
  endfacet
  facet normal -0.627388 -0.197898 0.753141
    outer loop
      vertex -39.3221 -16.3019 2.51
      vertex -38.8593 -15.9043 3
      vertex -39.4566 -15.8755 2.51
    endloop
  endfacet
  facet normal -0.652226 -0.0857893 0.753154
    outer loop
      vertex -38.6422 -16.8705 3
      vertex -38.6724 -16.6409 3
      vertex -39.2254 -16.7384 2.51
    endloop
  endfacet
  facet normal -0.652275 -0.0858256 0.753108
    outer loop
      vertex -38.6422 -16.8705 3
      vertex -39.167 -17.1817 2.51
      vertex -38.6077 -17.1327 3
    endloop
  endfacet
  facet normal -0.652236 -0.0859251 0.75313
    outer loop
      vertex -39.167 -17.1817 2.51
      vertex -38.6422 -16.8705 3
      vertex -39.2254 -16.7384 2.51
    endloop
  endfacet
  facet normal -0.991434 -0.130611 0
    outer loop
      vertex -39.167 18.075 0
      vertex -39.2254 18.5183 2.51
      vertex -39.2254 18.5183 0
    endloop
  endfacet
  facet normal -0.991434 -0.130611 0
    outer loop
      vertex -39.2254 18.5183 2.51
      vertex -39.167 18.075 0
      vertex -39.167 18.075 2.51
    endloop
  endfacet
  facet normal -0.999049 -0.0436119 0
    outer loop
      vertex -39.1475 17.6283 0
      vertex -39.167 18.075 2.51
      vertex -39.167 18.075 0
    endloop
  endfacet
  facet normal -0.999049 -0.0436119 0
    outer loop
      vertex -39.167 18.075 2.51
      vertex -39.1475 17.6283 0
      vertex -39.1475 17.6283 2.51
    endloop
  endfacet
  facet normal -0.976329 -0.216291 0
    outer loop
      vertex -39.2254 18.5183 0
      vertex -39.3221 18.9548 2.51
      vertex -39.3221 18.9548 0
    endloop
  endfacet
  facet normal -0.976329 -0.216291 0
    outer loop
      vertex -39.3221 18.9548 2.51
      vertex -39.2254 18.5183 0
      vertex -39.2254 18.5183 2.51
    endloop
  endfacet
  facet normal 0.843367 0.537339 0
    outer loop
      vertex -48.4707 14.6888 2.51
      vertex -48.7109 15.0658 0
      vertex -48.7109 15.0658 2.51
    endloop
  endfacet
  facet normal 0.843367 0.537339 0
    outer loop
      vertex -48.7109 15.0658 0
      vertex -48.4707 14.6888 2.51
      vertex -48.4707 14.6888 0
    endloop
  endfacet
  facet normal 0.843431 -0.537237 0
    outer loop
      vertex -48.7109 20.1908 2.51
      vertex -48.4707 20.5679 0
      vertex -48.4707 20.5679 2.51
    endloop
  endfacet
  facet normal 0.843431 -0.537237 0
    outer loop
      vertex -48.4707 20.5679 0
      vertex -48.7109 20.1908 2.51
      vertex -48.7109 20.1908 0
    endloop
  endfacet
  facet normal -0.216504 -0.976282 0
    outer loop
      vertex -43.3826 22.6755 0
      vertex -42.9461 22.5787 2.51
      vertex -43.3826 22.6755 2.51
    endloop
  endfacet
  facet normal -0.216504 -0.976282 -0
    outer loop
      vertex -42.9461 22.5787 2.51
      vertex -43.3826 22.6755 0
      vertex -42.9461 22.5787 0
    endloop
  endfacet
  facet normal 0.38274 0.923856 -0
    outer loop
      vertex -46.0254 12.8124 0
      vertex -46.4384 12.9835 2.51
      vertex -46.0254 12.8124 2.51
    endloop
  endfacet
  facet normal 0.38274 0.923856 0
    outer loop
      vertex -46.4384 12.9835 2.51
      vertex -46.0254 12.8124 0
      vertex -46.4384 12.9835 0
    endloop
  endfacet
  facet normal -0.976329 0.216291 0
    outer loop
      vertex -39.3221 16.3019 0
      vertex -39.2254 16.7384 2.51
      vertex -39.2254 16.7384 0
    endloop
  endfacet
  facet normal -0.976329 0.216291 0
    outer loop
      vertex -39.2254 16.7384 2.51
      vertex -39.3221 16.3019 0
      vertex -39.3221 16.3019 2.51
    endloop
  endfacet
  facet normal 0.923889 0.382661 0
    outer loop
      vertex -48.9173 15.4624 2.51
      vertex -49.0884 15.8755 0
      vertex -49.0884 15.8755 2.51
    endloop
  endfacet
  facet normal 0.923889 0.382661 0
    outer loop
      vertex -49.0884 15.8755 0
      vertex -48.9173 15.4624 2.51
      vertex -48.9173 15.4624 0
    endloop
  endfacet
  facet normal -0.13064 0.99143 0
    outer loop
      vertex -43.3826 12.5812 0
      vertex -43.8258 12.5228 2.51
      vertex -43.3826 12.5812 2.51
    endloop
  endfacet
  facet normal -0.13064 0.99143 0
    outer loop
      vertex -43.8258 12.5228 2.51
      vertex -43.3826 12.5812 0
      vertex -43.8258 12.5228 0
    endloop
  endfacet
  facet normal 0.300553 0.953765 -0
    outer loop
      vertex -45.5989 12.678 0
      vertex -46.0254 12.8124 2.51
      vertex -45.5989 12.678 2.51
    endloop
  endfacet
  facet normal 0.300553 0.953765 0
    outer loop
      vertex -46.0254 12.8124 2.51
      vertex -45.5989 12.678 0
      vertex -46.0254 12.8124 0
    endloop
  endfacet
  facet normal 0.608802 0.793322 -0
    outer loop
      vertex -47.2121 13.4302 0
      vertex -47.5668 13.7024 2.51
      vertex -47.2121 13.4302 2.51
    endloop
  endfacet
  facet normal 0.608802 0.793322 0
    outer loop
      vertex -47.5668 13.7024 2.51
      vertex -47.2121 13.4302 0
      vertex -47.5668 13.7024 0
    endloop
  endfacet
  facet normal 0.537237 0.843431 -0
    outer loop
      vertex -46.835 13.19 0
      vertex -47.2121 13.4302 2.51
      vertex -46.835 13.19 2.51
    endloop
  endfacet
  facet normal 0.537237 0.843431 0
    outer loop
      vertex -47.2121 13.4302 2.51
      vertex -46.835 13.19 0
      vertex -47.2121 13.4302 0
    endloop
  endfacet
  facet normal 0.216504 0.976282 -0
    outer loop
      vertex -45.1624 12.5812 0
      vertex -45.5989 12.678 2.51
      vertex -45.1624 12.5812 2.51
    endloop
  endfacet
  facet normal 0.216504 0.976282 0
    outer loop
      vertex -45.5989 12.678 2.51
      vertex -45.1624 12.5812 0
      vertex -45.5989 12.678 0
    endloop
  endfacet
  facet normal 0.953681 0.300821 0
    outer loop
      vertex -49.0884 15.8755 2.51
      vertex -49.2229 16.3019 0
      vertex -49.2229 16.3019 2.51
    endloop
  endfacet
  facet normal 0.953681 0.300821 0
    outer loop
      vertex -49.2229 16.3019 0
      vertex -49.0884 15.8755 2.51
      vertex -49.0884 15.8755 0
    endloop
  endfacet
  facet normal 0.608802 -0.793322 0
    outer loop
      vertex -47.5668 21.5543 0
      vertex -47.2121 21.8265 2.51
      vertex -47.5668 21.5543 2.51
    endloop
  endfacet
  facet normal 0.608802 -0.793322 0
    outer loop
      vertex -47.2121 21.8265 2.51
      vertex -47.5668 21.5543 0
      vertex -47.2121 21.8265 0
    endloop
  endfacet
  facet normal 0.923889 -0.382661 0
    outer loop
      vertex -49.0884 19.3812 2.51
      vertex -48.9173 19.7943 0
      vertex -48.9173 19.7943 2.51
    endloop
  endfacet
  facet normal 0.923889 -0.382661 0
    outer loop
      vertex -48.9173 19.7943 0
      vertex -49.0884 19.3812 2.51
      vertex -49.0884 19.3812 0
    endloop
  endfacet
  facet normal -0.991434 0.130611 0
    outer loop
      vertex -39.2254 16.7384 0
      vertex -39.167 17.1817 2.51
      vertex -39.167 17.1817 0
    endloop
  endfacet
  facet normal -0.991434 0.130611 0
    outer loop
      vertex -39.167 17.1817 2.51
      vertex -39.2254 16.7384 0
      vertex -39.2254 16.7384 2.51
    endloop
  endfacet
  facet normal -0.0436119 -0.999049 0
    outer loop
      vertex -44.2725 22.7533 0
      vertex -43.8258 22.7338 2.51
      vertex -44.2725 22.7533 2.51
    endloop
  endfacet
  facet normal -0.0436119 -0.999049 -0
    outer loop
      vertex -43.8258 22.7338 2.51
      vertex -44.2725 22.7533 0
      vertex -43.8258 22.7338 0
    endloop
  endfacet
  facet normal -0.608802 -0.793322 0
    outer loop
      vertex -41.3329 21.8265 0
      vertex -40.9782 21.5543 2.51
      vertex -41.3329 21.8265 2.51
    endloop
  endfacet
  facet normal -0.608802 -0.793322 -0
    outer loop
      vertex -40.9782 21.5543 2.51
      vertex -41.3329 21.8265 0
      vertex -40.9782 21.5543 0
    endloop
  endfacet
  facet normal -0.537237 -0.843431 0
    outer loop
      vertex -41.71 22.0667 0
      vertex -41.3329 21.8265 2.51
      vertex -41.71 22.0667 2.51
    endloop
  endfacet
  facet normal -0.537237 -0.843431 -0
    outer loop
      vertex -41.3329 21.8265 2.51
      vertex -41.71 22.0667 0
      vertex -41.3329 21.8265 0
    endloop
  endfacet
  facet normal 0.976329 -0.216291 0
    outer loop
      vertex -49.3196 18.5183 2.51
      vertex -49.2229 18.9548 0
      vertex -49.2229 18.9548 2.51
    endloop
  endfacet
  facet normal 0.976329 -0.216291 0
    outer loop
      vertex -49.2229 18.9548 0
      vertex -49.3196 18.5183 2.51
      vertex -49.3196 18.5183 0
    endloop
  endfacet
  facet normal -0.953681 -0.300821 0
    outer loop
      vertex -39.3221 18.9548 0
      vertex -39.4566 19.3812 2.51
      vertex -39.4566 19.3812 0
    endloop
  endfacet
  facet normal -0.953681 -0.300821 0
    outer loop
      vertex -39.4566 19.3812 2.51
      vertex -39.3221 18.9548 0
      vertex -39.3221 18.9548 2.51
    endloop
  endfacet
  facet normal 0.793405 0.608694 0
    outer loop
      vertex -48.1985 14.334 2.51
      vertex -48.4707 14.6888 0
      vertex -48.4707 14.6888 2.51
    endloop
  endfacet
  facet normal 0.793405 0.608694 0
    outer loop
      vertex -48.4707 14.6888 0
      vertex -48.1985 14.334 2.51
      vertex -48.1985 14.334 0
    endloop
  endfacet
  facet normal 0.13042 -0.991459 0
    outer loop
      vertex -45.1624 22.6755 0
      vertex -44.7192 22.7338 2.51
      vertex -45.1624 22.6755 2.51
    endloop
  endfacet
  facet normal 0.13042 -0.991459 0
    outer loop
      vertex -44.7192 22.7338 2.51
      vertex -45.1624 22.6755 0
      vertex -44.7192 22.7338 0
    endloop
  endfacet
  facet normal -0.300553 -0.953765 0
    outer loop
      vertex -42.9461 22.5787 0
      vertex -42.5196 22.4443 2.51
      vertex -42.9461 22.5787 2.51
    endloop
  endfacet
  facet normal -0.300553 -0.953765 -0
    outer loop
      vertex -42.5196 22.4443 2.51
      vertex -42.9461 22.5787 0
      vertex -42.5196 22.4443 0
    endloop
  endfacet
  facet normal 0.991434 -0.130611 0
    outer loop
      vertex -49.378 18.075 2.51
      vertex -49.3196 18.5183 0
      vertex -49.3196 18.5183 2.51
    endloop
  endfacet
  facet normal 0.991434 -0.130611 0
    outer loop
      vertex -49.3196 18.5183 0
      vertex -49.378 18.075 2.51
      vertex -49.378 18.075 0
    endloop
  endfacet
  facet normal -0.13042 -0.991459 0
    outer loop
      vertex -43.8258 22.7338 0
      vertex -43.3826 22.6755 2.51
      vertex -43.8258 22.7338 2.51
    endloop
  endfacet
  facet normal -0.13042 -0.991459 -0
    outer loop
      vertex -43.3826 22.6755 2.51
      vertex -43.8258 22.7338 0
      vertex -43.3826 22.6755 0
    endloop
  endfacet
  facet normal -0.843431 -0.537237 0
    outer loop
      vertex -39.8341 20.1908 0
      vertex -40.0743 20.5679 2.51
      vertex -40.0743 20.5679 0
    endloop
  endfacet
  facet normal -0.843431 -0.537237 0
    outer loop
      vertex -40.0743 20.5679 2.51
      vertex -39.8341 20.1908 0
      vertex -39.8341 20.1908 2.51
    endloop
  endfacet
  facet normal 0.675563 0.737303 -0
    outer loop
      vertex -47.5668 13.7024 0
      vertex -47.8964 14.0044 2.51
      vertex -47.5668 13.7024 2.51
    endloop
  endfacet
  facet normal 0.675563 0.737303 0
    outer loop
      vertex -47.8964 14.0044 2.51
      vertex -47.5668 13.7024 0
      vertex -47.8964 14.0044 0
    endloop
  endfacet
  facet normal -0.537237 0.843431 0
    outer loop
      vertex -41.3329 13.4302 0
      vertex -41.71 13.19 2.51
      vertex -41.3329 13.4302 2.51
    endloop
  endfacet
  facet normal -0.537237 0.843431 0
    outer loop
      vertex -41.71 13.19 2.51
      vertex -41.3329 13.4302 0
      vertex -41.71 13.19 0
    endloop
  endfacet
  facet normal -0.999048 0.0436217 0
    outer loop
      vertex -39.167 17.1817 0
      vertex -39.1475 17.6283 2.51
      vertex -39.1475 17.6283 0
    endloop
  endfacet
  facet normal -0.999048 0.0436217 0
    outer loop
      vertex -39.1475 17.6283 2.51
      vertex -39.167 17.1817 0
      vertex -39.167 17.1817 2.51
    endloop
  endfacet
  facet normal 0.38274 -0.923856 0
    outer loop
      vertex -46.4384 22.2732 0
      vertex -46.0254 22.4443 2.51
      vertex -46.4384 22.2732 2.51
    endloop
  endfacet
  facet normal 0.38274 -0.923856 0
    outer loop
      vertex -46.0254 22.4443 2.51
      vertex -46.4384 22.2732 0
      vertex -46.0254 22.4443 0
    endloop
  endfacet
  facet normal -0.461824 0.886971 0
    outer loop
      vertex -41.71 13.19 0
      vertex -42.1066 12.9835 2.51
      vertex -41.71 13.19 2.51
    endloop
  endfacet
  facet normal -0.461824 0.886971 0
    outer loop
      vertex -42.1066 12.9835 2.51
      vertex -41.71 13.19 0
      vertex -42.1066 12.9835 0
    endloop
  endfacet
  facet normal 0.976329 0.216291 0
    outer loop
      vertex -49.2229 16.3019 2.51
      vertex -49.3196 16.7384 0
      vertex -49.3196 16.7384 2.51
    endloop
  endfacet
  facet normal 0.976329 0.216291 0
    outer loop
      vertex -49.3196 16.7384 0
      vertex -49.2229 16.3019 2.51
      vertex -49.2229 16.3019 0
    endloop
  endfacet
  facet normal -0.461824 -0.886971 0
    outer loop
      vertex -42.1066 22.2732 0
      vertex -41.71 22.0667 2.51
      vertex -42.1066 22.2732 2.51
    endloop
  endfacet
  facet normal -0.461824 -0.886971 -0
    outer loop
      vertex -41.71 22.0667 2.51
      vertex -42.1066 22.2732 0
      vertex -41.71 22.0667 0
    endloop
  endfacet
  facet normal 0.793322 -0.608802 0
    outer loop
      vertex -48.4707 20.5679 2.51
      vertex -48.1985 20.9226 0
      vertex -48.1985 20.9226 2.51
    endloop
  endfacet
  facet normal 0.793322 -0.608802 0
    outer loop
      vertex -48.1985 20.9226 0
      vertex -48.4707 20.5679 2.51
      vertex -48.4707 20.5679 0
    endloop
  endfacet
  facet normal 0.216504 -0.976282 0
    outer loop
      vertex -45.5989 22.5787 0
      vertex -45.1624 22.6755 2.51
      vertex -45.5989 22.5787 2.51
    endloop
  endfacet
  facet normal 0.216504 -0.976282 0
    outer loop
      vertex -45.1624 22.6755 2.51
      vertex -45.5989 22.5787 0
      vertex -45.1624 22.6755 0
    endloop
  endfacet
  facet normal -0.0436119 0.999049 0
    outer loop
      vertex -43.8258 12.5228 0
      vertex -44.2725 12.5033 2.51
      vertex -43.8258 12.5228 2.51
    endloop
  endfacet
  facet normal -0.0436119 0.999049 0
    outer loop
      vertex -44.2725 12.5033 2.51
      vertex -43.8258 12.5228 0
      vertex -44.2725 12.5033 0
    endloop
  endfacet
  facet normal 0.887063 0.461648 0
    outer loop
      vertex -48.7109 15.0658 2.51
      vertex -48.9173 15.4624 0
      vertex -48.9173 15.4624 2.51
    endloop
  endfacet
  facet normal 0.887063 0.461648 0
    outer loop
      vertex -48.9173 15.4624 0
      vertex -48.7109 15.0658 2.51
      vertex -48.7109 15.0658 0
    endloop
  endfacet
  facet normal -0.887063 0.461648 0
    outer loop
      vertex -39.8341 15.0658 0
      vertex -39.6277 15.4624 2.51
      vertex -39.6277 15.4624 0
    endloop
  endfacet
  facet normal -0.887063 0.461648 0
    outer loop
      vertex -39.6277 15.4624 2.51
      vertex -39.8341 15.0658 0
      vertex -39.8341 15.0658 2.51
    endloop
  endfacet
  facet normal -0.953681 0.300821 0
    outer loop
      vertex -39.4566 15.8755 0
      vertex -39.3221 16.3019 2.51
      vertex -39.3221 16.3019 0
    endloop
  endfacet
  facet normal -0.953681 0.300821 0
    outer loop
      vertex -39.3221 16.3019 2.51
      vertex -39.4566 15.8755 0
      vertex -39.4566 15.8755 2.51
    endloop
  endfacet
  facet normal -0.38274 -0.923856 0
    outer loop
      vertex -42.5196 22.4443 0
      vertex -42.1066 22.2732 2.51
      vertex -42.5196 22.4443 2.51
    endloop
  endfacet
  facet normal -0.38274 -0.923856 -0
    outer loop
      vertex -42.1066 22.2732 2.51
      vertex -42.5196 22.4443 0
      vertex -42.1066 22.2732 0
    endloop
  endfacet
  facet normal 0.953681 -0.300821 0
    outer loop
      vertex -49.2229 18.9548 2.51
      vertex -49.0884 19.3812 0
      vertex -49.0884 19.3812 2.51
    endloop
  endfacet
  facet normal 0.953681 -0.300821 0
    outer loop
      vertex -49.0884 19.3812 0
      vertex -49.2229 18.9548 2.51
      vertex -49.2229 18.9548 0
    endloop
  endfacet
  facet normal -0.923889 -0.382661 0
    outer loop
      vertex -39.4566 19.3812 0
      vertex -39.6277 19.7943 2.51
      vertex -39.6277 19.7943 0
    endloop
  endfacet
  facet normal -0.923889 -0.382661 0
    outer loop
      vertex -39.6277 19.7943 2.51
      vertex -39.4566 19.3812 0
      vertex -39.4566 19.3812 2.51
    endloop
  endfacet
  facet normal -0.675563 -0.737303 0
    outer loop
      vertex -40.9782 21.5543 0
      vertex -40.6486 21.2523 2.51
      vertex -40.9782 21.5543 2.51
    endloop
  endfacet
  facet normal -0.675563 -0.737303 -0
    outer loop
      vertex -40.6486 21.2523 2.51
      vertex -40.9782 21.5543 0
      vertex -40.6486 21.2523 0
    endloop
  endfacet
  facet normal -0.923889 0.382661 0
    outer loop
      vertex -39.6277 15.4624 0
      vertex -39.4566 15.8755 2.51
      vertex -39.4566 15.8755 0
    endloop
  endfacet
  facet normal -0.923889 0.382661 0
    outer loop
      vertex -39.4566 15.8755 2.51
      vertex -39.6277 15.4624 0
      vertex -39.6277 15.4624 2.51
    endloop
  endfacet
  facet normal -0.843367 0.537339 0
    outer loop
      vertex -40.0743 14.6888 0
      vertex -39.8341 15.0658 2.51
      vertex -39.8341 15.0658 0
    endloop
  endfacet
  facet normal -0.843367 0.537339 0
    outer loop
      vertex -39.8341 15.0658 2.51
      vertex -40.0743 14.6888 0
      vertex -40.0743 14.6888 2.51
    endloop
  endfacet
  facet normal -0.887015 -0.46174 0
    outer loop
      vertex -39.6277 19.7943 0
      vertex -39.8341 20.1908 2.51
      vertex -39.8341 20.1908 0
    endloop
  endfacet
  facet normal -0.887015 -0.46174 0
    outer loop
      vertex -39.8341 20.1908 2.51
      vertex -39.6277 19.7943 0
      vertex -39.6277 19.7943 2.51
    endloop
  endfacet
  facet normal 0.887015 -0.46174 0
    outer loop
      vertex -48.9173 19.7943 2.51
      vertex -48.7109 20.1908 0
      vertex -48.7109 20.1908 2.51
    endloop
  endfacet
  facet normal 0.887015 -0.46174 0
    outer loop
      vertex -48.7109 20.1908 0
      vertex -48.9173 19.7943 2.51
      vertex -48.9173 19.7943 0
    endloop
  endfacet
  facet normal 0.675563 -0.737303 0
    outer loop
      vertex -47.8964 21.2523 0
      vertex -47.5668 21.5543 2.51
      vertex -47.8964 21.2523 2.51
    endloop
  endfacet
  facet normal 0.675563 -0.737303 0
    outer loop
      vertex -47.5668 21.5543 2.51
      vertex -47.8964 21.2523 0
      vertex -47.5668 21.5543 0
    endloop
  endfacet
  facet normal 0.0436119 0.999049 -0
    outer loop
      vertex -44.2725 12.5033 0
      vertex -44.7192 12.5228 2.51
      vertex -44.2725 12.5033 2.51
    endloop
  endfacet
  facet normal 0.0436119 0.999049 0
    outer loop
      vertex -44.7192 12.5228 2.51
      vertex -44.2725 12.5033 0
      vertex -44.7192 12.5228 0
    endloop
  endfacet
  facet normal 0.300553 -0.953765 0
    outer loop
      vertex -46.0254 22.4443 0
      vertex -45.5989 22.5787 2.51
      vertex -46.0254 22.4443 2.51
    endloop
  endfacet
  facet normal 0.300553 -0.953765 0
    outer loop
      vertex -45.5989 22.5787 2.51
      vertex -46.0254 22.4443 0
      vertex -45.5989 22.5787 0
    endloop
  endfacet
  facet normal 0.999048 0.0436217 0
    outer loop
      vertex -49.378 17.1817 2.51
      vertex -49.3975 17.6283 0
      vertex -49.3975 17.6283 2.51
    endloop
  endfacet
  facet normal 0.999048 0.0436217 0
    outer loop
      vertex -49.3975 17.6283 0
      vertex -49.378 17.1817 2.51
      vertex -49.378 17.1817 0
    endloop
  endfacet
  facet normal 0.0436119 -0.999049 0
    outer loop
      vertex -44.7192 22.7338 0
      vertex -44.2725 22.7533 2.51
      vertex -44.7192 22.7338 2.51
    endloop
  endfacet
  facet normal 0.0436119 -0.999049 0
    outer loop
      vertex -44.2725 22.7533 2.51
      vertex -44.7192 22.7338 0
      vertex -44.2725 22.7533 0
    endloop
  endfacet
  facet normal -0.38274 0.923856 0
    outer loop
      vertex -42.1066 12.9835 0
      vertex -42.5196 12.8124 2.51
      vertex -42.1066 12.9835 2.51
    endloop
  endfacet
  facet normal -0.38274 0.923856 0
    outer loop
      vertex -42.5196 12.8124 2.51
      vertex -42.1066 12.9835 0
      vertex -42.5196 12.8124 0
    endloop
  endfacet
  facet normal -0.300553 0.953765 0
    outer loop
      vertex -42.5196 12.8124 0
      vertex -42.9461 12.678 2.51
      vertex -42.5196 12.8124 2.51
    endloop
  endfacet
  facet normal -0.300553 0.953765 0
    outer loop
      vertex -42.9461 12.678 2.51
      vertex -42.5196 12.8124 0
      vertex -42.9461 12.678 0
    endloop
  endfacet
  facet normal -0.793405 0.608694 0
    outer loop
      vertex -40.3465 14.334 0
      vertex -40.0743 14.6888 2.51
      vertex -40.0743 14.6888 0
    endloop
  endfacet
  facet normal -0.793405 0.608694 0
    outer loop
      vertex -40.0743 14.6888 2.51
      vertex -40.3465 14.334 0
      vertex -40.3465 14.334 2.51
    endloop
  endfacet
  facet normal 0.737191 0.675684 0
    outer loop
      vertex -47.8964 14.0044 2.51
      vertex -48.1985 14.334 0
      vertex -48.1985 14.334 2.51
    endloop
  endfacet
  facet normal 0.737191 0.675684 0
    outer loop
      vertex -48.1985 14.334 0
      vertex -47.8964 14.0044 2.51
      vertex -47.8964 14.0044 0
    endloop
  endfacet
  facet normal 0.991434 0.130611 0
    outer loop
      vertex -49.3196 16.7384 2.51
      vertex -49.378 17.1817 0
      vertex -49.378 17.1817 2.51
    endloop
  endfacet
  facet normal 0.991434 0.130611 0
    outer loop
      vertex -49.378 17.1817 0
      vertex -49.3196 16.7384 2.51
      vertex -49.3196 16.7384 0
    endloop
  endfacet
  facet normal -0.216504 0.976282 0
    outer loop
      vertex -42.9461 12.678 0
      vertex -43.3826 12.5812 2.51
      vertex -42.9461 12.678 2.51
    endloop
  endfacet
  facet normal -0.216504 0.976282 0
    outer loop
      vertex -43.3826 12.5812 2.51
      vertex -42.9461 12.678 0
      vertex -43.3826 12.5812 0
    endloop
  endfacet
  facet normal 0.537237 -0.843431 0
    outer loop
      vertex -47.2121 21.8265 0
      vertex -46.835 22.0667 2.51
      vertex -47.2121 21.8265 2.51
    endloop
  endfacet
  facet normal 0.537237 -0.843431 0
    outer loop
      vertex -46.835 22.0667 2.51
      vertex -47.2121 21.8265 0
      vertex -46.835 22.0667 0
    endloop
  endfacet
  facet normal -0.737293 -0.675573 0
    outer loop
      vertex -40.3465 20.9226 0
      vertex -40.6486 21.2523 2.51
      vertex -40.6486 21.2523 0
    endloop
  endfacet
  facet normal -0.737293 -0.675573 0
    outer loop
      vertex -40.6486 21.2523 2.51
      vertex -40.3465 20.9226 0
      vertex -40.3465 20.9226 2.51
    endloop
  endfacet
  facet normal -0.793322 -0.608802 0
    outer loop
      vertex -40.0743 20.5679 0
      vertex -40.3465 20.9226 2.51
      vertex -40.3465 20.9226 0
    endloop
  endfacet
  facet normal -0.793322 -0.608802 0
    outer loop
      vertex -40.3465 20.9226 2.51
      vertex -40.0743 20.5679 0
      vertex -40.0743 20.5679 2.51
    endloop
  endfacet
  facet normal 0.737293 -0.675573 0
    outer loop
      vertex -48.1985 20.9226 2.51
      vertex -47.8964 21.2523 0
      vertex -47.8964 21.2523 2.51
    endloop
  endfacet
  facet normal 0.737293 -0.675573 0
    outer loop
      vertex -47.8964 21.2523 0
      vertex -48.1985 20.9226 2.51
      vertex -48.1985 20.9226 0
    endloop
  endfacet
  facet normal 0.461824 0.886971 -0
    outer loop
      vertex -46.4384 12.9835 0
      vertex -46.835 13.19 2.51
      vertex -46.4384 12.9835 2.51
    endloop
  endfacet
  facet normal 0.461824 0.886971 0
    outer loop
      vertex -46.835 13.19 2.51
      vertex -46.4384 12.9835 0
      vertex -46.835 13.19 0
    endloop
  endfacet
  facet normal 0.461824 -0.886971 0
    outer loop
      vertex -46.835 22.0667 0
      vertex -46.4384 22.2732 2.51
      vertex -46.835 22.0667 2.51
    endloop
  endfacet
  facet normal 0.461824 -0.886971 0
    outer loop
      vertex -46.4384 22.2732 2.51
      vertex -46.835 22.0667 0
      vertex -46.4384 22.2732 0
    endloop
  endfacet
  facet normal 0.999049 -0.0436119 0
    outer loop
      vertex -49.3975 17.6283 2.51
      vertex -49.378 18.075 0
      vertex -49.378 18.075 2.51
    endloop
  endfacet
  facet normal 0.999049 -0.0436119 0
    outer loop
      vertex -49.378 18.075 0
      vertex -49.3975 17.6283 2.51
      vertex -49.3975 17.6283 0
    endloop
  endfacet
  facet normal -0.608802 0.793322 0
    outer loop
      vertex -40.9782 13.7024 0
      vertex -41.3329 13.4302 2.51
      vertex -40.9782 13.7024 2.51
    endloop
  endfacet
  facet normal -0.608802 0.793322 0
    outer loop
      vertex -41.3329 13.4302 2.51
      vertex -40.9782 13.7024 0
      vertex -41.3329 13.4302 0
    endloop
  endfacet
  facet normal -0.737191 0.675684 0
    outer loop
      vertex -40.6486 14.0044 0
      vertex -40.3465 14.334 2.51
      vertex -40.3465 14.334 0
    endloop
  endfacet
  facet normal -0.737191 0.675684 0
    outer loop
      vertex -40.3465 14.334 2.51
      vertex -40.6486 14.0044 0
      vertex -40.6486 14.0044 2.51
    endloop
  endfacet
  facet normal 0.13064 0.99143 -0
    outer loop
      vertex -44.7192 12.5228 0
      vertex -45.1624 12.5812 2.51
      vertex -44.7192 12.5228 2.51
    endloop
  endfacet
  facet normal 0.13064 0.99143 0
    outer loop
      vertex -45.1624 12.5812 2.51
      vertex -44.7192 12.5228 0
      vertex -45.1624 12.5812 0
    endloop
  endfacet
  facet normal -0.675563 0.737303 0
    outer loop
      vertex -40.6486 14.0044 0
      vertex -40.9782 13.7024 2.51
      vertex -40.6486 14.0044 2.51
    endloop
  endfacet
  facet normal -0.675563 0.737303 0
    outer loop
      vertex -40.9782 13.7024 2.51
      vertex -40.6486 14.0044 0
      vertex -40.9782 13.7024 0
    endloop
  endfacet
  facet normal -0.642232 0.14247 0.753153
    outer loop
      vertex -39.2254 16.7384 2.51
      vertex -38.7297 16.3826 3
      vertex -38.6724 16.6409 3
    endloop
  endfacet
  facet normal -0.642318 0.142296 0.753114
    outer loop
      vertex -38.7297 16.3826 3
      vertex -39.2254 16.7384 2.51
      vertex -39.3221 16.3019 2.51
    endloop
  endfacet
  facet normal -0.607825 0.251651 0.753141
    outer loop
      vertex -39.1188 15.2251 3
      vertex -39.0302 15.4391 3
      vertex -39.6277 15.4624 2.51
    endloop
  endfacet
  facet normal -0.444491 0.485035 0.753106
    outer loop
      vertex -40.6486 14.0044 2.51
      vertex -40.4466 13.4287 3
      vertex -40.2516 13.6074 3
    endloop
  endfacet
  facet normal -0.444443 0.485061 0.753117
    outer loop
      vertex -40.4466 13.4287 3
      vertex -40.6486 14.0044 2.51
      vertex -40.9782 13.7024 2.51
    endloop
  endfacet
  facet normal -0.657236 -0.0286866 0.753139
    outer loop
      vertex -38.586 17.6283 3
      vertex -38.5961 17.8597 3
      vertex -39.1475 17.6283 2.51
    endloop
  endfacet
  facet normal -0.657268 -0.0288581 0.753104
    outer loop
      vertex -39.167 18.075 2.51
      vertex -38.5961 17.8597 3
      vertex -38.6077 18.1239 3
    endloop
  endfacet
  facet normal -0.657235 -0.0286906 0.753139
    outer loop
      vertex -38.5961 17.8597 3
      vertex -39.167 18.075 2.51
      vertex -39.1475 17.6283 2.51
    endloop
  endfacet
  facet normal 0.0858346 -0.652286 0.753097
    outer loop
      vertex -45.1624 22.6755 2.51
      vertex -45.0304 23.2586 3
      vertex -45.2599 23.2284 3
    endloop
  endfacet
  facet normal -0.303736 0.583606 0.753093
    outer loop
      vertex -41.8693 12.4747 3
      vertex -41.6639 12.5816 3
      vertex -42.1066 12.9835 2.51
    endloop
  endfacet
  facet normal 0.642316 0.14239 0.753097
    outer loop
      vertex -49.7652 16.1566 3
      vertex -49.2229 16.3019 2.51
      vertex -49.8153 16.3826 3
    endloop
  endfacet
  facet normal -0.142327 -0.642317 0.753108
    outer loop
      vertex -42.9461 22.5787 2.51
      vertex -42.8007 23.121 3
      vertex -43.0268 23.1711 3
    endloop
  endfacet
  facet normal -0.627493 0.197724 0.753099
    outer loop
      vertex -39.3221 16.3019 2.51
      vertex -38.8593 15.9043 3
      vertex -38.7798 16.1566 3
    endloop
  endfacet
  facet normal -0.627388 0.197898 0.753141
    outer loop
      vertex -38.8593 15.9043 3
      vertex -39.3221 16.3019 2.51
      vertex -39.4566 15.8755 2.51
    endloop
  endfacet
  facet normal -0.554876 0.353439 0.753123
    outer loop
      vertex -39.6144 14.3667 3
      vertex -39.49 14.562 3
      vertex -40.0743 14.6888 2.51
    endloop
  endfacet
  facet normal -0.627373 0.198043 0.753115
    outer loop
      vertex -38.929 15.6835 3
      vertex -38.8593 15.9043 3
      vertex -39.4566 15.8755 2.51
    endloop
  endfacet
  facet normal 0.627461 0.197787 0.753109
    outer loop
      vertex -49.616 15.6835 3
      vertex -49.0884 15.8755 2.51
      vertex -49.6856 15.9043 3
    endloop
  endfacet
  facet normal -0.303718 0.583557 0.753138
    outer loop
      vertex -41.71 13.19 2.51
      vertex -41.6639 12.5816 3
      vertex -41.4293 12.7037 3
    endloop
  endfacet
  facet normal -0.30383 0.58353 0.753114
    outer loop
      vertex -41.6639 12.5816 3
      vertex -41.71 13.19 2.51
      vertex -42.1066 12.9835 2.51
    endloop
  endfacet
  facet normal -0.607845 -0.251693 0.75311
    outer loop
      vertex -39.0302 19.8176 3
      vertex -39.4566 19.3812 2.51
      vertex -38.929 19.5732 3
    endloop
  endfacet
  facet normal -0.607807 -0.251745 0.753123
    outer loop
      vertex -39.4566 19.3812 2.51
      vertex -39.0302 19.8176 3
      vertex -39.6277 19.7943 2.51
    endloop
  endfacet
  facet normal -0.0287019 0.657302 0.75308
    outer loop
      vertex -44.0412 11.952 3
      vertex -44.2725 12.5033 2.51
      vertex -44.2725 11.9419 3
    endloop
  endfacet
  facet normal 0.400516 0.521907 0.753127
    outer loop
      vertex -47.744 13.1313 3
      vertex -47.2121 13.4302 2.51
      vertex -47.5668 13.7024 2.51
    endloop
  endfacet
  facet normal 0.400415 0.522032 0.753094
    outer loop
      vertex -47.2121 13.4302 2.51
      vertex -47.744 13.1313 3
      vertex -47.5341 12.9703 3
    endloop
  endfacet
  facet normal 0.353657 0.554772 0.753097
    outer loop
      vertex -47.3388 12.8458 3
      vertex -47.2121 13.4302 2.51
      vertex -47.5341 12.9703 3
    endloop
  endfacet
  facet normal 0.627448 -0.197917 0.753086
    outer loop
      vertex -49.6856 19.3524 3
      vertex -49.2229 18.9548 2.51
      vertex -49.0884 19.3812 2.51
    endloop
  endfacet
  facet normal 0.627427 -0.197952 0.753094
    outer loop
      vertex -49.2229 18.9548 2.51
      vertex -49.6856 19.3524 3
      vertex -49.7652 19.1001 3
    endloop
  endfacet
  facet normal -0.197787 0.627461 0.753109
    outer loop
      vertex -42.3276 12.2848 3
      vertex -42.5196 12.8124 2.51
      vertex -42.5484 12.2152 3
    endloop
  endfacet
  facet normal 0.086113 0.652242 0.753103
    outer loop
      vertex -45.0304 11.998 3
      vertex -45.1624 12.5812 2.51
      vertex -45.2599 12.0283 3
    endloop
  endfacet
  facet normal 0.0287019 0.657302 0.75308
    outer loop
      vertex -44.2725 11.9419 3
      vertex -44.2725 12.5033 2.51
      vertex -44.5038 11.952 3
    endloop
  endfacet
  facet normal -0.086113 0.652242 0.753103
    outer loop
      vertex -43.2851 12.0283 3
      vertex -43.3826 12.5812 2.51
      vertex -43.5146 11.998 3
    endloop
  endfacet
  facet normal -0.303939 -0.583503 0.753091
    outer loop
      vertex -41.6639 22.6751 3
      vertex -41.71 22.0667 2.51
      vertex -41.4293 22.5529 3
    endloop
  endfacet
  facet normal -0.30383 -0.58353 0.753114
    outer loop
      vertex -41.71 22.0667 2.51
      vertex -41.6639 22.6751 3
      vertex -42.1066 22.2732 2.51
    endloop
  endfacet
  facet normal -0.142428 0.642252 0.753144
    outer loop
      vertex -43.3826 12.5812 2.51
      vertex -43.0268 12.0855 3
      vertex -42.9461 12.678 2.51
    endloop
  endfacet
  facet normal -0.142245 0.642342 0.753102
    outer loop
      vertex -43.0268 12.0855 3
      vertex -43.3826 12.5812 2.51
      vertex -43.2851 12.0283 3
    endloop
  endfacet
  facet normal 0.522021 -0.400396 0.753111
    outer loop
      vertex -48.1985 20.9226 2.51
      vertex -48.6286 21.2835 3
      vertex -48.7695 21.0998 3
    endloop
  endfacet
  facet normal 0.522021 0.400396 0.753111
    outer loop
      vertex -48.6286 13.9731 3
      vertex -48.1985 14.334 2.51
      vertex -48.7695 14.1568 3
    endloop
  endfacet
  facet normal -0.353657 0.554772 0.753097
    outer loop
      vertex -41.2062 12.8458 3
      vertex -41.0109 12.9703 3
      vertex -41.3329 13.4302 2.51
    endloop
  endfacet
  facet normal -0.657236 0.0286971 0.753138
    outer loop
      vertex -39.167 17.1817 2.51
      vertex -38.5961 17.397 3
      vertex -39.1475 17.6283 2.51
    endloop
  endfacet
  facet normal -0.657266 0.0288471 0.753107
    outer loop
      vertex -38.5961 17.397 3
      vertex -39.167 17.1817 2.51
      vertex -38.6077 17.1327 3
    endloop
  endfacet
  facet normal 0.485008 0.444541 0.753094
    outer loop
      vertex -48.4721 13.8024 3
      vertex -47.8964 14.0044 2.51
      vertex -48.1985 14.334 2.51
    endloop
  endfacet
  facet normal 0.485035 0.444491 0.753106
    outer loop
      vertex -47.8964 14.0044 2.51
      vertex -48.4721 13.8024 3
      vertex -48.2934 13.6074 3
    endloop
  endfacet
  facet normal -0.652226 0.0857893 0.753154
    outer loop
      vertex -38.6724 16.6409 3
      vertex -38.6422 16.8705 3
      vertex -39.2254 16.7384 2.51
    endloop
  endfacet
  facet normal -0.657236 0.028699 0.753138
    outer loop
      vertex -38.5961 17.397 3
      vertex -38.586 17.6283 3
      vertex -39.1475 17.6283 2.51
    endloop
  endfacet
  facet normal -0.652275 0.0858256 0.753108
    outer loop
      vertex -39.167 17.1817 2.51
      vertex -38.6422 16.8705 3
      vertex -38.6077 17.1327 3
    endloop
  endfacet
  facet normal -0.652236 0.0859251 0.75313
    outer loop
      vertex -38.6422 16.8705 3
      vertex -39.167 17.1817 2.51
      vertex -39.2254 16.7384 2.51
    endloop
  endfacet
  facet normal -0.627373 -0.198043 0.753115
    outer loop
      vertex -38.8593 19.3524 3
      vertex -38.929 19.5732 3
      vertex -39.4566 19.3812 2.51
    endloop
  endfacet
  facet normal 0.197926 0.627347 0.753167
    outer loop
      vertex -45.5989 12.678 2.51
      vertex -45.9966 12.2152 3
      vertex -45.7443 12.1356 3
    endloop
  endfacet
  facet normal 0.197729 0.627467 0.753119
    outer loop
      vertex -45.9966 12.2152 3
      vertex -45.5989 12.678 2.51
      vertex -46.0254 12.8124 2.51
    endloop
  endfacet
  facet normal -0.0859436 0.652229 0.753134
    outer loop
      vertex -43.8258 12.5228 2.51
      vertex -43.5146 11.998 3
      vertex -43.3826 12.5812 2.51
    endloop
  endfacet
  facet normal -0.0857945 0.652287 0.753101
    outer loop
      vertex -43.5146 11.998 3
      vertex -43.8258 12.5228 2.51
      vertex -43.7769 11.9635 3
    endloop
  endfacet
  facet normal -0.252014 0.607731 0.753095
    outer loop
      vertex -42.0832 12.386 3
      vertex -41.8693 12.4747 3
      vertex -42.1066 12.9835 2.51
    endloop
  endfacet
  facet normal 0.554848 0.353513 0.753108
    outer loop
      vertex -48.7109 15.0658 2.51
      vertex -49.055 14.562 3
      vertex -48.4707 14.6888 2.51
    endloop
  endfacet
  facet normal 0.554918 0.353446 0.753088
    outer loop
      vertex -49.055 14.562 3
      vertex -48.7109 15.0658 2.51
      vertex -49.1971 14.7851 3
    endloop
  endfacet
  facet normal 0.652236 0.0859251 0.75313
    outer loop
      vertex -49.378 17.1817 2.51
      vertex -49.9028 16.8705 3
      vertex -49.3196 16.7384 2.51
    endloop
  endfacet
  facet normal 0.652275 0.0858256 0.753108
    outer loop
      vertex -49.9028 16.8705 3
      vertex -49.378 17.1817 2.51
      vertex -49.9373 17.1327 3
    endloop
  endfacet
  facet normal 0.197718 -0.627474 0.753117
    outer loop
      vertex -45.9966 23.0415 3
      vertex -45.5989 22.5787 2.51
      vertex -45.7443 23.121 3
    endloop
  endfacet
  facet normal 0.197729 -0.627467 0.753119
    outer loop
      vertex -45.5989 22.5787 2.51
      vertex -45.9966 23.0415 3
      vertex -46.0254 22.4443 2.51
    endloop
  endfacet
  facet normal 0.485152 -0.44437 0.753102
    outer loop
      vertex -48.4721 21.4542 3
      vertex -47.8964 21.2523 2.51
      vertex -48.2934 21.6493 3
    endloop
  endfacet
  facet normal 0.48509 -0.444482 0.753076
    outer loop
      vertex -47.8964 21.2523 2.51
      vertex -48.4721 21.4542 3
      vertex -48.1985 20.9226 2.51
    endloop
  endfacet
  facet normal -0.197729 0.627467 0.753119
    outer loop
      vertex -42.9461 12.678 2.51
      vertex -42.5484 12.2152 3
      vertex -42.5196 12.8124 2.51
    endloop
  endfacet
  facet normal -0.197926 0.627347 0.753167
    outer loop
      vertex -42.5484 12.2152 3
      vertex -42.9461 12.678 2.51
      vertex -42.8007 12.1356 3
    endloop
  endfacet
  facet normal 0.444443 -0.485061 0.753117
    outer loop
      vertex -48.0984 21.828 3
      vertex -47.8964 21.2523 2.51
      vertex -47.5668 21.5543 2.51
    endloop
  endfacet
  facet normal 0.444491 -0.485035 0.753106
    outer loop
      vertex -47.8964 21.2523 2.51
      vertex -48.0984 21.828 3
      vertex -48.2934 21.6493 3
    endloop
  endfacet
  facet normal 0.607807 0.251745 0.753123
    outer loop
      vertex -49.0884 15.8755 2.51
      vertex -49.5148 15.4391 3
      vertex -48.9173 15.4624 2.51
    endloop
  endfacet
  facet normal 0.607845 0.251693 0.75311
    outer loop
      vertex -49.5148 15.4391 3
      vertex -49.0884 15.8755 2.51
      vertex -49.616 15.6835 3
    endloop
  endfacet
  facet normal -0.0285993 0.657286 0.753099
    outer loop
      vertex -43.8258 12.5228 2.51
      vertex -44.0412 11.952 3
      vertex -43.7769 11.9635 3
    endloop
  endfacet
  facet normal -0.0286936 0.657304 0.753079
    outer loop
      vertex -44.0412 11.952 3
      vertex -43.8258 12.5228 2.51
      vertex -44.2725 12.5033 2.51
    endloop
  endfacet
  facet normal 0.607825 0.251651 0.753141
    outer loop
      vertex -49.4262 15.2251 3
      vertex -48.9173 15.4624 2.51
      vertex -49.5148 15.4391 3
    endloop
  endfacet
  facet normal 0.400572 0.52188 0.753116
    outer loop
      vertex -47.744 13.1313 3
      vertex -47.5668 13.7024 2.51
      vertex -47.9277 13.2723 3
    endloop
  endfacet
  facet normal 0.652226 -0.0857893 0.753154
    outer loop
      vertex -49.3196 18.5183 2.51
      vertex -49.8726 18.6158 3
      vertex -49.9028 18.3862 3
    endloop
  endfacet
  facet normal 0.521988 0.400466 0.753097
    outer loop
      vertex -48.4707 14.6888 2.51
      vertex -48.7695 14.1568 3
      vertex -48.1985 14.334 2.51
    endloop
  endfacet
  facet normal 0.521883 0.40055 0.753125
    outer loop
      vertex -48.7695 14.1568 3
      vertex -48.4707 14.6888 2.51
      vertex -48.9306 14.3667 3
    endloop
  endfacet
  facet normal -0.142313 0.642254 0.753165
    outer loop
      vertex -42.8007 12.1356 3
      vertex -42.9461 12.678 2.51
      vertex -43.0268 12.0855 3
    endloop
  endfacet
  facet normal -0.642316 0.14239 0.753097
    outer loop
      vertex -38.7798 16.1566 3
      vertex -38.7297 16.3826 3
      vertex -39.3221 16.3019 2.51
    endloop
  endfacet
  facet normal 0.400415 -0.522032 0.753094
    outer loop
      vertex -47.744 22.1254 3
      vertex -47.2121 21.8265 2.51
      vertex -47.5341 22.2864 3
    endloop
  endfacet
  facet normal 0.400516 -0.521907 0.753127
    outer loop
      vertex -47.2121 21.8265 2.51
      vertex -47.744 22.1254 3
      vertex -47.5668 21.5543 2.51
    endloop
  endfacet
  facet normal -0.444436 0.485072 0.753115
    outer loop
      vertex -40.6173 13.2723 3
      vertex -40.4466 13.4287 3
      vertex -40.9782 13.7024 2.51
    endloop
  endfacet
  facet normal 0.444436 0.485072 0.753115
    outer loop
      vertex -47.9277 13.2723 3
      vertex -47.5668 13.7024 2.51
      vertex -48.0984 13.4287 3
    endloop
  endfacet
  facet normal 0.303736 0.583606 0.753093
    outer loop
      vertex -46.6757 12.4747 3
      vertex -46.4384 12.9835 2.51
      vertex -46.8811 12.5816 3
    endloop
  endfacet
  facet normal -0.554888 -0.353427 0.75312
    outer loop
      vertex -39.49 20.6947 3
      vertex -39.8341 20.1908 2.51
      vertex -39.3479 20.4716 3
    endloop
  endfacet
  facet normal -0.554876 -0.353438 0.753123
    outer loop
      vertex -39.8341 20.1908 2.51
      vertex -39.49 20.6947 3
      vertex -40.0743 20.5679 2.51
    endloop
  endfacet
  facet normal 0.197787 0.627461 0.753109
    outer loop
      vertex -45.9966 12.2152 3
      vertex -46.0254 12.8124 2.51
      vertex -46.2174 12.2848 3
    endloop
  endfacet
  facet normal 0.554876 -0.353439 0.753123
    outer loop
      vertex -48.4707 20.5679 2.51
      vertex -48.9306 20.89 3
      vertex -49.055 20.6947 3
    endloop
  endfacet
  facet normal -0.251792 0.607773 0.753135
    outer loop
      vertex -42.5196 12.8124 2.51
      vertex -42.0832 12.386 3
      vertex -42.1066 12.9835 2.51
    endloop
  endfacet
  facet normal -0.251693 0.607845 0.75311
    outer loop
      vertex -42.0832 12.386 3
      vertex -42.5196 12.8124 2.51
      vertex -42.3276 12.2848 3
    endloop
  endfacet
  facet normal -0.0860311 -0.652195 0.753153
    outer loop
      vertex -43.8258 22.7338 2.51
      vertex -43.5146 23.2586 3
      vertex -43.7769 23.2932 3
    endloop
  endfacet
  facet normal -0.0858035 -0.652283 0.753103
    outer loop
      vertex -43.5146 23.2586 3
      vertex -43.8258 22.7338 2.51
      vertex -43.3826 22.6755 2.51
    endloop
  endfacet
  facet normal 0.554876 0.353439 0.753123
    outer loop
      vertex -48.9306 14.3667 3
      vertex -48.4707 14.6888 2.51
      vertex -49.055 14.562 3
    endloop
  endfacet
  facet normal 0.652226 0.0857893 0.753154
    outer loop
      vertex -49.8726 16.6409 3
      vertex -49.3196 16.7384 2.51
      vertex -49.9028 16.8705 3
    endloop
  endfacet
  facet normal 0.0857945 0.652287 0.753101
    outer loop
      vertex -44.7192 12.5228 2.51
      vertex -45.0304 11.998 3
      vertex -44.7681 11.9635 3
    endloop
  endfacet
  facet normal 0.0859436 0.652229 0.753134
    outer loop
      vertex -45.0304 11.998 3
      vertex -44.7192 12.5228 2.51
      vertex -45.1624 12.5812 2.51
    endloop
  endfacet
  facet normal -0.485072 0.444436 0.753115
    outer loop
      vertex -40.0728 13.8024 3
      vertex -39.9164 13.9731 3
      vertex -40.3465 14.334 2.51
    endloop
  endfacet
  facet normal -0.484971 0.444508 0.753137
    outer loop
      vertex -40.6486 14.0044 2.51
      vertex -40.0728 13.8024 3
      vertex -40.3465 14.334 2.51
    endloop
  endfacet
  facet normal -0.484908 0.444623 0.75311
    outer loop
      vertex -40.0728 13.8024 3
      vertex -40.6486 14.0044 2.51
      vertex -40.2516 13.6074 3
    endloop
  endfacet
  facet normal -0.607804 -0.25176 0.753121
    outer loop
      vertex -39.0302 19.8176 3
      vertex -39.1188 20.0315 3
      vertex -39.6277 19.7943 2.51
    endloop
  endfacet
  facet normal 0.657236 0.028699 0.753138
    outer loop
      vertex -49.9489 17.397 3
      vertex -49.3975 17.6283 2.51
      vertex -49.959 17.6283 3
    endloop
  endfacet
  facet normal 0.30383 -0.58353 0.753114
    outer loop
      vertex -46.8811 22.6751 3
      vertex -46.835 22.0667 2.51
      vertex -46.4384 22.2732 2.51
    endloop
  endfacet
  facet normal 0.303939 -0.583503 0.753091
    outer loop
      vertex -46.835 22.0667 2.51
      vertex -46.8811 22.6751 3
      vertex -47.1157 22.5529 3
    endloop
  endfacet
  facet normal 0.303736 -0.583606 0.753093
    outer loop
      vertex -46.4384 22.2732 2.51
      vertex -46.6757 22.782 3
      vertex -46.8811 22.6751 3
    endloop
  endfacet
  facet normal 0.642332 -0.142299 0.753101
    outer loop
      vertex -49.8153 18.874 3
      vertex -49.3196 18.5183 2.51
      vertex -49.2229 18.9548 2.51
    endloop
  endfacet
  facet normal 0.642222 -0.142523 0.753152
    outer loop
      vertex -49.3196 18.5183 2.51
      vertex -49.8153 18.874 3
      vertex -49.8726 18.6158 3
    endloop
  endfacet
  facet normal 0.583581 -0.303723 0.753117
    outer loop
      vertex -48.9173 19.7943 2.51
      vertex -49.3193 20.2369 3
      vertex -49.4262 20.0315 3
    endloop
  endfacet
  facet normal 0.521949 -0.400548 0.753081
    outer loop
      vertex -48.7695 21.0998 3
      vertex -48.4707 20.5679 2.51
      vertex -48.1985 20.9226 2.51
    endloop
  endfacet
  facet normal 0.521794 -0.400672 0.753122
    outer loop
      vertex -48.4707 20.5679 2.51
      vertex -48.7695 21.0998 3
      vertex -48.9306 20.89 3
    endloop
  endfacet
  facet normal -0.583562 0.303699 0.753142
    outer loop
      vertex -39.8341 15.0658 2.51
      vertex -39.2257 15.0197 3
      vertex -39.6277 15.4624 2.51
    endloop
  endfacet
  facet normal -0.583503 0.303939 0.753091
    outer loop
      vertex -39.2257 15.0197 3
      vertex -39.8341 15.0658 2.51
      vertex -39.3479 14.7851 3
    endloop
  endfacet
  facet normal -0.583554 0.303709 0.753144
    outer loop
      vertex -39.2257 15.0197 3
      vertex -39.1188 15.2251 3
      vertex -39.6277 15.4624 2.51
    endloop
  endfacet
  facet normal -0.607845 0.251693 0.75311
    outer loop
      vertex -39.4566 15.8755 2.51
      vertex -39.0302 15.4391 3
      vertex -38.929 15.6835 3
    endloop
  endfacet
  facet normal -0.607807 0.251745 0.753123
    outer loop
      vertex -39.0302 15.4391 3
      vertex -39.4566 15.8755 2.51
      vertex -39.6277 15.4624 2.51
    endloop
  endfacet
  facet normal -0.444491 -0.485035 0.753106
    outer loop
      vertex -40.4466 21.828 3
      vertex -40.6486 21.2523 2.51
      vertex -40.2516 21.6493 3
    endloop
  endfacet
  facet normal -0.444443 -0.485061 0.753117
    outer loop
      vertex -40.6486 21.2523 2.51
      vertex -40.4466 21.828 3
      vertex -40.9782 21.5543 2.51
    endloop
  endfacet
  facet normal -0.554876 -0.353439 0.753123
    outer loop
      vertex -39.49 20.6947 3
      vertex -39.6144 20.89 3
      vertex -40.0743 20.5679 2.51
    endloop
  endfacet
  facet normal -0.353427 0.554859 0.753141
    outer loop
      vertex -41.71 13.19 2.51
      vertex -41.2062 12.8458 3
      vertex -41.3329 13.4302 2.51
    endloop
  endfacet
  facet normal -0.353416 0.55487 0.753137
    outer loop
      vertex -41.2062 12.8458 3
      vertex -41.71 13.19 2.51
      vertex -41.4293 12.7037 3
    endloop
  endfacet
  facet normal 0.583554 0.303709 0.753144
    outer loop
      vertex -49.3193 15.0197 3
      vertex -48.9173 15.4624 2.51
      vertex -49.4262 15.2251 3
    endloop
  endfacet
  facet normal 0.484934 0.444594 0.75311
    outer loop
      vertex -48.4721 13.8024 3
      vertex -48.1985 14.334 2.51
      vertex -48.6286 13.9731 3
    endloop
  endfacet
  facet normal -0.400572 -0.52188 0.753116
    outer loop
      vertex -40.6173 21.9844 3
      vertex -40.801 22.1254 3
      vertex -40.9782 21.5543 2.51
    endloop
  endfacet
  facet normal 0.0286907 -0.657238 0.753137
    outer loop
      vertex -44.5038 23.3047 3
      vertex -44.7192 22.7338 2.51
      vertex -44.2725 22.7533 2.51
    endloop
  endfacet
  facet normal 0.0285964 -0.657219 0.753157
    outer loop
      vertex -44.7192 22.7338 2.51
      vertex -44.5038 23.3047 3
      vertex -44.7681 23.2932 3
    endloop
  endfacet
  facet normal -0.400415 -0.522032 0.753094
    outer loop
      vertex -41.3329 21.8265 2.51
      vertex -40.801 22.1254 3
      vertex -41.0109 22.2864 3
    endloop
  endfacet
  facet normal -0.400516 -0.521907 0.753127
    outer loop
      vertex -40.801 22.1254 3
      vertex -41.3329 21.8265 2.51
      vertex -40.9782 21.5543 2.51
    endloop
  endfacet
  facet normal 0.583531 -0.303824 0.753115
    outer loop
      vertex -49.3193 20.2369 3
      vertex -48.7109 20.1908 2.51
      vertex -49.1971 20.4716 3
    endloop
  endfacet
  facet normal 0.583545 -0.303767 0.753127
    outer loop
      vertex -48.7109 20.1908 2.51
      vertex -49.3193 20.2369 3
      vertex -48.9173 19.7943 2.51
    endloop
  endfacet
  facet normal 0.444443 0.485061 0.753117
    outer loop
      vertex -47.8964 14.0044 2.51
      vertex -48.0984 13.4287 3
      vertex -47.5668 13.7024 2.51
    endloop
  endfacet
  facet normal 0.444491 0.485035 0.753106
    outer loop
      vertex -48.0984 13.4287 3
      vertex -47.8964 14.0044 2.51
      vertex -48.2934 13.6074 3
    endloop
  endfacet
  facet normal 0.142313 0.642254 0.753165
    outer loop
      vertex -45.5182 12.0855 3
      vertex -45.5989 12.678 2.51
      vertex -45.7443 12.1356 3
    endloop
  endfacet
  facet normal 0.0286936 0.657304 0.753079
    outer loop
      vertex -44.7192 12.5228 2.51
      vertex -44.5038 11.952 3
      vertex -44.2725 12.5033 2.51
    endloop
  endfacet
  facet normal 0.0285993 0.657286 0.753099
    outer loop
      vertex -44.5038 11.952 3
      vertex -44.7192 12.5228 2.51
      vertex -44.7681 11.9635 3
    endloop
  endfacet
  facet normal -0.0285964 -0.657219 0.753157
    outer loop
      vertex -44.0412 23.3047 3
      vertex -43.8258 22.7338 2.51
      vertex -43.7769 23.2932 3
    endloop
  endfacet
  facet normal -0.0286907 -0.657238 0.753137
    outer loop
      vertex -43.8258 22.7338 2.51
      vertex -44.0412 23.3047 3
      vertex -44.2725 22.7533 2.51
    endloop
  endfacet
  facet normal -0.353458 -0.554906 0.753091
    outer loop
      vertex -41.0109 22.2864 3
      vertex -41.2062 22.4108 3
      vertex -41.3329 21.8265 2.51
    endloop
  endfacet
  facet normal 0.197787 -0.627461 0.753109
    outer loop
      vertex -46.0254 22.4443 2.51
      vertex -45.9966 23.0415 3
      vertex -46.2174 22.9719 3
    endloop
  endfacet
  facet normal 0.400572 -0.52188 0.753116
    outer loop
      vertex -47.5668 21.5543 2.51
      vertex -47.744 22.1254 3
      vertex -47.9277 21.9844 3
    endloop
  endfacet
  facet normal 0.554876 -0.353438 0.753123
    outer loop
      vertex -49.055 20.6947 3
      vertex -48.7109 20.1908 2.51
      vertex -48.4707 20.5679 2.51
    endloop
  endfacet
  facet normal 0.554888 -0.353427 0.75312
    outer loop
      vertex -48.7109 20.1908 2.51
      vertex -49.055 20.6947 3
      vertex -49.1971 20.4716 3
    endloop
  endfacet
  facet normal -0.142484 -0.642296 0.753097
    outer loop
      vertex -43.3826 22.6755 2.51
      vertex -43.0268 23.1711 3
      vertex -43.2851 23.2284 3
    endloop
  endfacet
  facet normal -0.142443 -0.642316 0.753087
    outer loop
      vertex -43.0268 23.1711 3
      vertex -43.3826 22.6755 2.51
      vertex -42.9461 22.5787 2.51
    endloop
  endfacet
  facet normal -0.400516 0.521907 0.753127
    outer loop
      vertex -41.3329 13.4302 2.51
      vertex -40.801 13.1313 3
      vertex -40.9782 13.7024 2.51
    endloop
  endfacet
  facet normal -0.400415 0.522032 0.753094
    outer loop
      vertex -40.801 13.1313 3
      vertex -41.3329 13.4302 2.51
      vertex -41.0109 12.9703 3
    endloop
  endfacet
  facet normal 0.142245 0.642342 0.753102
    outer loop
      vertex -45.1624 12.5812 2.51
      vertex -45.5182 12.0855 3
      vertex -45.2599 12.0283 3
    endloop
  endfacet
  facet normal 0.142428 0.642252 0.753144
    outer loop
      vertex -45.5182 12.0855 3
      vertex -45.1624 12.5812 2.51
      vertex -45.5989 12.678 2.51
    endloop
  endfacet
  facet normal 0.444436 -0.485072 0.753115
    outer loop
      vertex -47.5668 21.5543 2.51
      vertex -47.9277 21.9844 3
      vertex -48.0984 21.828 3
    endloop
  endfacet
  facet normal 0.484934 -0.444594 0.75311
    outer loop
      vertex -48.1985 20.9226 2.51
      vertex -48.4721 21.4542 3
      vertex -48.6286 21.2835 3
    endloop
  endfacet
  facet normal 0.142484 -0.642296 0.753097
    outer loop
      vertex -45.5182 23.1711 3
      vertex -45.1624 22.6755 2.51
      vertex -45.2599 23.2284 3
    endloop
  endfacet
  facet normal 0.142443 -0.642316 0.753087
    outer loop
      vertex -45.1624 22.6755 2.51
      vertex -45.5182 23.1711 3
      vertex -45.5989 22.5787 2.51
    endloop
  endfacet
  facet normal 0.0860311 -0.652195 0.753153
    outer loop
      vertex -45.0304 23.2586 3
      vertex -44.7192 22.7338 2.51
      vertex -44.7681 23.2932 3
    endloop
  endfacet
  facet normal 0.0858035 -0.652283 0.753103
    outer loop
      vertex -44.7192 22.7338 2.51
      vertex -45.0304 23.2586 3
      vertex -45.1624 22.6755 2.51
    endloop
  endfacet
  facet normal 0.251908 -0.607762 0.753105
    outer loop
      vertex -46.4618 22.8706 3
      vertex -46.0254 22.4443 2.51
      vertex -46.2174 22.9719 3
    endloop
  endfacet
  facet normal 0.251815 -0.60783 0.753082
    outer loop
      vertex -46.0254 22.4443 2.51
      vertex -46.4618 22.8706 3
      vertex -46.4384 22.2732 2.51
    endloop
  endfacet
  facet normal -0.522021 -0.400396 0.753111
    outer loop
      vertex -39.7755 21.0998 3
      vertex -39.9164 21.2835 3
      vertex -40.3465 20.9226 2.51
    endloop
  endfacet
  facet normal 0.642331 -0.14233 0.753095
    outer loop
      vertex -49.2229 18.9548 2.51
      vertex -49.7652 19.1001 3
      vertex -49.8153 18.874 3
    endloop
  endfacet
  facet normal 0.627448 0.197917 0.753086
    outer loop
      vertex -49.2229 16.3019 2.51
      vertex -49.6856 15.9043 3
      vertex -49.0884 15.8755 2.51
    endloop
  endfacet
  facet normal 0.627427 0.197952 0.753094
    outer loop
      vertex -49.6856 15.9043 3
      vertex -49.2229 16.3019 2.51
      vertex -49.7652 16.1566 3
    endloop
  endfacet
  facet normal -0.522021 0.400396 0.753111
    outer loop
      vertex -39.9164 13.9731 3
      vertex -39.7755 14.1568 3
      vertex -40.3465 14.334 2.51
    endloop
  endfacet
  facet normal 0.251792 0.607773 0.753135
    outer loop
      vertex -46.4618 12.386 3
      vertex -46.0254 12.8124 2.51
      vertex -46.4384 12.9835 2.51
    endloop
  endfacet
  facet normal 0.251693 0.607845 0.75311
    outer loop
      vertex -46.0254 12.8124 2.51
      vertex -46.4618 12.386 3
      vertex -46.2174 12.2848 3
    endloop
  endfacet
  facet normal -0.400572 0.52188 0.753116
    outer loop
      vertex -40.801 13.1313 3
      vertex -40.6173 13.2723 3
      vertex -40.9782 13.7024 2.51
    endloop
  endfacet
  facet normal 0.642318 0.142296 0.753114
    outer loop
      vertex -49.3196 16.7384 2.51
      vertex -49.8153 16.3826 3
      vertex -49.2229 16.3019 2.51
    endloop
  endfacet
  facet normal 0.642232 0.14247 0.753153
    outer loop
      vertex -49.8153 16.3826 3
      vertex -49.3196 16.7384 2.51
      vertex -49.8726 16.6409 3
    endloop
  endfacet
  facet normal 0.252014 0.607731 0.753095
    outer loop
      vertex -46.4618 12.386 3
      vertex -46.4384 12.9835 2.51
      vertex -46.6757 12.4747 3
    endloop
  endfacet
  facet normal -0.353446 -0.554918 0.753088
    outer loop
      vertex -41.71 22.0667 2.51
      vertex -41.2062 22.4108 3
      vertex -41.4293 22.5529 3
    endloop
  endfacet
  facet normal -0.353457 -0.554907 0.753092
    outer loop
      vertex -41.2062 22.4108 3
      vertex -41.71 22.0667 2.51
      vertex -41.3329 21.8265 2.51
    endloop
  endfacet
  facet normal 0.30383 0.58353 0.753114
    outer loop
      vertex -46.835 13.19 2.51
      vertex -46.8811 12.5816 3
      vertex -46.4384 12.9835 2.51
    endloop
  endfacet
  facet normal 0.303718 0.583557 0.753138
    outer loop
      vertex -46.8811 12.5816 3
      vertex -46.835 13.19 2.51
      vertex -47.1157 12.7037 3
    endloop
  endfacet
  facet normal 0.657268 -0.0288581 0.753104
    outer loop
      vertex -49.9489 17.8597 3
      vertex -49.378 18.075 2.51
      vertex -49.9373 18.1239 3
    endloop
  endfacet
  facet normal 0.657235 -0.0286906 0.753139
    outer loop
      vertex -49.378 18.075 2.51
      vertex -49.9489 17.8597 3
      vertex -49.3975 17.6283 2.51
    endloop
  endfacet
  facet normal 0.142327 -0.642317 0.753108
    outer loop
      vertex -45.5989 22.5787 2.51
      vertex -45.5182 23.1711 3
      vertex -45.7443 23.121 3
    endloop
  endfacet
  facet normal 0.353427 0.554859 0.753141
    outer loop
      vertex -47.3388 12.8458 3
      vertex -46.835 13.19 2.51
      vertex -47.2121 13.4302 2.51
    endloop
  endfacet
  facet normal 0.353416 0.55487 0.753137
    outer loop
      vertex -46.835 13.19 2.51
      vertex -47.3388 12.8458 3
      vertex -47.1157 12.7037 3
    endloop
  endfacet
  facet normal -0.197718 -0.627474 0.753117
    outer loop
      vertex -42.9461 22.5787 2.51
      vertex -42.5484 23.0415 3
      vertex -42.8007 23.121 3
    endloop
  endfacet
  facet normal -0.197729 -0.627467 0.753119
    outer loop
      vertex -42.5484 23.0415 3
      vertex -42.9461 22.5787 2.51
      vertex -42.5196 22.4443 2.51
    endloop
  endfacet
  facet normal 0.627461 -0.197787 0.753109
    outer loop
      vertex -49.0884 19.3812 2.51
      vertex -49.616 19.5732 3
      vertex -49.6856 19.3524 3
    endloop
  endfacet
  facet normal 0.607804 -0.25176 0.753121
    outer loop
      vertex -48.9173 19.7943 2.51
      vertex -49.4262 20.0315 3
      vertex -49.5148 19.8176 3
    endloop
  endfacet
  facet normal 0.251774 -0.607838 0.753089
    outer loop
      vertex -46.4384 22.2732 2.51
      vertex -46.4618 22.8706 3
      vertex -46.6757 22.782 3
    endloop
  endfacet
  facet normal -0.444436 -0.485072 0.753115
    outer loop
      vertex -40.4466 21.828 3
      vertex -40.6173 21.9844 3
      vertex -40.9782 21.5543 2.51
    endloop
  endfacet
  facet normal 0.353458 -0.554906 0.753091
    outer loop
      vertex -47.2121 21.8265 2.51
      vertex -47.3388 22.4108 3
      vertex -47.5341 22.2864 3
    endloop
  endfacet
  facet normal 0.353446 -0.554918 0.753088
    outer loop
      vertex -47.3388 22.4108 3
      vertex -46.835 22.0667 2.51
      vertex -47.1157 22.5529 3
    endloop
  endfacet
  facet normal 0.353457 -0.554907 0.753092
    outer loop
      vertex -46.835 22.0667 2.51
      vertex -47.3388 22.4108 3
      vertex -47.2121 21.8265 2.51
    endloop
  endfacet
  facet normal -0.303736 -0.583606 0.753093
    outer loop
      vertex -41.6639 22.6751 3
      vertex -41.8693 22.782 3
      vertex -42.1066 22.2732 2.51
    endloop
  endfacet
  facet normal 0.657236 -0.0286866 0.753139
    outer loop
      vertex -49.3975 17.6283 2.51
      vertex -49.9489 17.8597 3
      vertex -49.959 17.6283 3
    endloop
  endfacet
  facet normal -0.251774 -0.607838 0.753089
    outer loop
      vertex -41.8693 22.782 3
      vertex -42.0832 22.8706 3
      vertex -42.1066 22.2732 2.51
    endloop
  endfacet
  facet normal 0.607807 -0.251745 0.753123
    outer loop
      vertex -49.5148 19.8176 3
      vertex -49.0884 19.3812 2.51
      vertex -48.9173 19.7943 2.51
    endloop
  endfacet
  facet normal 0.607845 -0.251693 0.75311
    outer loop
      vertex -49.0884 19.3812 2.51
      vertex -49.5148 19.8176 3
      vertex -49.616 19.5732 3
    endloop
  endfacet
  facet normal 0.583562 0.303699 0.753142
    outer loop
      vertex -49.3193 15.0197 3
      vertex -48.7109 15.0658 2.51
      vertex -48.9173 15.4624 2.51
    endloop
  endfacet
  facet normal 0.583503 0.303939 0.753091
    outer loop
      vertex -48.7109 15.0658 2.51
      vertex -49.3193 15.0197 3
      vertex -49.1971 14.7851 3
    endloop
  endfacet
  facet normal -0.554918 0.353446 0.753088
    outer loop
      vertex -39.8341 15.0658 2.51
      vertex -39.49 14.562 3
      vertex -39.3479 14.7851 3
    endloop
  endfacet
  facet normal -0.554848 0.353513 0.753108
    outer loop
      vertex -39.49 14.562 3
      vertex -39.8341 15.0658 2.51
      vertex -40.0743 14.6888 2.51
    endloop
  endfacet
  facet normal -0.521883 0.40055 0.753125
    outer loop
      vertex -40.0743 14.6888 2.51
      vertex -39.7755 14.1568 3
      vertex -39.6144 14.3667 3
    endloop
  endfacet
  facet normal -0.521988 0.400466 0.753097
    outer loop
      vertex -39.7755 14.1568 3
      vertex -40.0743 14.6888 2.51
      vertex -40.3465 14.334 2.51
    endloop
  endfacet
  facet normal 0.028699 -0.657236 0.753138
    outer loop
      vertex -44.2725 22.7533 2.51
      vertex -44.2725 23.3148 3
      vertex -44.5038 23.3047 3
    endloop
  endfacet
  facet normal -0.0858346 -0.652286 0.753097
    outer loop
      vertex -43.3826 22.6755 2.51
      vertex -43.2851 23.2284 3
      vertex -43.5146 23.2586 3
    endloop
  endfacet
  facet normal -0.521794 -0.400672 0.753122
    outer loop
      vertex -39.7755 21.0998 3
      vertex -40.0743 20.5679 2.51
      vertex -39.6144 20.89 3
    endloop
  endfacet
  facet normal -0.521949 -0.400548 0.753081
    outer loop
      vertex -40.0743 20.5679 2.51
      vertex -39.7755 21.0998 3
      vertex -40.3465 20.9226 2.51
    endloop
  endfacet
  facet normal 0.652236 -0.0859251 0.75313
    outer loop
      vertex -49.9028 18.3862 3
      vertex -49.378 18.075 2.51
      vertex -49.3196 18.5183 2.51
    endloop
  endfacet
  facet normal 0.652287 -0.0857945 0.753101
    outer loop
      vertex -49.378 18.075 2.51
      vertex -49.9028 18.3862 3
      vertex -49.9373 18.1239 3
    endloop
  endfacet
  facet normal -0.028699 -0.657236 0.753138
    outer loop
      vertex -44.0412 23.3047 3
      vertex -44.2725 23.3148 3
      vertex -44.2725 22.7533 2.51
    endloop
  endfacet
  facet normal -0.583531 -0.303824 0.753115
    outer loop
      vertex -39.8341 20.1908 2.51
      vertex -39.2257 20.2369 3
      vertex -39.3479 20.4716 3
    endloop
  endfacet
  facet normal -0.583545 -0.303767 0.753127
    outer loop
      vertex -39.2257 20.2369 3
      vertex -39.8341 20.1908 2.51
      vertex -39.6277 19.7943 2.51
    endloop
  endfacet
  facet normal -0.485072 -0.444436 0.753115
    outer loop
      vertex -39.9164 21.2835 3
      vertex -40.0728 21.4542 3
      vertex -40.3465 20.9226 2.51
    endloop
  endfacet
  facet normal -0.642331 -0.14233 0.753095
    outer loop
      vertex -38.7297 18.874 3
      vertex -38.7798 19.1001 3
      vertex -39.3221 18.9548 2.51
    endloop
  endfacet
  facet normal -0.251908 -0.607762 0.753105
    outer loop
      vertex -42.5196 22.4443 2.51
      vertex -42.0832 22.8706 3
      vertex -42.3276 22.9719 3
    endloop
  endfacet
  facet normal -0.251815 -0.60783 0.753082
    outer loop
      vertex -42.0832 22.8706 3
      vertex -42.5196 22.4443 2.51
      vertex -42.1066 22.2732 2.51
    endloop
  endfacet
  facet normal -0.197787 -0.627461 0.753109
    outer loop
      vertex -42.5196 22.4443 2.51
      vertex -42.3276 22.9719 3
      vertex -42.5484 23.0415 3
    endloop
  endfacet
  facet normal 0.657236 0.0286971 0.753138
    outer loop
      vertex -49.9489 17.397 3
      vertex -49.378 17.1817 2.51
      vertex -49.3975 17.6283 2.51
    endloop
  endfacet
  facet normal 0.657266 0.0288471 0.753107
    outer loop
      vertex -49.378 17.1817 2.51
      vertex -49.9489 17.397 3
      vertex -49.9373 17.1327 3
    endloop
  endfacet
  facet normal -0.642222 -0.142523 0.753152
    outer loop
      vertex -38.7297 18.874 3
      vertex -39.2254 18.5183 2.51
      vertex -38.6724 18.6158 3
    endloop
  endfacet
  facet normal -0.642332 -0.142299 0.753101
    outer loop
      vertex -39.2254 18.5183 2.51
      vertex -38.7297 18.874 3
      vertex -39.3221 18.9548 2.51
    endloop
  endfacet
  facet normal -0.485024 -0.444502 0.753106
    outer loop
      vertex -40.6486 21.2523 2.51
      vertex -40.0728 21.4542 3
      vertex -40.2516 21.6493 3
    endloop
  endfacet
  facet normal -0.485054 -0.444449 0.753119
    outer loop
      vertex -40.0728 21.4542 3
      vertex -40.6486 21.2523 2.51
      vertex -40.3465 20.9226 2.51
    endloop
  endfacet
  facet normal -0.583581 -0.303723 0.753117
    outer loop
      vertex -39.1188 20.0315 3
      vertex -39.2257 20.2369 3
      vertex -39.6277 19.7943 2.51
    endloop
  endfacet
  facet normal -0.627493 -0.197724 0.753099
    outer loop
      vertex -38.8593 19.3524 3
      vertex -39.3221 18.9548 2.51
      vertex -38.7798 19.1001 3
    endloop
  endfacet
  facet normal -0.627388 -0.197898 0.753141
    outer loop
      vertex -39.3221 18.9548 2.51
      vertex -38.8593 19.3524 3
      vertex -39.4566 19.3812 2.51
    endloop
  endfacet
  facet normal -0.652226 -0.0857893 0.753154
    outer loop
      vertex -38.6422 18.3862 3
      vertex -38.6724 18.6158 3
      vertex -39.2254 18.5183 2.51
    endloop
  endfacet
  facet normal -0.652287 -0.0857945 0.753101
    outer loop
      vertex -38.6422 18.3862 3
      vertex -39.167 18.075 2.51
      vertex -38.6077 18.1239 3
    endloop
  endfacet
  facet normal -0.652236 -0.0859251 0.75313
    outer loop
      vertex -39.167 18.075 2.51
      vertex -38.6422 18.3862 3
      vertex -39.2254 18.5183 2.51
    endloop
  endfacet
  facet normal 0.300617 0.953745 -0
    outer loop
      vertex -1.32645 -22.5787 0
      vertex -1.75285 -22.4443 2.51
      vertex -1.32645 -22.5787 2.51
    endloop
  endfacet
  facet normal 0.300617 0.953745 0
    outer loop
      vertex -1.75285 -22.4443 2.51
      vertex -1.32645 -22.5787 0
      vertex -1.75285 -22.4443 0
    endloop
  endfacet
  facet normal 0.793437 -0.608652 0
    outer loop
      vertex -4.19815 -14.6888 2.51
      vertex -3.92598 -14.334 0
      vertex -3.92598 -14.334 2.51
    endloop
  endfacet
  facet normal 0.793437 -0.608652 0
    outer loop
      vertex -3.92598 -14.334 0
      vertex -4.19815 -14.6888 2.51
      vertex -4.19815 -14.6888 0
    endloop
  endfacet
  facet normal -0.999048 -0.0436217 0
    outer loop
      vertex 5.125 -17.6283 0
      vertex 5.1055 -17.1817 2.51
      vertex 5.1055 -17.1817 0
    endloop
  endfacet
  facet normal -0.999048 -0.0436217 0
    outer loop
      vertex 5.1055 -17.1817 2.51
      vertex 5.125 -17.6283 0
      vertex 5.125 -17.6283 2.51
    endloop
  endfacet
  facet normal -0.953713 -0.300719 0
    outer loop
      vertex 4.95037 -16.3019 0
      vertex 4.81592 -15.8755 2.51
      vertex 4.81592 -15.8755 0
    endloop
  endfacet
  facet normal -0.953713 -0.300719 0
    outer loop
      vertex 4.81592 -15.8755 2.51
      vertex 4.95037 -16.3019 0
      vertex 4.95037 -16.3019 2.51
    endloop
  endfacet
  facet normal 0.216502 -0.976282 0
    outer loop
      vertex -1.32645 -12.678 0
      vertex -0.889946 -12.5812 2.51
      vertex -1.32645 -12.678 2.51
    endloop
  endfacet
  facet normal 0.216502 -0.976282 0
    outer loop
      vertex -0.889946 -12.5812 2.51
      vertex -1.32645 -12.678 0
      vertex -0.889946 -12.5812 0
    endloop
  endfacet
  facet normal 0.382685 -0.923879 0
    outer loop
      vertex -2.16592 -12.9835 0
      vertex -1.75285 -12.8124 2.51
      vertex -2.16592 -12.9835 2.51
    endloop
  endfacet
  facet normal 0.382685 -0.923879 0
    outer loop
      vertex -1.75285 -12.8124 2.51
      vertex -2.16592 -12.9835 0
      vertex -1.75285 -12.8124 0
    endloop
  endfacet
  facet normal 0.793354 0.60876 0
    outer loop
      vertex -3.92598 -20.9226 2.51
      vertex -4.19815 -20.5679 0
      vertex -4.19815 -20.5679 2.51
    endloop
  endfacet
  facet normal 0.793354 0.60876 0
    outer loop
      vertex -4.19815 -20.5679 0
      vertex -3.92598 -20.9226 2.51
      vertex -3.92598 -20.9226 0
    endloop
  endfacet
  facet normal -0.976296 0.21644 0
    outer loop
      vertex 4.95037 -18.9548 0
      vertex 5.04714 -18.5183 2.51
      vertex 5.04714 -18.5183 0
    endloop
  endfacet
  facet normal -0.976296 0.21644 0
    outer loop
      vertex 5.04714 -18.5183 2.51
      vertex 4.95037 -18.9548 0
      vertex 4.95037 -18.9548 2.51
    endloop
  endfacet
  facet normal -0.991445 -0.130523 0
    outer loop
      vertex 5.1055 -17.1817 0
      vertex 5.04714 -16.7384 2.51
      vertex 5.04714 -16.7384 0
    endloop
  endfacet
  facet normal -0.991445 -0.130523 0
    outer loop
      vertex 5.04714 -16.7384 2.51
      vertex 5.1055 -17.1817 0
      vertex 5.1055 -17.1817 2.51
    endloop
  endfacet
  facet normal 0.537258 0.843418 -0
    outer loop
      vertex -2.5625 -22.0667 0
      vertex -2.93958 -21.8265 2.51
      vertex -2.5625 -22.0667 2.51
    endloop
  endfacet
  facet normal 0.537258 0.843418 0
    outer loop
      vertex -2.93958 -21.8265 2.51
      vertex -2.5625 -22.0667 0
      vertex -2.93958 -21.8265 0
    endloop
  endfacet
  facet normal 0.991445 0.130523 0
    outer loop
      vertex -5.04714 -18.5183 2.51
      vertex -5.1055 -18.075 0
      vertex -5.1055 -18.075 2.51
    endloop
  endfacet
  facet normal 0.991445 0.130523 0
    outer loop
      vertex -5.1055 -18.075 0
      vertex -5.04714 -18.5183 2.51
      vertex -5.04714 -18.5183 0
    endloop
  endfacet
  facet normal -0.382685 -0.923879 0
    outer loop
      vertex 1.75285 -12.8124 0
      vertex 2.16592 -12.9835 2.51
      vertex 1.75285 -12.8124 2.51
    endloop
  endfacet
  facet normal -0.382685 -0.923879 -0
    outer loop
      vertex 2.16592 -12.9835 2.51
      vertex 1.75285 -12.8124 0
      vertex 2.16592 -12.9835 0
    endloop
  endfacet
  facet normal -0.737236 -0.675635 0
    outer loop
      vertex 3.92598 -14.334 0
      vertex 3.62392 -14.0044 2.51
      vertex 3.62392 -14.0044 0
    endloop
  endfacet
  facet normal -0.737236 -0.675635 0
    outer loop
      vertex 3.62392 -14.0044 2.51
      vertex 3.92598 -14.334 0
      vertex 3.92598 -14.334 2.51
    endloop
  endfacet
  facet normal -0.300617 0.953745 0
    outer loop
      vertex 1.75285 -22.4443 0
      vertex 1.32645 -22.5787 2.51
      vertex 1.75285 -22.4443 2.51
    endloop
  endfacet
  facet normal -0.300617 0.953745 0
    outer loop
      vertex 1.32645 -22.5787 2.51
      vertex 1.75285 -22.4443 0
      vertex 1.32645 -22.5787 0
    endloop
  endfacet
  facet normal -0.0436147 -0.999048 0
    outer loop
      vertex 0 -12.5033 0
      vertex 0.446672 -12.5228 2.51
      vertex 0 -12.5033 2.51
    endloop
  endfacet
  facet normal -0.0436147 -0.999048 -0
    outer loop
      vertex 0.446672 -12.5228 2.51
      vertex 0 -12.5033 0
      vertex 0.446672 -12.5228 0
    endloop
  endfacet
  facet normal -0.976296 -0.21644 0
    outer loop
      vertex 5.04714 -16.7384 0
      vertex 4.95037 -16.3019 2.51
      vertex 4.95037 -16.3019 0
    endloop
  endfacet
  facet normal -0.976296 -0.21644 0
    outer loop
      vertex 4.95037 -16.3019 2.51
      vertex 5.04714 -16.7384 0
      vertex 5.04714 -16.7384 2.51
    endloop
  endfacet
  facet normal -0.991445 0.130523 0
    outer loop
      vertex 5.04714 -18.5183 0
      vertex 5.1055 -18.075 2.51
      vertex 5.1055 -18.075 0
    endloop
  endfacet
  facet normal -0.991445 0.130523 0
    outer loop
      vertex 5.1055 -18.075 2.51
      vertex 5.04714 -18.5183 0
      vertex 5.04714 -18.5183 2.51
    endloop
  endfacet
  facet normal -0.887017 -0.461736 0
    outer loop
      vertex 4.64483 -15.4624 0
      vertex 4.43838 -15.0658 2.51
      vertex 4.43838 -15.0658 0
    endloop
  endfacet
  facet normal -0.887017 -0.461736 0
    outer loop
      vertex 4.43838 -15.0658 2.51
      vertex 4.64483 -15.4624 0
      vertex 4.64483 -15.4624 2.51
    endloop
  endfacet
  facet normal 0.953713 0.300719 0
    outer loop
      vertex -4.81592 -19.3812 2.51
      vertex -4.95037 -18.9548 0
      vertex -4.95037 -18.9548 2.51
    endloop
  endfacet
  facet normal 0.953713 0.300719 0
    outer loop
      vertex -4.95037 -18.9548 0
      vertex -4.81592 -19.3812 2.51
      vertex -4.81592 -19.3812 0
    endloop
  endfacet
  facet normal 0.991445 -0.130523 0
    outer loop
      vertex -5.1055 -17.1817 2.51
      vertex -5.04714 -16.7384 0
      vertex -5.04714 -16.7384 2.51
    endloop
  endfacet
  facet normal 0.991445 -0.130523 0
    outer loop
      vertex -5.04714 -16.7384 0
      vertex -5.1055 -17.1817 2.51
      vertex -5.1055 -17.1817 0
    endloop
  endfacet
  facet normal 0.675529 0.737333 -0
    outer loop
      vertex -3.29429 -21.5543 0
      vertex -3.62392 -21.2523 2.51
      vertex -3.29429 -21.5543 2.51
    endloop
  endfacet
  facet normal 0.675529 0.737333 0
    outer loop
      vertex -3.62392 -21.2523 2.51
      vertex -3.29429 -21.5543 0
      vertex -3.62392 -21.2523 0
    endloop
  endfacet
  facet normal 0.130398 0.991462 -0
    outer loop
      vertex -0.446672 -22.7338 0
      vertex -0.889946 -22.6755 2.51
      vertex -0.446672 -22.7338 2.51
    endloop
  endfacet
  facet normal 0.130398 0.991462 0
    outer loop
      vertex -0.889946 -22.6755 2.51
      vertex -0.446672 -22.7338 0
      vertex -0.889946 -22.6755 0
    endloop
  endfacet
  facet normal 0.737236 -0.675635 0
    outer loop
      vertex -3.92598 -14.334 2.51
      vertex -3.62392 -14.0044 0
      vertex -3.62392 -14.0044 2.51
    endloop
  endfacet
  facet normal 0.737236 -0.675635 0
    outer loop
      vertex -3.62392 -14.0044 0
      vertex -3.92598 -14.334 2.51
      vertex -3.92598 -14.334 0
    endloop
  endfacet
  facet normal -0.608792 0.79333 0
    outer loop
      vertex 3.29429 -21.5543 0
      vertex 2.93958 -21.8265 2.51
      vertex 3.29429 -21.5543 2.51
    endloop
  endfacet
  facet normal -0.608792 0.79333 0
    outer loop
      vertex 2.93958 -21.8265 2.51
      vertex 3.29429 -21.5543 0
      vertex 2.93958 -21.8265 0
    endloop
  endfacet
  facet normal -0.923897 -0.382642 0
    outer loop
      vertex 4.81592 -15.8755 0
      vertex 4.64483 -15.4624 2.51
      vertex 4.64483 -15.4624 0
    endloop
  endfacet
  facet normal -0.923897 -0.382642 0
    outer loop
      vertex 4.64483 -15.4624 2.51
      vertex 4.81592 -15.8755 0
      vertex 4.81592 -15.8755 2.51
    endloop
  endfacet
  facet normal 0.130618 -0.991433 0
    outer loop
      vertex -0.889946 -12.5812 0
      vertex -0.446672 -12.5228 2.51
      vertex -0.889946 -12.5812 2.51
    endloop
  endfacet
  facet normal 0.130618 -0.991433 0
    outer loop
      vertex -0.446672 -12.5228 2.51
      vertex -0.889946 -12.5812 0
      vertex -0.446672 -12.5228 0
    endloop
  endfacet
  facet normal -0.675529 0.737333 0
    outer loop
      vertex 3.62392 -21.2523 0
      vertex 3.29429 -21.5543 2.51
      vertex 3.62392 -21.2523 2.51
    endloop
  endfacet
  facet normal -0.675529 0.737333 0
    outer loop
      vertex 3.29429 -21.5543 2.51
      vertex 3.62392 -21.2523 0
      vertex 3.29429 -21.5543 0
    endloop
  endfacet
  facet normal 0.382685 0.923879 -0
    outer loop
      vertex -1.75285 -22.4443 0
      vertex -2.16592 -22.2732 2.51
      vertex -1.75285 -22.4443 2.51
    endloop
  endfacet
  facet normal 0.382685 0.923879 0
    outer loop
      vertex -2.16592 -22.2732 2.51
      vertex -1.75285 -22.4443 0
      vertex -2.16592 -22.2732 0
    endloop
  endfacet
  facet normal -0.537258 0.843418 0
    outer loop
      vertex 2.93958 -21.8265 0
      vertex 2.5625 -22.0667 2.51
      vertex 2.93958 -21.8265 2.51
    endloop
  endfacet
  facet normal -0.537258 0.843418 0
    outer loop
      vertex 2.5625 -22.0667 2.51
      vertex 2.93958 -21.8265 0
      vertex 2.5625 -22.0667 0
    endloop
  endfacet
  facet normal -0.300617 -0.953745 0
    outer loop
      vertex 1.32645 -12.678 0
      vertex 1.75285 -12.8124 2.51
      vertex 1.32645 -12.678 2.51
    endloop
  endfacet
  facet normal -0.300617 -0.953745 -0
    outer loop
      vertex 1.75285 -12.8124 2.51
      vertex 1.32645 -12.678 0
      vertex 1.75285 -12.8124 0
    endloop
  endfacet
  facet normal -0.843401 0.537285 0
    outer loop
      vertex 4.19815 -20.5679 0
      vertex 4.43838 -20.1908 2.51
      vertex 4.43838 -20.1908 0
    endloop
  endfacet
  facet normal -0.843401 0.537285 0
    outer loop
      vertex 4.43838 -20.1908 2.51
      vertex 4.19815 -20.5679 0
      vertex 4.19815 -20.5679 2.51
    endloop
  endfacet
  facet normal -0.999049 0.0436119 0
    outer loop
      vertex 5.1055 -18.075 0
      vertex 5.125 -17.6283 2.51
      vertex 5.125 -17.6283 0
    endloop
  endfacet
  facet normal -0.999049 0.0436119 0
    outer loop
      vertex 5.125 -17.6283 2.51
      vertex 5.1055 -18.075 0
      vertex 5.1055 -18.075 2.51
    endloop
  endfacet
  facet normal 0.608792 -0.79333 0
    outer loop
      vertex -3.29429 -13.7024 0
      vertex -2.93958 -13.4302 2.51
      vertex -3.29429 -13.7024 2.51
    endloop
  endfacet
  facet normal 0.608792 -0.79333 0
    outer loop
      vertex -2.93958 -13.4302 2.51
      vertex -3.29429 -13.7024 0
      vertex -2.93958 -13.4302 0
    endloop
  endfacet
  facet normal -0.130618 -0.991433 0
    outer loop
      vertex 0.446672 -12.5228 0
      vertex 0.889946 -12.5812 2.51
      vertex 0.446672 -12.5228 2.51
    endloop
  endfacet
  facet normal -0.130618 -0.991433 -0
    outer loop
      vertex 0.889946 -12.5812 2.51
      vertex 0.446672 -12.5228 0
      vertex 0.889946 -12.5812 0
    endloop
  endfacet
  facet normal -0.216502 -0.976282 0
    outer loop
      vertex 0.889946 -12.5812 0
      vertex 1.32645 -12.678 2.51
      vertex 0.889946 -12.5812 2.51
    endloop
  endfacet
  facet normal -0.216502 -0.976282 -0
    outer loop
      vertex 1.32645 -12.678 2.51
      vertex 0.889946 -12.5812 0
      vertex 1.32645 -12.678 0
    endloop
  endfacet
  facet normal 0.300617 -0.953745 0
    outer loop
      vertex -1.75285 -12.8124 0
      vertex -1.32645 -12.678 2.51
      vertex -1.75285 -12.8124 2.51
    endloop
  endfacet
  facet normal 0.300617 -0.953745 0
    outer loop
      vertex -1.32645 -12.678 2.51
      vertex -1.75285 -12.8124 0
      vertex -1.32645 -12.678 0
    endloop
  endfacet
  facet normal 0.843401 0.537285 0
    outer loop
      vertex -4.19815 -20.5679 2.51
      vertex -4.43838 -20.1908 0
      vertex -4.43838 -20.1908 2.51
    endloop
  endfacet
  facet normal 0.843401 0.537285 0
    outer loop
      vertex -4.43838 -20.1908 0
      vertex -4.19815 -20.5679 2.51
      vertex -4.19815 -20.5679 0
    endloop
  endfacet
  facet normal 0.0436147 0.999048 -0
    outer loop
      vertex 0 -22.7533 0
      vertex -0.446672 -22.7338 2.51
      vertex 0 -22.7533 2.51
    endloop
  endfacet
  facet normal 0.0436147 0.999048 0
    outer loop
      vertex -0.446672 -22.7338 2.51
      vertex 0 -22.7533 0
      vertex -0.446672 -22.7338 0
    endloop
  endfacet
  facet normal -0.886969 0.461828 0
    outer loop
      vertex 4.43838 -20.1908 0
      vertex 4.64483 -19.7943 2.51
      vertex 4.64483 -19.7943 0
    endloop
  endfacet
  facet normal -0.886969 0.461828 0
    outer loop
      vertex 4.64483 -19.7943 2.51
      vertex 4.43838 -20.1908 0
      vertex 4.43838 -20.1908 2.51
    endloop
  endfacet
  facet normal -0.461843 -0.886962 0
    outer loop
      vertex 2.16592 -12.9835 0
      vertex 2.5625 -13.19 2.51
      vertex 2.16592 -12.9835 2.51
    endloop
  endfacet
  facet normal -0.461843 -0.886962 -0
    outer loop
      vertex 2.5625 -13.19 2.51
      vertex 2.16592 -12.9835 0
      vertex 2.5625 -13.19 0
    endloop
  endfacet
  facet normal 0.923897 -0.382642 0
    outer loop
      vertex -4.81592 -15.8755 2.51
      vertex -4.64483 -15.4624 0
      vertex -4.64483 -15.4624 2.51
    endloop
  endfacet
  facet normal 0.923897 -0.382642 0
    outer loop
      vertex -4.64483 -15.4624 0
      vertex -4.81592 -15.8755 2.51
      vertex -4.81592 -15.8755 0
    endloop
  endfacet
  facet normal -0.130398 0.991462 0
    outer loop
      vertex 0.889946 -22.6755 0
      vertex 0.446672 -22.7338 2.51
      vertex 0.889946 -22.6755 2.51
    endloop
  endfacet
  facet normal -0.130398 0.991462 0
    outer loop
      vertex 0.446672 -22.7338 2.51
      vertex 0.889946 -22.6755 0
      vertex 0.446672 -22.7338 0
    endloop
  endfacet
  facet normal 0.999048 -0.0436217 0
    outer loop
      vertex -5.125 -17.6283 2.51
      vertex -5.1055 -17.1817 0
      vertex -5.1055 -17.1817 2.51
    endloop
  endfacet
  facet normal 0.999048 -0.0436217 0
    outer loop
      vertex -5.1055 -17.1817 0
      vertex -5.125 -17.6283 2.51
      vertex -5.125 -17.6283 0
    endloop
  endfacet
  facet normal -0.537258 -0.843418 0
    outer loop
      vertex 2.5625 -13.19 0
      vertex 2.93958 -13.4302 2.51
      vertex 2.5625 -13.19 2.51
    endloop
  endfacet
  facet normal -0.537258 -0.843418 -0
    outer loop
      vertex 2.93958 -13.4302 2.51
      vertex 2.5625 -13.19 0
      vertex 2.93958 -13.4302 0
    endloop
  endfacet
  facet normal 0.216502 0.976282 -0
    outer loop
      vertex -0.889946 -22.6755 0
      vertex -1.32645 -22.5787 2.51
      vertex -0.889946 -22.6755 2.51
    endloop
  endfacet
  facet normal 0.216502 0.976282 0
    outer loop
      vertex -1.32645 -22.5787 2.51
      vertex -0.889946 -22.6755 0
      vertex -1.32645 -22.5787 0
    endloop
  endfacet
  facet normal 0.843336 -0.537386 0
    outer loop
      vertex -4.43838 -15.0658 2.51
      vertex -4.19815 -14.6888 0
      vertex -4.19815 -14.6888 2.51
    endloop
  endfacet
  facet normal 0.843336 -0.537386 0
    outer loop
      vertex -4.19815 -14.6888 0
      vertex -4.43838 -15.0658 2.51
      vertex -4.43838 -15.0658 0
    endloop
  endfacet
  facet normal 0.675529 -0.737333 0
    outer loop
      vertex -3.62392 -14.0044 0
      vertex -3.29429 -13.7024 2.51
      vertex -3.62392 -14.0044 2.51
    endloop
  endfacet
  facet normal 0.675529 -0.737333 0
    outer loop
      vertex -3.29429 -13.7024 2.51
      vertex -3.62392 -14.0044 0
      vertex -3.29429 -13.7024 0
    endloop
  endfacet
  facet normal -0.608792 -0.79333 0
    outer loop
      vertex 2.93958 -13.4302 0
      vertex 3.29429 -13.7024 2.51
      vertex 2.93958 -13.4302 2.51
    endloop
  endfacet
  facet normal -0.608792 -0.79333 -0
    outer loop
      vertex 3.29429 -13.7024 2.51
      vertex 2.93958 -13.4302 0
      vertex 3.29429 -13.7024 0
    endloop
  endfacet
  facet normal 0.923897 0.382642 0
    outer loop
      vertex -4.64483 -19.7943 2.51
      vertex -4.81592 -19.3812 0
      vertex -4.81592 -19.3812 2.51
    endloop
  endfacet
  facet normal 0.923897 0.382642 0
    outer loop
      vertex -4.81592 -19.3812 0
      vertex -4.64483 -19.7943 2.51
      vertex -4.64483 -19.7943 0
    endloop
  endfacet
  facet normal 0.0436147 -0.999048 0
    outer loop
      vertex -0.446672 -12.5228 0
      vertex 0 -12.5033 2.51
      vertex -0.446672 -12.5228 2.51
    endloop
  endfacet
  facet normal 0.0436147 -0.999048 0
    outer loop
      vertex 0 -12.5033 2.51
      vertex -0.446672 -12.5228 0
      vertex 0 -12.5033 0
    endloop
  endfacet
  facet normal 0.999049 0.0436119 0
    outer loop
      vertex -5.1055 -18.075 2.51
      vertex -5.125 -17.6283 0
      vertex -5.125 -17.6283 2.51
    endloop
  endfacet
  facet normal 0.999049 0.0436119 0
    outer loop
      vertex -5.125 -17.6283 0
      vertex -5.1055 -18.075 2.51
      vertex -5.1055 -18.075 0
    endloop
  endfacet
  facet normal -0.675529 -0.737333 0
    outer loop
      vertex 3.29429 -13.7024 0
      vertex 3.62392 -14.0044 2.51
      vertex 3.29429 -13.7024 2.51
    endloop
  endfacet
  facet normal -0.675529 -0.737333 -0
    outer loop
      vertex 3.62392 -14.0044 2.51
      vertex 3.29429 -13.7024 0
      vertex 3.62392 -14.0044 0
    endloop
  endfacet
  facet normal 0.976296 0.21644 0
    outer loop
      vertex -4.95037 -18.9548 2.51
      vertex -5.04714 -18.5183 0
      vertex -5.04714 -18.5183 2.51
    endloop
  endfacet
  facet normal 0.976296 0.21644 0
    outer loop
      vertex -5.04714 -18.5183 0
      vertex -4.95037 -18.9548 2.51
      vertex -4.95037 -18.9548 0
    endloop
  endfacet
  facet normal -0.737338 0.675524 0
    outer loop
      vertex 3.62392 -21.2523 0
      vertex 3.92598 -20.9226 2.51
      vertex 3.92598 -20.9226 0
    endloop
  endfacet
  facet normal -0.737338 0.675524 0
    outer loop
      vertex 3.92598 -20.9226 2.51
      vertex 3.62392 -21.2523 0
      vertex 3.62392 -21.2523 2.51
    endloop
  endfacet
  facet normal 0.737338 0.675524 0
    outer loop
      vertex -3.62392 -21.2523 2.51
      vertex -3.92598 -20.9226 0
      vertex -3.92598 -20.9226 2.51
    endloop
  endfacet
  facet normal 0.737338 0.675524 0
    outer loop
      vertex -3.92598 -20.9226 0
      vertex -3.62392 -21.2523 2.51
      vertex -3.62392 -21.2523 0
    endloop
  endfacet
  facet normal 0.608792 0.79333 -0
    outer loop
      vertex -2.93958 -21.8265 0
      vertex -3.29429 -21.5543 2.51
      vertex -2.93958 -21.8265 2.51
    endloop
  endfacet
  facet normal 0.608792 0.79333 0
    outer loop
      vertex -3.29429 -21.5543 2.51
      vertex -2.93958 -21.8265 0
      vertex -3.29429 -21.5543 0
    endloop
  endfacet
  facet normal 0.886969 0.461828 0
    outer loop
      vertex -4.43838 -20.1908 2.51
      vertex -4.64483 -19.7943 0
      vertex -4.64483 -19.7943 2.51
    endloop
  endfacet
  facet normal 0.886969 0.461828 0
    outer loop
      vertex -4.64483 -19.7943 0
      vertex -4.43838 -20.1908 2.51
      vertex -4.43838 -20.1908 0
    endloop
  endfacet
  facet normal 0.953713 -0.300719 0
    outer loop
      vertex -4.95037 -16.3019 2.51
      vertex -4.81592 -15.8755 0
      vertex -4.81592 -15.8755 2.51
    endloop
  endfacet
  facet normal 0.953713 -0.300719 0
    outer loop
      vertex -4.81592 -15.8755 0
      vertex -4.95037 -16.3019 2.51
      vertex -4.95037 -16.3019 0
    endloop
  endfacet
  facet normal -0.793354 0.60876 0
    outer loop
      vertex 3.92598 -20.9226 0
      vertex 4.19815 -20.5679 2.51
      vertex 4.19815 -20.5679 0
    endloop
  endfacet
  facet normal -0.793354 0.60876 0
    outer loop
      vertex 4.19815 -20.5679 2.51
      vertex 3.92598 -20.9226 0
      vertex 3.92598 -20.9226 2.51
    endloop
  endfacet
  facet normal -0.461843 0.886962 0
    outer loop
      vertex 2.5625 -22.0667 0
      vertex 2.16592 -22.2732 2.51
      vertex 2.5625 -22.0667 2.51
    endloop
  endfacet
  facet normal -0.461843 0.886962 0
    outer loop
      vertex 2.16592 -22.2732 2.51
      vertex 2.5625 -22.0667 0
      vertex 2.16592 -22.2732 0
    endloop
  endfacet
  facet normal -0.793437 -0.608652 0
    outer loop
      vertex 4.19815 -14.6888 0
      vertex 3.92598 -14.334 2.51
      vertex 3.92598 -14.334 0
    endloop
  endfacet
  facet normal -0.793437 -0.608652 0
    outer loop
      vertex 3.92598 -14.334 2.51
      vertex 4.19815 -14.6888 0
      vertex 4.19815 -14.6888 2.51
    endloop
  endfacet
  facet normal -0.843336 -0.537386 0
    outer loop
      vertex 4.43838 -15.0658 0
      vertex 4.19815 -14.6888 2.51
      vertex 4.19815 -14.6888 0
    endloop
  endfacet
  facet normal -0.843336 -0.537386 0
    outer loop
      vertex 4.19815 -14.6888 2.51
      vertex 4.43838 -15.0658 0
      vertex 4.43838 -15.0658 2.51
    endloop
  endfacet
  facet normal -0.382685 0.923879 0
    outer loop
      vertex 2.16592 -22.2732 0
      vertex 1.75285 -22.4443 2.51
      vertex 2.16592 -22.2732 2.51
    endloop
  endfacet
  facet normal -0.382685 0.923879 0
    outer loop
      vertex 1.75285 -22.4443 2.51
      vertex 2.16592 -22.2732 0
      vertex 1.75285 -22.4443 0
    endloop
  endfacet
  facet normal -0.216502 0.976282 0
    outer loop
      vertex 1.32645 -22.5787 0
      vertex 0.889946 -22.6755 2.51
      vertex 1.32645 -22.5787 2.51
    endloop
  endfacet
  facet normal -0.216502 0.976282 0
    outer loop
      vertex 0.889946 -22.6755 2.51
      vertex 1.32645 -22.5787 0
      vertex 0.889946 -22.6755 0
    endloop
  endfacet
  facet normal -0.0436147 0.999048 0
    outer loop
      vertex 0.446672 -22.7338 0
      vertex 0 -22.7533 2.51
      vertex 0.446672 -22.7338 2.51
    endloop
  endfacet
  facet normal -0.0436147 0.999048 0
    outer loop
      vertex 0 -22.7533 2.51
      vertex 0.446672 -22.7338 0
      vertex 0 -22.7533 0
    endloop
  endfacet
  facet normal -0.923897 0.382642 0
    outer loop
      vertex 4.64483 -19.7943 0
      vertex 4.81592 -19.3812 2.51
      vertex 4.81592 -19.3812 0
    endloop
  endfacet
  facet normal -0.923897 0.382642 0
    outer loop
      vertex 4.81592 -19.3812 2.51
      vertex 4.64483 -19.7943 0
      vertex 4.64483 -19.7943 2.51
    endloop
  endfacet
  facet normal -0.953713 0.300719 0
    outer loop
      vertex 4.81592 -19.3812 0
      vertex 4.95037 -18.9548 2.51
      vertex 4.95037 -18.9548 0
    endloop
  endfacet
  facet normal -0.953713 0.300719 0
    outer loop
      vertex 4.95037 -18.9548 2.51
      vertex 4.81592 -19.3812 0
      vertex 4.81592 -19.3812 2.51
    endloop
  endfacet
  facet normal 0.537258 -0.843418 0
    outer loop
      vertex -2.93958 -13.4302 0
      vertex -2.5625 -13.19 2.51
      vertex -2.93958 -13.4302 2.51
    endloop
  endfacet
  facet normal 0.537258 -0.843418 0
    outer loop
      vertex -2.5625 -13.19 2.51
      vertex -2.93958 -13.4302 0
      vertex -2.5625 -13.19 0
    endloop
  endfacet
  facet normal 0.461843 -0.886962 0
    outer loop
      vertex -2.5625 -13.19 0
      vertex -2.16592 -12.9835 2.51
      vertex -2.5625 -13.19 2.51
    endloop
  endfacet
  facet normal 0.461843 -0.886962 0
    outer loop
      vertex -2.16592 -12.9835 2.51
      vertex -2.5625 -13.19 0
      vertex -2.16592 -12.9835 0
    endloop
  endfacet
  facet normal 0.976296 -0.21644 0
    outer loop
      vertex -5.04714 -16.7384 2.51
      vertex -4.95037 -16.3019 0
      vertex -4.95037 -16.3019 2.51
    endloop
  endfacet
  facet normal 0.976296 -0.21644 0
    outer loop
      vertex -4.95037 -16.3019 0
      vertex -5.04714 -16.7384 2.51
      vertex -5.04714 -16.7384 0
    endloop
  endfacet
  facet normal 0.887017 -0.461736 0
    outer loop
      vertex -4.64483 -15.4624 2.51
      vertex -4.43838 -15.0658 0
      vertex -4.43838 -15.0658 2.51
    endloop
  endfacet
  facet normal 0.887017 -0.461736 0
    outer loop
      vertex -4.43838 -15.0658 0
      vertex -4.64483 -15.4624 2.51
      vertex -4.64483 -15.4624 0
    endloop
  endfacet
  facet normal 0.461843 0.886962 -0
    outer loop
      vertex -2.16592 -22.2732 0
      vertex -2.5625 -22.0667 2.51
      vertex -2.16592 -22.2732 2.51
    endloop
  endfacet
  facet normal 0.461843 0.886962 0
    outer loop
      vertex -2.5625 -22.0667 2.51
      vertex -2.16592 -22.2732 0
      vertex -2.5625 -22.0667 0
    endloop
  endfacet
  facet normal -0.642285 0.142437 0.753115
    outer loop
      vertex 5.04714 -18.5183 2.51
      vertex 5.54281 -18.874 3
      vertex 5.60007 -18.6158 3
    endloop
  endfacet
  facet normal -0.642305 0.142396 0.753105
    outer loop
      vertex 5.54281 -18.874 3
      vertex 5.04714 -18.5183 2.51
      vertex 4.95037 -18.9548 2.51
    endloop
  endfacet
  facet normal -0.607822 0.251796 0.753094
    outer loop
      vertex 5.15368 -20.0315 3
      vertex 5.24229 -19.8176 3
      vertex 4.64483 -19.7943 2.51
    endloop
  endfacet
  facet normal -0.444452 0.485067 0.753109
    outer loop
      vertex 3.62392 -21.2523 2.51
      vertex 3.8259 -21.828 3
      vertex 4.02093 -21.6493 3
    endloop
  endfacet
  facet normal -0.444423 0.485083 0.753116
    outer loop
      vertex 3.8259 -21.828 3
      vertex 3.62392 -21.2523 2.51
      vertex 3.29429 -21.5543 2.51
    endloop
  endfacet
  facet normal -0.657262 -0.0287002 0.753115
    outer loop
      vertex 5.68646 -17.6283 3
      vertex 5.67636 -17.397 3
      vertex 5.125 -17.6283 2.51
    endloop
  endfacet
  facet normal -0.657263 -0.0286977 0.753115
    outer loop
      vertex 5.1055 -17.1817 2.51
      vertex 5.67636 -17.397 3
      vertex 5.66482 -17.1327 3
    endloop
  endfacet
  facet normal -0.657263 -0.0286982 0.753115
    outer loop
      vertex 5.67636 -17.397 3
      vertex 5.1055 -17.1817 2.51
      vertex 5.125 -17.6283 2.51
    endloop
  endfacet
  facet normal 0.0860892 -0.652246 0.753103
    outer loop
      vertex -0.889946 -12.5812 2.51
      vertex -0.757877 -11.998 3
      vertex -0.987442 -12.0283 3
    endloop
  endfacet
  facet normal -0.303751 0.583606 0.753087
    outer loop
      vertex 2.4032 -22.782 3
      vertex 2.60859 -22.6751 3
      vertex 2.16592 -22.2732 2.51
    endloop
  endfacet
  facet normal 0.642306 0.142353 0.753113
    outer loop
      vertex -5.4927 -19.1001 3
      vertex -4.95037 -18.9548 2.51
      vertex -5.54281 -18.874 3
    endloop
  endfacet
  facet normal -0.142345 -0.642259 0.753154
    outer loop
      vertex 1.32645 -12.678 2.51
      vertex 1.47176 -12.1356 3
      vertex 1.24571 -12.0855 3
    endloop
  endfacet
  facet normal -0.627442 0.197832 0.753113
    outer loop
      vertex 4.95037 -18.9548 2.51
      vertex 5.41315 -19.3524 3
      vertex 5.4927 -19.1001 3
    endloop
  endfacet
  facet normal -0.627437 0.19784 0.753115
    outer loop
      vertex 5.41315 -19.3524 3
      vertex 4.95037 -18.9548 2.51
      vertex 4.81592 -19.3812 2.51
    endloop
  endfacet
  facet normal -0.554853 0.353453 0.753133
    outer loop
      vertex 4.65807 -20.89 3
      vertex 4.78248 -20.6947 3
      vertex 4.19815 -20.5679 2.51
    endloop
  endfacet
  facet normal -0.627435 0.197864 0.753111
    outer loop
      vertex 5.34352 -19.5732 3
      vertex 5.41315 -19.3524 3
      vertex 4.81592 -19.3812 2.51
    endloop
  endfacet
  facet normal 0.627435 0.197864 0.753111
    outer loop
      vertex -5.34352 -19.5732 3
      vertex -4.81592 -19.3812 2.51
      vertex -5.41315 -19.3524 3
    endloop
  endfacet
  facet normal -0.303894 0.583517 0.753098
    outer loop
      vertex 2.5625 -22.0667 2.51
      vertex 2.60859 -22.6751 3
      vertex 2.84323 -22.5529 3
    endloop
  endfacet
  facet normal -0.303845 0.583529 0.753109
    outer loop
      vertex 2.60859 -22.6751 3
      vertex 2.5625 -22.0667 2.51
      vertex 2.16592 -22.2732 2.51
    endloop
  endfacet
  facet normal -0.60782 -0.251758 0.753109
    outer loop
      vertex 5.24229 -15.4391 3
      vertex 4.81592 -15.8755 2.51
      vertex 5.34352 -15.6835 3
    endloop
  endfacet
  facet normal -0.607833 -0.251741 0.753104
    outer loop
      vertex 4.81592 -15.8755 2.51
      vertex 5.24229 -15.4391 3
      vertex 4.64483 -15.4624 2.51
    endloop
  endfacet
  facet normal -0.0286958 0.657236 0.753139
    outer loop
      vertex 0.231326 -23.3047 3
      vertex 0 -22.7533 2.51
      vertex 0 -23.3148 3
    endloop
  endfacet
  facet normal 0.400508 0.521911 0.753129
    outer loop
      vertex -3.47149 -22.1254 3
      vertex -2.93958 -21.8265 2.51
      vertex -3.29429 -21.5543 2.51
    endloop
  endfacet
  facet normal 0.400442 0.521992 0.753107
    outer loop
      vertex -2.93958 -21.8265 2.51
      vertex -3.47149 -22.1254 3
      vertex -3.26162 -22.2864 3
    endloop
  endfacet
  facet normal 0.353463 0.554886 0.753104
    outer loop
      vertex -3.06633 -22.4108 3
      vertex -2.93958 -21.8265 2.51
      vertex -3.26162 -22.2864 3
    endloop
  endfacet
  facet normal 0.627437 -0.19784 0.753115
    outer loop
      vertex -5.41315 -15.9043 3
      vertex -4.95037 -16.3019 2.51
      vertex -4.81592 -15.8755 2.51
    endloop
  endfacet
  facet normal 0.627442 -0.197832 0.753113
    outer loop
      vertex -4.95037 -16.3019 2.51
      vertex -5.41315 -15.9043 3
      vertex -5.4927 -16.1566 3
    endloop
  endfacet
  facet normal -0.197761 0.627464 0.753114
    outer loop
      vertex 1.94488 -22.9719 3
      vertex 1.75285 -22.4443 2.51
      vertex 1.72405 -23.0415 3
    endloop
  endfacet
  facet normal 0.0858108 0.65229 0.753097
    outer loop
      vertex -0.757877 -23.2586 3
      vertex -0.889946 -22.6755 2.51
      vertex -0.987442 -23.2284 3
    endloop
  endfacet
  facet normal 0.0286958 0.657236 0.753139
    outer loop
      vertex 0 -23.3148 3
      vertex 0 -22.7533 2.51
      vertex -0.231326 -23.3047 3
    endloop
  endfacet
  facet normal -0.0858108 0.65229 0.753097
    outer loop
      vertex 0.987442 -23.2284 3
      vertex 0.889946 -22.6755 2.51
      vertex 0.757877 -23.2586 3
    endloop
  endfacet
  facet normal -0.303674 -0.583571 0.753145
    outer loop
      vertex 2.60859 -12.5816 3
      vertex 2.5625 -13.19 2.51
      vertex 2.84323 -12.7037 3
    endloop
  endfacet
  facet normal -0.303845 -0.583529 0.753109
    outer loop
      vertex 2.5625 -13.19 2.51
      vertex 2.60859 -12.5816 3
      vertex 2.16592 -12.9835 2.51
    endloop
  endfacet
  facet normal -0.142442 0.642321 0.753083
    outer loop
      vertex 0.889946 -22.6755 2.51
      vertex 1.24571 -23.1711 3
      vertex 1.32645 -22.5787 2.51
    endloop
  endfacet
  facet normal -0.142501 0.642293 0.753096
    outer loop
      vertex 1.24571 -23.1711 3
      vertex 0.889946 -22.6755 2.51
      vertex 0.987442 -23.2284 3
    endloop
  endfacet
  facet normal 0.521936 -0.400502 0.753114
    outer loop
      vertex -3.92598 -14.334 2.51
      vertex -4.35608 -13.9731 3
      vertex -4.49704 -14.1568 3
    endloop
  endfacet
  facet normal 0.521936 0.400502 0.753114
    outer loop
      vertex -4.35608 -21.2835 3
      vertex -3.92598 -20.9226 2.51
      vertex -4.49704 -21.0998 3
    endloop
  endfacet
  facet normal -0.353463 0.554886 0.753104
    outer loop
      vertex 3.06633 -22.4108 3
      vertex 3.26162 -22.2864 3
      vertex 2.93958 -21.8265 2.51
    endloop
  endfacet
  facet normal -0.657261 0.0286917 0.753116
    outer loop
      vertex 5.1055 -18.075 2.51
      vertex 5.67636 -17.8597 3
      vertex 5.125 -17.6283 2.51
    endloop
  endfacet
  facet normal -0.657265 0.0287087 0.753113
    outer loop
      vertex 5.67636 -17.8597 3
      vertex 5.1055 -18.075 2.51
      vertex 5.66482 -18.1239 3
    endloop
  endfacet
  facet normal 0.485101 0.444433 0.753098
    outer loop
      vertex -4.19965 -21.4542 3
      vertex -3.62392 -21.2523 2.51
      vertex -3.92598 -20.9226 2.51
    endloop
  endfacet
  facet normal 0.485123 0.444393 0.753107
    outer loop
      vertex -3.62392 -21.2523 2.51
      vertex -4.19965 -21.4542 3
      vertex -4.02093 -21.6493 3
    endloop
  endfacet
  facet normal -0.652263 0.085851 0.753115
    outer loop
      vertex 5.60007 -18.6158 3
      vertex 5.63029 -18.3862 3
      vertex 5.04714 -18.5183 2.51
    endloop
  endfacet
  facet normal -0.657263 0.0286878 0.753116
    outer loop
      vertex 5.67636 -17.8597 3
      vertex 5.68646 -17.6283 3
      vertex 5.125 -17.6283 2.51
    endloop
  endfacet
  facet normal -0.652266 0.0858664 0.753111
    outer loop
      vertex 5.1055 -18.075 2.51
      vertex 5.63029 -18.3862 3
      vertex 5.66482 -18.1239 3
    endloop
  endfacet
  facet normal -0.652265 0.08587 0.753112
    outer loop
      vertex 5.63029 -18.3862 3
      vertex 5.1055 -18.075 2.51
      vertex 5.04714 -18.5183 2.51
    endloop
  endfacet
  facet normal -0.627435 -0.197864 0.753111
    outer loop
      vertex 5.41315 -15.9043 3
      vertex 5.34352 -15.6835 3
      vertex 4.81592 -15.8755 2.51
    endloop
  endfacet
  facet normal 0.19773 0.627489 0.753101
    outer loop
      vertex -1.32645 -22.5787 2.51
      vertex -1.72405 -23.0415 3
      vertex -1.47176 -23.121 3
    endloop
  endfacet
  facet normal 0.197774 0.627462 0.753111
    outer loop
      vertex -1.72405 -23.0415 3
      vertex -1.32645 -22.5787 2.51
      vertex -1.75285 -22.4443 2.51
    endloop
  endfacet
  facet normal -0.0857898 0.652288 0.7531
    outer loop
      vertex 0.446672 -22.7338 2.51
      vertex 0.757877 -23.2586 3
      vertex 0.889946 -22.6755 2.51
    endloop
  endfacet
  facet normal -0.0860404 0.652191 0.753156
    outer loop
      vertex 0.757877 -23.2586 3
      vertex 0.446672 -22.7338 2.51
      vertex 0.495607 -23.2932 3
    endloop
  endfacet
  facet normal -0.251756 0.607851 0.753084
    outer loop
      vertex 2.18928 -22.8706 3
      vertex 2.4032 -22.782 3
      vertex 2.16592 -22.2732 2.51
    endloop
  endfacet
  facet normal 0.554849 0.353464 0.753131
    outer loop
      vertex -4.43838 -20.1908 2.51
      vertex -4.78248 -20.6947 3
      vertex -4.19815 -20.5679 2.51
    endloop
  endfacet
  facet normal 0.554825 0.353487 0.753137
    outer loop
      vertex -4.78248 -20.6947 3
      vertex -4.43838 -20.1908 2.51
      vertex -4.92462 -20.4716 3
    endloop
  endfacet
  facet normal 0.652265 0.08587 0.753112
    outer loop
      vertex -5.1055 -18.075 2.51
      vertex -5.63029 -18.3862 3
      vertex -5.04714 -18.5183 2.51
    endloop
  endfacet
  facet normal 0.652266 0.0858664 0.753111
    outer loop
      vertex -5.63029 -18.3862 3
      vertex -5.1055 -18.075 2.51
      vertex -5.66482 -18.1239 3
    endloop
  endfacet
  facet normal 0.197939 -0.627363 0.753151
    outer loop
      vertex -1.72405 -12.2152 3
      vertex -1.32645 -12.678 2.51
      vertex -1.47176 -12.1356 3
    endloop
  endfacet
  facet normal 0.197774 -0.627462 0.753111
    outer loop
      vertex -1.32645 -12.678 2.51
      vertex -1.72405 -12.2152 3
      vertex -1.75285 -12.8124 2.51
    endloop
  endfacet
  facet normal 0.485006 -0.444514 0.753111
    outer loop
      vertex -4.19965 -13.8024 3
      vertex -3.62392 -14.0044 2.51
      vertex -4.02093 -13.6074 3
    endloop
  endfacet
  facet normal 0.485018 -0.444492 0.753116
    outer loop
      vertex -3.62392 -14.0044 2.51
      vertex -4.19965 -13.8024 3
      vertex -3.92598 -14.334 2.51
    endloop
  endfacet
  facet normal -0.197774 0.627462 0.753111
    outer loop
      vertex 1.32645 -22.5787 2.51
      vertex 1.72405 -23.0415 3
      vertex 1.75285 -22.4443 2.51
    endloop
  endfacet
  facet normal -0.19773 0.627489 0.753101
    outer loop
      vertex 1.72405 -23.0415 3
      vertex 1.32645 -22.5787 2.51
      vertex 1.47176 -23.121 3
    endloop
  endfacet
  facet normal 0.444423 -0.485083 0.753116
    outer loop
      vertex -3.8259 -13.4287 3
      vertex -3.62392 -14.0044 2.51
      vertex -3.29429 -13.7024 2.51
    endloop
  endfacet
  facet normal 0.444452 -0.485067 0.753109
    outer loop
      vertex -3.62392 -14.0044 2.51
      vertex -3.8259 -13.4287 3
      vertex -4.02093 -13.6074 3
    endloop
  endfacet
  facet normal 0.607833 0.251741 0.753104
    outer loop
      vertex -4.81592 -19.3812 2.51
      vertex -5.24229 -19.8176 3
      vertex -4.64483 -19.7943 2.51
    endloop
  endfacet
  facet normal 0.60782 0.251758 0.753109
    outer loop
      vertex -5.24229 -19.8176 3
      vertex -4.81592 -19.3812 2.51
      vertex -5.34352 -19.5732 3
    endloop
  endfacet
  facet normal -0.0285984 0.657218 0.753158
    outer loop
      vertex 0.446672 -22.7338 2.51
      vertex 0.231326 -23.3047 3
      vertex 0.495607 -23.2932 3
    endloop
  endfacet
  facet normal -0.0286925 0.657237 0.753138
    outer loop
      vertex 0.231326 -23.3047 3
      vertex 0.446672 -22.7338 2.51
      vertex 0 -22.7533 2.51
    endloop
  endfacet
  facet normal 0.607822 0.251796 0.753094
    outer loop
      vertex -5.15368 -20.0315 3
      vertex -4.64483 -19.7943 2.51
      vertex -5.24229 -19.8176 3
    endloop
  endfacet
  facet normal 0.400588 0.521872 0.753113
    outer loop
      vertex -3.47149 -22.1254 3
      vertex -3.29429 -21.5543 2.51
      vertex -3.65518 -21.9844 3
    endloop
  endfacet
  facet normal 0.652263 -0.085851 0.753115
    outer loop
      vertex -5.04714 -16.7384 2.51
      vertex -5.60007 -16.6409 3
      vertex -5.63029 -16.8705 3
    endloop
  endfacet
  facet normal 0.521939 0.400496 0.753115
    outer loop
      vertex -4.19815 -20.5679 2.51
      vertex -4.49704 -21.0998 3
      vertex -3.92598 -20.9226 2.51
    endloop
  endfacet
  facet normal 0.521867 0.400554 0.753134
    outer loop
      vertex -4.49704 -21.0998 3
      vertex -4.19815 -20.5679 2.51
      vertex -4.65807 -20.89 3
    endloop
  endfacet
  facet normal -0.142359 0.642322 0.753097
    outer loop
      vertex 1.47176 -23.121 3
      vertex 1.32645 -22.5787 2.51
      vertex 1.24571 -23.1711 3
    endloop
  endfacet
  facet normal -0.642306 0.142353 0.753113
    outer loop
      vertex 5.4927 -19.1001 3
      vertex 5.54281 -18.874 3
      vertex 4.95037 -18.9548 2.51
    endloop
  endfacet
  facet normal 0.400442 -0.521992 0.753107
    outer loop
      vertex -3.47149 -13.1313 3
      vertex -2.93958 -13.4302 2.51
      vertex -3.26162 -12.9703 3
    endloop
  endfacet
  facet normal 0.400508 -0.521911 0.753129
    outer loop
      vertex -2.93958 -13.4302 2.51
      vertex -3.47149 -13.1313 3
      vertex -3.29429 -13.7024 2.51
    endloop
  endfacet
  facet normal -0.44441 0.4851 0.753112
    outer loop
      vertex 3.65518 -21.9844 3
      vertex 3.8259 -21.828 3
      vertex 3.29429 -21.5543 2.51
    endloop
  endfacet
  facet normal 0.44441 0.4851 0.753112
    outer loop
      vertex -3.65518 -21.9844 3
      vertex -3.29429 -21.5543 2.51
      vertex -3.8259 -21.828 3
    endloop
  endfacet
  facet normal 0.303751 0.583606 0.753087
    outer loop
      vertex -2.4032 -22.782 3
      vertex -2.16592 -22.2732 2.51
      vertex -2.60859 -22.6751 3
    endloop
  endfacet
  facet normal -0.554856 -0.353506 0.753106
    outer loop
      vertex 4.78248 -14.562 3
      vertex 4.43838 -15.0658 2.51
      vertex 4.92462 -14.7851 3
    endloop
  endfacet
  facet normal -0.55482 -0.35354 0.753116
    outer loop
      vertex 4.43838 -15.0658 2.51
      vertex 4.78248 -14.562 3
      vertex 4.19815 -14.6888 2.51
    endloop
  endfacet
  facet normal 0.197761 0.627464 0.753114
    outer loop
      vertex -1.72405 -23.0415 3
      vertex -1.75285 -22.4443 2.51
      vertex -1.94488 -22.9719 3
    endloop
  endfacet
  facet normal 0.554853 -0.353453 0.753133
    outer loop
      vertex -4.19815 -14.6888 2.51
      vertex -4.65807 -14.3667 3
      vertex -4.78248 -14.562 3
    endloop
  endfacet
  facet normal -0.25178 0.607847 0.75308
    outer loop
      vertex 1.75285 -22.4443 2.51
      vertex 2.18928 -22.8706 3
      vertex 2.16592 -22.2732 2.51
    endloop
  endfacet
  facet normal -0.251905 0.607755 0.753112
    outer loop
      vertex 2.18928 -22.8706 3
      vertex 1.75285 -22.4443 2.51
      vertex 1.94488 -22.9719 3
    endloop
  endfacet
  facet normal -0.0858038 -0.652283 0.753103
    outer loop
      vertex 0.446672 -12.5228 2.51
      vertex 0.757877 -11.998 3
      vertex 0.495607 -11.9635 3
    endloop
  endfacet
  facet normal -0.0859299 -0.652234 0.753131
    outer loop
      vertex 0.757877 -11.998 3
      vertex 0.446672 -12.5228 2.51
      vertex 0.889946 -12.5812 2.51
    endloop
  endfacet
  facet normal 0.554853 0.353453 0.753133
    outer loop
      vertex -4.65807 -20.89 3
      vertex -4.19815 -20.5679 2.51
      vertex -4.78248 -20.6947 3
    endloop
  endfacet
  facet normal 0.652263 0.085851 0.753115
    outer loop
      vertex -5.60007 -18.6158 3
      vertex -5.04714 -18.5183 2.51
      vertex -5.63029 -18.3862 3
    endloop
  endfacet
  facet normal 0.0860404 0.652191 0.753156
    outer loop
      vertex -0.446672 -22.7338 2.51
      vertex -0.757877 -23.2586 3
      vertex -0.495607 -23.2932 3
    endloop
  endfacet
  facet normal 0.0857898 0.652288 0.7531
    outer loop
      vertex -0.757877 -23.2586 3
      vertex -0.446672 -22.7338 2.51
      vertex -0.889946 -22.6755 2.51
    endloop
  endfacet
  facet normal -0.48503 0.444483 0.753114
    outer loop
      vertex 4.19965 -21.4542 3
      vertex 4.35608 -21.2835 3
      vertex 3.92598 -20.9226 2.51
    endloop
  endfacet
  facet normal -0.485101 0.444433 0.753098
    outer loop
      vertex 3.62392 -21.2523 2.51
      vertex 4.19965 -21.4542 3
      vertex 3.92598 -20.9226 2.51
    endloop
  endfacet
  facet normal -0.485123 0.444393 0.753107
    outer loop
      vertex 4.19965 -21.4542 3
      vertex 3.62392 -21.2523 2.51
      vertex 4.02093 -21.6493 3
    endloop
  endfacet
  facet normal -0.607843 -0.251687 0.753114
    outer loop
      vertex 5.24229 -15.4391 3
      vertex 5.15368 -15.2251 3
      vertex 4.64483 -15.4624 2.51
    endloop
  endfacet
  facet normal 0.657263 0.0286878 0.753116
    outer loop
      vertex -5.67636 -17.8597 3
      vertex -5.125 -17.6283 2.51
      vertex -5.68646 -17.6283 3
    endloop
  endfacet
  facet normal 0.303845 -0.583529 0.753109
    outer loop
      vertex -2.60859 -12.5816 3
      vertex -2.5625 -13.19 2.51
      vertex -2.16592 -12.9835 2.51
    endloop
  endfacet
  facet normal 0.303674 -0.583571 0.753145
    outer loop
      vertex -2.5625 -13.19 2.51
      vertex -2.60859 -12.5816 3
      vertex -2.84323 -12.7037 3
    endloop
  endfacet
  facet normal 0.303751 -0.583606 0.753087
    outer loop
      vertex -2.16592 -12.9835 2.51
      vertex -2.4032 -12.4747 3
      vertex -2.60859 -12.5816 3
    endloop
  endfacet
  facet normal 0.642291 -0.142393 0.753118
    outer loop
      vertex -5.54281 -16.3826 3
      vertex -5.04714 -16.7384 2.51
      vertex -4.95037 -16.3019 2.51
    endloop
  endfacet
  facet normal 0.642295 -0.142384 0.753116
    outer loop
      vertex -5.04714 -16.7384 2.51
      vertex -5.54281 -16.3826 3
      vertex -5.60007 -16.6409 3
    endloop
  endfacet
  facet normal 0.583569 -0.303745 0.753118
    outer loop
      vertex -4.64483 -15.4624 2.51
      vertex -5.04677 -15.0197 3
      vertex -5.15368 -15.2251 3
    endloop
  endfacet
  facet normal 0.521979 -0.400414 0.753131
    outer loop
      vertex -4.49704 -14.1568 3
      vertex -4.19815 -14.6888 2.51
      vertex -3.92598 -14.334 2.51
    endloop
  endfacet
  facet normal 0.521956 -0.400432 0.753137
    outer loop
      vertex -4.19815 -14.6888 2.51
      vertex -4.49704 -14.1568 3
      vertex -4.65807 -14.3667 3
    endloop
  endfacet
  facet normal -0.583534 0.303835 0.753108
    outer loop
      vertex 4.43838 -20.1908 2.51
      vertex 5.04677 -20.2369 3
      vertex 4.64483 -19.7943 2.51
    endloop
  endfacet
  facet normal -0.583563 0.303716 0.753134
    outer loop
      vertex 5.04677 -20.2369 3
      vertex 4.43838 -20.1908 2.51
      vertex 4.92462 -20.4716 3
    endloop
  endfacet
  facet normal -0.583596 0.30376 0.753091
    outer loop
      vertex 5.04677 -20.2369 3
      vertex 5.15368 -20.0315 3
      vertex 4.64483 -19.7943 2.51
    endloop
  endfacet
  facet normal -0.60782 0.251758 0.753109
    outer loop
      vertex 4.81592 -19.3812 2.51
      vertex 5.24229 -19.8176 3
      vertex 5.34352 -19.5732 3
    endloop
  endfacet
  facet normal -0.607833 0.251741 0.753104
    outer loop
      vertex 5.24229 -19.8176 3
      vertex 4.81592 -19.3812 2.51
      vertex 4.64483 -19.7943 2.51
    endloop
  endfacet
  facet normal -0.444452 -0.485067 0.753109
    outer loop
      vertex 3.8259 -13.4287 3
      vertex 3.62392 -14.0044 2.51
      vertex 4.02093 -13.6074 3
    endloop
  endfacet
  facet normal -0.444423 -0.485083 0.753116
    outer loop
      vertex 3.62392 -14.0044 2.51
      vertex 3.8259 -13.4287 3
      vertex 3.29429 -13.7024 2.51
    endloop
  endfacet
  facet normal -0.554853 -0.353453 0.753133
    outer loop
      vertex 4.78248 -14.562 3
      vertex 4.65807 -14.3667 3
      vertex 4.19815 -14.6888 2.51
    endloop
  endfacet
  facet normal -0.353462 0.554886 0.753104
    outer loop
      vertex 2.5625 -22.0667 2.51
      vertex 3.06633 -22.4108 3
      vertex 2.93958 -21.8265 2.51
    endloop
  endfacet
  facet normal -0.35344 0.554909 0.753098
    outer loop
      vertex 3.06633 -22.4108 3
      vertex 2.5625 -22.0667 2.51
      vertex 2.84323 -22.5529 3
    endloop
  endfacet
  facet normal 0.583596 0.30376 0.753091
    outer loop
      vertex -5.04677 -20.2369 3
      vertex -4.64483 -19.7943 2.51
      vertex -5.15368 -20.0315 3
    endloop
  endfacet
  facet normal 0.48503 0.444483 0.753114
    outer loop
      vertex -4.19965 -21.4542 3
      vertex -3.92598 -20.9226 2.51
      vertex -4.35608 -21.2835 3
    endloop
  endfacet
  facet normal -0.400588 -0.521872 0.753113
    outer loop
      vertex 3.65518 -13.2723 3
      vertex 3.47149 -13.1313 3
      vertex 3.29429 -13.7024 2.51
    endloop
  endfacet
  facet normal 0.0286953 -0.657303 0.75308
    outer loop
      vertex -0.231326 -11.952 3
      vertex -0.446672 -12.5228 2.51
      vertex 0 -12.5033 2.51
    endloop
  endfacet
  facet normal 0.0286013 -0.657284 0.7531
    outer loop
      vertex -0.446672 -12.5228 2.51
      vertex -0.231326 -11.952 3
      vertex -0.495607 -11.9635 3
    endloop
  endfacet
  facet normal -0.400442 -0.521992 0.753107
    outer loop
      vertex 2.93958 -13.4302 2.51
      vertex 3.47149 -13.1313 3
      vertex 3.26162 -12.9703 3
    endloop
  endfacet
  facet normal -0.400508 -0.521911 0.753129
    outer loop
      vertex 3.47149 -13.1313 3
      vertex 2.93958 -13.4302 2.51
      vertex 3.29429 -13.7024 2.51
    endloop
  endfacet
  facet normal 0.583535 -0.303831 0.753109
    outer loop
      vertex -5.04677 -15.0197 3
      vertex -4.43838 -15.0658 2.51
      vertex -4.92462 -14.7851 3
    endloop
  endfacet
  facet normal 0.583551 -0.303767 0.753123
    outer loop
      vertex -4.43838 -15.0658 2.51
      vertex -5.04677 -15.0197 3
      vertex -4.64483 -15.4624 2.51
    endloop
  endfacet
  facet normal 0.444423 0.485083 0.753116
    outer loop
      vertex -3.62392 -21.2523 2.51
      vertex -3.8259 -21.828 3
      vertex -3.29429 -21.5543 2.51
    endloop
  endfacet
  facet normal 0.444452 0.485067 0.753109
    outer loop
      vertex -3.8259 -21.828 3
      vertex -3.62392 -21.2523 2.51
      vertex -4.02093 -21.6493 3
    endloop
  endfacet
  facet normal 0.142359 0.642322 0.753097
    outer loop
      vertex -1.24571 -23.1711 3
      vertex -1.32645 -22.5787 2.51
      vertex -1.47176 -23.121 3
    endloop
  endfacet
  facet normal 0.0286925 0.657237 0.753138
    outer loop
      vertex -0.446672 -22.7338 2.51
      vertex -0.231326 -23.3047 3
      vertex 0 -22.7533 2.51
    endloop
  endfacet
  facet normal 0.0285984 0.657218 0.753158
    outer loop
      vertex -0.231326 -23.3047 3
      vertex -0.446672 -22.7338 2.51
      vertex -0.495607 -23.2932 3
    endloop
  endfacet
  facet normal -0.0286013 -0.657284 0.7531
    outer loop
      vertex 0.231326 -11.952 3
      vertex 0.446672 -12.5228 2.51
      vertex 0.495607 -11.9635 3
    endloop
  endfacet
  facet normal -0.0286953 -0.657303 0.75308
    outer loop
      vertex 0.446672 -12.5228 2.51
      vertex 0.231326 -11.952 3
      vertex 0 -12.5033 2.51
    endloop
  endfacet
  facet normal -0.353662 -0.554752 0.753109
    outer loop
      vertex 3.26162 -12.9703 3
      vertex 3.06633 -12.8458 3
      vertex 2.93958 -13.4302 2.51
    endloop
  endfacet
  facet normal 0.197761 -0.627464 0.753114
    outer loop
      vertex -1.75285 -12.8124 2.51
      vertex -1.72405 -12.2152 3
      vertex -1.94488 -12.2848 3
    endloop
  endfacet
  facet normal 0.400588 -0.521872 0.753113
    outer loop
      vertex -3.29429 -13.7024 2.51
      vertex -3.47149 -13.1313 3
      vertex -3.65518 -13.2723 3
    endloop
  endfacet
  facet normal 0.55482 -0.35354 0.753116
    outer loop
      vertex -4.78248 -14.562 3
      vertex -4.43838 -15.0658 2.51
      vertex -4.19815 -14.6888 2.51
    endloop
  endfacet
  facet normal 0.554856 -0.353506 0.753106
    outer loop
      vertex -4.43838 -15.0658 2.51
      vertex -4.78248 -14.562 3
      vertex -4.92462 -14.7851 3
    endloop
  endfacet
  facet normal -0.142262 -0.64234 0.753101
    outer loop
      vertex 0.889946 -12.5812 2.51
      vertex 1.24571 -12.0855 3
      vertex 0.987442 -12.0283 3
    endloop
  endfacet
  facet normal -0.142428 -0.642258 0.753139
    outer loop
      vertex 1.24571 -12.0855 3
      vertex 0.889946 -12.5812 2.51
      vertex 1.32645 -12.678 2.51
    endloop
  endfacet
  facet normal -0.400508 0.521911 0.753129
    outer loop
      vertex 2.93958 -21.8265 2.51
      vertex 3.47149 -22.1254 3
      vertex 3.29429 -21.5543 2.51
    endloop
  endfacet
  facet normal -0.400442 0.521992 0.753107
    outer loop
      vertex 3.47149 -22.1254 3
      vertex 2.93958 -21.8265 2.51
      vertex 3.26162 -22.2864 3
    endloop
  endfacet
  facet normal 0.142501 0.642293 0.753096
    outer loop
      vertex -0.889946 -22.6755 2.51
      vertex -1.24571 -23.1711 3
      vertex -0.987442 -23.2284 3
    endloop
  endfacet
  facet normal 0.142442 0.642321 0.753083
    outer loop
      vertex -1.24571 -23.1711 3
      vertex -0.889946 -22.6755 2.51
      vertex -1.32645 -22.5787 2.51
    endloop
  endfacet
  facet normal 0.44441 -0.4851 0.753112
    outer loop
      vertex -3.29429 -13.7024 2.51
      vertex -3.65518 -13.2723 3
      vertex -3.8259 -13.4287 3
    endloop
  endfacet
  facet normal 0.48503 -0.444483 0.753114
    outer loop
      vertex -3.92598 -14.334 2.51
      vertex -4.19965 -13.8024 3
      vertex -4.35608 -13.9731 3
    endloop
  endfacet
  facet normal 0.142262 -0.64234 0.753101
    outer loop
      vertex -1.24571 -12.0855 3
      vertex -0.889946 -12.5812 2.51
      vertex -0.987442 -12.0283 3
    endloop
  endfacet
  facet normal 0.142428 -0.642258 0.753139
    outer loop
      vertex -0.889946 -12.5812 2.51
      vertex -1.24571 -12.0855 3
      vertex -1.32645 -12.678 2.51
    endloop
  endfacet
  facet normal 0.0858038 -0.652283 0.753103
    outer loop
      vertex -0.757877 -11.998 3
      vertex -0.446672 -12.5228 2.51
      vertex -0.495607 -11.9635 3
    endloop
  endfacet
  facet normal 0.0859299 -0.652234 0.753131
    outer loop
      vertex -0.446672 -12.5228 2.51
      vertex -0.757877 -11.998 3
      vertex -0.889946 -12.5812 2.51
    endloop
  endfacet
  facet normal 0.251691 -0.607838 0.753117
    outer loop
      vertex -2.18928 -12.386 3
      vertex -1.75285 -12.8124 2.51
      vertex -1.94488 -12.2848 3
    endloop
  endfacet
  facet normal 0.251756 -0.60779 0.753134
    outer loop
      vertex -1.75285 -12.8124 2.51
      vertex -2.18928 -12.386 3
      vertex -2.16592 -12.9835 2.51
    endloop
  endfacet
  facet normal -0.521936 -0.400502 0.753114
    outer loop
      vertex 4.49704 -14.1568 3
      vertex 4.35608 -13.9731 3
      vertex 3.92598 -14.334 2.51
    endloop
  endfacet
  facet normal 0.642291 -0.142412 0.753114
    outer loop
      vertex -4.95037 -16.3019 2.51
      vertex -5.4927 -16.1566 3
      vertex -5.54281 -16.3826 3
    endloop
  endfacet
  facet normal 0.627437 0.19784 0.753115
    outer loop
      vertex -4.95037 -18.9548 2.51
      vertex -5.41315 -19.3524 3
      vertex -4.81592 -19.3812 2.51
    endloop
  endfacet
  facet normal 0.627442 0.197832 0.753113
    outer loop
      vertex -5.41315 -19.3524 3
      vertex -4.95037 -18.9548 2.51
      vertex -5.4927 -19.1001 3
    endloop
  endfacet
  facet normal -0.521936 0.400502 0.753114
    outer loop
      vertex 4.35608 -21.2835 3
      vertex 4.49704 -21.0998 3
      vertex 3.92598 -20.9226 2.51
    endloop
  endfacet
  facet normal 0.25178 0.607847 0.75308
    outer loop
      vertex -2.18928 -22.8706 3
      vertex -1.75285 -22.4443 2.51
      vertex -2.16592 -22.2732 2.51
    endloop
  endfacet
  facet normal 0.251905 0.607755 0.753112
    outer loop
      vertex -1.75285 -22.4443 2.51
      vertex -2.18928 -22.8706 3
      vertex -1.94488 -22.9719 3
    endloop
  endfacet
  facet normal -0.400588 0.521872 0.753113
    outer loop
      vertex 3.47149 -22.1254 3
      vertex 3.65518 -21.9844 3
      vertex 3.29429 -21.5543 2.51
    endloop
  endfacet
  facet normal 0.642305 0.142396 0.753105
    outer loop
      vertex -5.04714 -18.5183 2.51
      vertex -5.54281 -18.874 3
      vertex -4.95037 -18.9548 2.51
    endloop
  endfacet
  facet normal 0.642285 0.142437 0.753115
    outer loop
      vertex -5.54281 -18.874 3
      vertex -5.04714 -18.5183 2.51
      vertex -5.60007 -18.6158 3
    endloop
  endfacet
  facet normal 0.251756 0.607851 0.753084
    outer loop
      vertex -2.18928 -22.8706 3
      vertex -2.16592 -22.2732 2.51
      vertex -2.4032 -22.782 3
    endloop
  endfacet
  facet normal -0.35341 -0.554861 0.753147
    outer loop
      vertex 2.5625 -13.19 2.51
      vertex 3.06633 -12.8458 3
      vertex 2.84323 -12.7037 3
    endloop
  endfacet
  facet normal -0.353432 -0.554838 0.753153
    outer loop
      vertex 3.06633 -12.8458 3
      vertex 2.5625 -13.19 2.51
      vertex 2.93958 -13.4302 2.51
    endloop
  endfacet
  facet normal 0.303845 0.583529 0.753109
    outer loop
      vertex -2.5625 -22.0667 2.51
      vertex -2.60859 -22.6751 3
      vertex -2.16592 -22.2732 2.51
    endloop
  endfacet
  facet normal 0.303894 0.583517 0.753098
    outer loop
      vertex -2.60859 -22.6751 3
      vertex -2.5625 -22.0667 2.51
      vertex -2.84323 -22.5529 3
    endloop
  endfacet
  facet normal 0.657263 -0.0286977 0.753115
    outer loop
      vertex -5.67636 -17.397 3
      vertex -5.1055 -17.1817 2.51
      vertex -5.66482 -17.1327 3
    endloop
  endfacet
  facet normal 0.657263 -0.0286982 0.753115
    outer loop
      vertex -5.1055 -17.1817 2.51
      vertex -5.67636 -17.397 3
      vertex -5.125 -17.6283 2.51
    endloop
  endfacet
  facet normal 0.142345 -0.642259 0.753154
    outer loop
      vertex -1.32645 -12.678 2.51
      vertex -1.24571 -12.0855 3
      vertex -1.47176 -12.1356 3
    endloop
  endfacet
  facet normal 0.353462 0.554886 0.753104
    outer loop
      vertex -3.06633 -22.4108 3
      vertex -2.5625 -22.0667 2.51
      vertex -2.93958 -21.8265 2.51
    endloop
  endfacet
  facet normal 0.35344 0.554909 0.753098
    outer loop
      vertex -2.5625 -22.0667 2.51
      vertex -3.06633 -22.4108 3
      vertex -2.84323 -22.5529 3
    endloop
  endfacet
  facet normal -0.197939 -0.627363 0.753151
    outer loop
      vertex 1.32645 -12.678 2.51
      vertex 1.72405 -12.2152 3
      vertex 1.47176 -12.1356 3
    endloop
  endfacet
  facet normal -0.197774 -0.627462 0.753111
    outer loop
      vertex 1.72405 -12.2152 3
      vertex 1.32645 -12.678 2.51
      vertex 1.75285 -12.8124 2.51
    endloop
  endfacet
  facet normal 0.627435 -0.197864 0.753111
    outer loop
      vertex -4.81592 -15.8755 2.51
      vertex -5.34352 -15.6835 3
      vertex -5.41315 -15.9043 3
    endloop
  endfacet
  facet normal 0.607843 -0.251687 0.753114
    outer loop
      vertex -4.64483 -15.4624 2.51
      vertex -5.15368 -15.2251 3
      vertex -5.24229 -15.4391 3
    endloop
  endfacet
  facet normal 0.251996 -0.607745 0.75309
    outer loop
      vertex -2.16592 -12.9835 2.51
      vertex -2.18928 -12.386 3
      vertex -2.4032 -12.4747 3
    endloop
  endfacet
  facet normal -0.44441 -0.4851 0.753112
    outer loop
      vertex 3.8259 -13.4287 3
      vertex 3.65518 -13.2723 3
      vertex 3.29429 -13.7024 2.51
    endloop
  endfacet
  facet normal 0.353662 -0.554752 0.753109
    outer loop
      vertex -2.93958 -13.4302 2.51
      vertex -3.06633 -12.8458 3
      vertex -3.26162 -12.9703 3
    endloop
  endfacet
  facet normal 0.35341 -0.554861 0.753147
    outer loop
      vertex -3.06633 -12.8458 3
      vertex -2.5625 -13.19 2.51
      vertex -2.84323 -12.7037 3
    endloop
  endfacet
  facet normal 0.353432 -0.554838 0.753153
    outer loop
      vertex -2.5625 -13.19 2.51
      vertex -3.06633 -12.8458 3
      vertex -2.93958 -13.4302 2.51
    endloop
  endfacet
  facet normal -0.303751 -0.583606 0.753087
    outer loop
      vertex 2.60859 -12.5816 3
      vertex 2.4032 -12.4747 3
      vertex 2.16592 -12.9835 2.51
    endloop
  endfacet
  facet normal 0.657262 -0.0287002 0.753115
    outer loop
      vertex -5.125 -17.6283 2.51
      vertex -5.67636 -17.397 3
      vertex -5.68646 -17.6283 3
    endloop
  endfacet
  facet normal -0.251996 -0.607745 0.75309
    outer loop
      vertex 2.4032 -12.4747 3
      vertex 2.18928 -12.386 3
      vertex 2.16592 -12.9835 2.51
    endloop
  endfacet
  facet normal 0.607833 -0.251741 0.753104
    outer loop
      vertex -5.24229 -15.4391 3
      vertex -4.81592 -15.8755 2.51
      vertex -4.64483 -15.4624 2.51
    endloop
  endfacet
  facet normal 0.60782 -0.251758 0.753109
    outer loop
      vertex -4.81592 -15.8755 2.51
      vertex -5.24229 -15.4391 3
      vertex -5.34352 -15.6835 3
    endloop
  endfacet
  facet normal 0.583534 0.303835 0.753108
    outer loop
      vertex -5.04677 -20.2369 3
      vertex -4.43838 -20.1908 2.51
      vertex -4.64483 -19.7943 2.51
    endloop
  endfacet
  facet normal 0.583563 0.303716 0.753134
    outer loop
      vertex -4.43838 -20.1908 2.51
      vertex -5.04677 -20.2369 3
      vertex -4.92462 -20.4716 3
    endloop
  endfacet
  facet normal -0.554825 0.353487 0.753137
    outer loop
      vertex 4.43838 -20.1908 2.51
      vertex 4.78248 -20.6947 3
      vertex 4.92462 -20.4716 3
    endloop
  endfacet
  facet normal -0.554849 0.353464 0.753131
    outer loop
      vertex 4.78248 -20.6947 3
      vertex 4.43838 -20.1908 2.51
      vertex 4.19815 -20.5679 2.51
    endloop
  endfacet
  facet normal -0.521867 0.400554 0.753134
    outer loop
      vertex 4.19815 -20.5679 2.51
      vertex 4.49704 -21.0998 3
      vertex 4.65807 -20.89 3
    endloop
  endfacet
  facet normal -0.521939 0.400496 0.753115
    outer loop
      vertex 4.49704 -21.0998 3
      vertex 4.19815 -20.5679 2.51
      vertex 3.92598 -20.9226 2.51
    endloop
  endfacet
  facet normal 0.0286987 -0.657302 0.75308
    outer loop
      vertex 0 -12.5033 2.51
      vertex 0 -11.9419 3
      vertex -0.231326 -11.952 3
    endloop
  endfacet
  facet normal -0.0860892 -0.652246 0.753103
    outer loop
      vertex 0.889946 -12.5812 2.51
      vertex 0.987442 -12.0283 3
      vertex 0.757877 -11.998 3
    endloop
  endfacet
  facet normal -0.521956 -0.400432 0.753137
    outer loop
      vertex 4.49704 -14.1568 3
      vertex 4.19815 -14.6888 2.51
      vertex 4.65807 -14.3667 3
    endloop
  endfacet
  facet normal -0.521979 -0.400414 0.753131
    outer loop
      vertex 4.19815 -14.6888 2.51
      vertex 4.49704 -14.1568 3
      vertex 3.92598 -14.334 2.51
    endloop
  endfacet
  facet normal 0.652265 -0.08587 0.753112
    outer loop
      vertex -5.63029 -16.8705 3
      vertex -5.1055 -17.1817 2.51
      vertex -5.04714 -16.7384 2.51
    endloop
  endfacet
  facet normal 0.652254 -0.0858975 0.753118
    outer loop
      vertex -5.1055 -17.1817 2.51
      vertex -5.63029 -16.8705 3
      vertex -5.66482 -17.1327 3
    endloop
  endfacet
  facet normal -0.0286987 -0.657302 0.75308
    outer loop
      vertex 0.231326 -11.952 3
      vertex 0 -11.9419 3
      vertex 0 -12.5033 2.51
    endloop
  endfacet
  facet normal -0.583535 -0.303831 0.753109
    outer loop
      vertex 4.43838 -15.0658 2.51
      vertex 5.04677 -15.0197 3
      vertex 4.92462 -14.7851 3
    endloop
  endfacet
  facet normal -0.583551 -0.303767 0.753123
    outer loop
      vertex 5.04677 -15.0197 3
      vertex 4.43838 -15.0658 2.51
      vertex 4.64483 -15.4624 2.51
    endloop
  endfacet
  facet normal -0.48503 -0.444483 0.753114
    outer loop
      vertex 4.35608 -13.9731 3
      vertex 4.19965 -13.8024 3
      vertex 3.92598 -14.334 2.51
    endloop
  endfacet
  facet normal -0.642291 -0.142412 0.753114
    outer loop
      vertex 5.54281 -16.3826 3
      vertex 5.4927 -16.1566 3
      vertex 4.95037 -16.3019 2.51
    endloop
  endfacet
  facet normal -0.251691 -0.607838 0.753117
    outer loop
      vertex 1.75285 -12.8124 2.51
      vertex 2.18928 -12.386 3
      vertex 1.94488 -12.2848 3
    endloop
  endfacet
  facet normal -0.251756 -0.60779 0.753134
    outer loop
      vertex 2.18928 -12.386 3
      vertex 1.75285 -12.8124 2.51
      vertex 2.16592 -12.9835 2.51
    endloop
  endfacet
  facet normal -0.197761 -0.627464 0.753114
    outer loop
      vertex 1.75285 -12.8124 2.51
      vertex 1.94488 -12.2848 3
      vertex 1.72405 -12.2152 3
    endloop
  endfacet
  facet normal 0.657261 0.0286917 0.753116
    outer loop
      vertex -5.67636 -17.8597 3
      vertex -5.1055 -18.075 2.51
      vertex -5.125 -17.6283 2.51
    endloop
  endfacet
  facet normal 0.657265 0.0287087 0.753113
    outer loop
      vertex -5.1055 -18.075 2.51
      vertex -5.67636 -17.8597 3
      vertex -5.66482 -18.1239 3
    endloop
  endfacet
  facet normal -0.642295 -0.142384 0.753116
    outer loop
      vertex 5.54281 -16.3826 3
      vertex 5.04714 -16.7384 2.51
      vertex 5.60007 -16.6409 3
    endloop
  endfacet
  facet normal -0.642291 -0.142393 0.753118
    outer loop
      vertex 5.04714 -16.7384 2.51
      vertex 5.54281 -16.3826 3
      vertex 4.95037 -16.3019 2.51
    endloop
  endfacet
  facet normal -0.485006 -0.444514 0.753111
    outer loop
      vertex 3.62392 -14.0044 2.51
      vertex 4.19965 -13.8024 3
      vertex 4.02093 -13.6074 3
    endloop
  endfacet
  facet normal -0.485018 -0.444492 0.753116
    outer loop
      vertex 4.19965 -13.8024 3
      vertex 3.62392 -14.0044 2.51
      vertex 3.92598 -14.334 2.51
    endloop
  endfacet
  facet normal -0.583569 -0.303745 0.753118
    outer loop
      vertex 5.15368 -15.2251 3
      vertex 5.04677 -15.0197 3
      vertex 4.64483 -15.4624 2.51
    endloop
  endfacet
  facet normal -0.627442 -0.197832 0.753113
    outer loop
      vertex 5.41315 -15.9043 3
      vertex 4.95037 -16.3019 2.51
      vertex 5.4927 -16.1566 3
    endloop
  endfacet
  facet normal -0.627437 -0.19784 0.753115
    outer loop
      vertex 4.95037 -16.3019 2.51
      vertex 5.41315 -15.9043 3
      vertex 4.81592 -15.8755 2.51
    endloop
  endfacet
  facet normal -0.652263 -0.085851 0.753115
    outer loop
      vertex 5.63029 -16.8705 3
      vertex 5.60007 -16.6409 3
      vertex 5.04714 -16.7384 2.51
    endloop
  endfacet
  facet normal -0.652254 -0.0858975 0.753118
    outer loop
      vertex 5.63029 -16.8705 3
      vertex 5.1055 -17.1817 2.51
      vertex 5.66482 -17.1327 3
    endloop
  endfacet
  facet normal -0.652265 -0.08587 0.753112
    outer loop
      vertex 5.1055 -17.1817 2.51
      vertex 5.63029 -16.8705 3
      vertex 5.04714 -16.7384 2.51
    endloop
  endfacet
  facet normal -0.976296 0.21644 0
    outer loop
      vertex 4.95037 16.3019 0
      vertex 5.04714 16.7384 2.51
      vertex 5.04714 16.7384 0
    endloop
  endfacet
  facet normal -0.976296 0.21644 0
    outer loop
      vertex 5.04714 16.7384 2.51
      vertex 4.95037 16.3019 0
      vertex 4.95037 16.3019 2.51
    endloop
  endfacet
  facet normal -0.382685 -0.923879 0
    outer loop
      vertex 1.75285 22.4443 0
      vertex 2.16592 22.2732 2.51
      vertex 1.75285 22.4443 2.51
    endloop
  endfacet
  facet normal -0.382685 -0.923879 -0
    outer loop
      vertex 2.16592 22.2732 2.51
      vertex 1.75285 22.4443 0
      vertex 2.16592 22.2732 0
    endloop
  endfacet
  facet normal -0.608792 -0.79333 0
    outer loop
      vertex 2.93958 21.8265 0
      vertex 3.29429 21.5543 2.51
      vertex 2.93958 21.8265 2.51
    endloop
  endfacet
  facet normal -0.608792 -0.79333 -0
    outer loop
      vertex 3.29429 21.5543 2.51
      vertex 2.93958 21.8265 0
      vertex 3.29429 21.5543 0
    endloop
  endfacet
  facet normal -0.737338 -0.675524 0
    outer loop
      vertex 3.92598 20.9226 0
      vertex 3.62392 21.2523 2.51
      vertex 3.62392 21.2523 0
    endloop
  endfacet
  facet normal -0.737338 -0.675524 0
    outer loop
      vertex 3.62392 21.2523 2.51
      vertex 3.92598 20.9226 0
      vertex 3.92598 20.9226 2.51
    endloop
  endfacet
  facet normal 0.537258 -0.843418 0
    outer loop
      vertex -2.93958 21.8265 0
      vertex -2.5625 22.0667 2.51
      vertex -2.93958 21.8265 2.51
    endloop
  endfacet
  facet normal 0.537258 -0.843418 0
    outer loop
      vertex -2.5625 22.0667 2.51
      vertex -2.93958 21.8265 0
      vertex -2.5625 22.0667 0
    endloop
  endfacet
  facet normal 0.130618 0.991433 -0
    outer loop
      vertex -0.446672 12.5228 0
      vertex -0.889946 12.5812 2.51
      vertex -0.446672 12.5228 2.51
    endloop
  endfacet
  facet normal 0.130618 0.991433 0
    outer loop
      vertex -0.889946 12.5812 2.51
      vertex -0.446672 12.5228 0
      vertex -0.889946 12.5812 0
    endloop
  endfacet
  facet normal -0.130398 -0.991462 0
    outer loop
      vertex 0.446672 22.7338 0
      vertex 0.889946 22.6755 2.51
      vertex 0.446672 22.7338 2.51
    endloop
  endfacet
  facet normal -0.130398 -0.991462 -0
    outer loop
      vertex 0.889946 22.6755 2.51
      vertex 0.446672 22.7338 0
      vertex 0.889946 22.6755 0
    endloop
  endfacet
  facet normal -0.461843 -0.886962 0
    outer loop
      vertex 2.16592 22.2732 0
      vertex 2.5625 22.0667 2.51
      vertex 2.16592 22.2732 2.51
    endloop
  endfacet
  facet normal -0.461843 -0.886962 -0
    outer loop
      vertex 2.5625 22.0667 2.51
      vertex 2.16592 22.2732 0
      vertex 2.5625 22.0667 0
    endloop
  endfacet
  facet normal 0.608792 0.79333 -0
    outer loop
      vertex -2.93958 13.4302 0
      vertex -3.29429 13.7024 2.51
      vertex -2.93958 13.4302 2.51
    endloop
  endfacet
  facet normal 0.608792 0.79333 0
    outer loop
      vertex -3.29429 13.7024 2.51
      vertex -2.93958 13.4302 0
      vertex -3.29429 13.7024 0
    endloop
  endfacet
  facet normal -0.300617 0.953745 0
    outer loop
      vertex 1.75285 12.8124 0
      vertex 1.32645 12.678 2.51
      vertex 1.75285 12.8124 2.51
    endloop
  endfacet
  facet normal -0.300617 0.953745 0
    outer loop
      vertex 1.32645 12.678 2.51
      vertex 1.75285 12.8124 0
      vertex 1.32645 12.678 0
    endloop
  endfacet
  facet normal -0.991445 -0.130523 0
    outer loop
      vertex 5.1055 18.075 0
      vertex 5.04714 18.5183 2.51
      vertex 5.04714 18.5183 0
    endloop
  endfacet
  facet normal -0.991445 -0.130523 0
    outer loop
      vertex 5.04714 18.5183 2.51
      vertex 5.1055 18.075 0
      vertex 5.1055 18.075 2.51
    endloop
  endfacet
  facet normal -0.675529 -0.737333 0
    outer loop
      vertex 3.29429 21.5543 0
      vertex 3.62392 21.2523 2.51
      vertex 3.29429 21.5543 2.51
    endloop
  endfacet
  facet normal -0.675529 -0.737333 -0
    outer loop
      vertex 3.62392 21.2523 2.51
      vertex 3.29429 21.5543 0
      vertex 3.62392 21.2523 0
    endloop
  endfacet
  facet normal -0.953713 0.300719 0
    outer loop
      vertex 4.81592 15.8755 0
      vertex 4.95037 16.3019 2.51
      vertex 4.95037 16.3019 0
    endloop
  endfacet
  facet normal -0.953713 0.300719 0
    outer loop
      vertex 4.95037 16.3019 2.51
      vertex 4.81592 15.8755 0
      vertex 4.81592 15.8755 2.51
    endloop
  endfacet
  facet normal -0.737236 0.675635 0
    outer loop
      vertex 3.62392 14.0044 0
      vertex 3.92598 14.334 2.51
      vertex 3.92598 14.334 0
    endloop
  endfacet
  facet normal -0.737236 0.675635 0
    outer loop
      vertex 3.92598 14.334 2.51
      vertex 3.62392 14.0044 0
      vertex 3.62392 14.0044 2.51
    endloop
  endfacet
  facet normal -0.976296 -0.21644 0
    outer loop
      vertex 5.04714 18.5183 0
      vertex 4.95037 18.9548 2.51
      vertex 4.95037 18.9548 0
    endloop
  endfacet
  facet normal -0.976296 -0.21644 0
    outer loop
      vertex 4.95037 18.9548 2.51
      vertex 5.04714 18.5183 0
      vertex 5.04714 18.5183 2.51
    endloop
  endfacet
  facet normal -0.999049 -0.0436119 0
    outer loop
      vertex 5.125 17.6283 0
      vertex 5.1055 18.075 2.51
      vertex 5.1055 18.075 0
    endloop
  endfacet
  facet normal -0.999049 -0.0436119 0
    outer loop
      vertex 5.1055 18.075 2.51
      vertex 5.125 17.6283 0
      vertex 5.125 17.6283 2.51
    endloop
  endfacet
  facet normal -0.923897 0.382642 0
    outer loop
      vertex 4.64483 15.4624 0
      vertex 4.81592 15.8755 2.51
      vertex 4.81592 15.8755 0
    endloop
  endfacet
  facet normal -0.923897 0.382642 0
    outer loop
      vertex 4.81592 15.8755 2.51
      vertex 4.64483 15.4624 0
      vertex 4.64483 15.4624 2.51
    endloop
  endfacet
  facet normal -0.953713 -0.300719 0
    outer loop
      vertex 4.95037 18.9548 0
      vertex 4.81592 19.3812 2.51
      vertex 4.81592 19.3812 0
    endloop
  endfacet
  facet normal -0.953713 -0.300719 0
    outer loop
      vertex 4.81592 19.3812 2.51
      vertex 4.95037 18.9548 0
      vertex 4.95037 18.9548 2.51
    endloop
  endfacet
  facet normal -0.887017 0.461736 0
    outer loop
      vertex 4.43838 15.0658 0
      vertex 4.64483 15.4624 2.51
      vertex 4.64483 15.4624 0
    endloop
  endfacet
  facet normal -0.887017 0.461736 0
    outer loop
      vertex 4.64483 15.4624 2.51
      vertex 4.43838 15.0658 0
      vertex 4.43838 15.0658 2.51
    endloop
  endfacet
  facet normal 0.976296 -0.21644 0
    outer loop
      vertex -5.04714 18.5183 2.51
      vertex -4.95037 18.9548 0
      vertex -4.95037 18.9548 2.51
    endloop
  endfacet
  facet normal 0.976296 -0.21644 0
    outer loop
      vertex -4.95037 18.9548 0
      vertex -5.04714 18.5183 2.51
      vertex -5.04714 18.5183 0
    endloop
  endfacet
  facet normal -0.999048 0.0436217 0
    outer loop
      vertex 5.1055 17.1817 0
      vertex 5.125 17.6283 2.51
      vertex 5.125 17.6283 0
    endloop
  endfacet
  facet normal -0.999048 0.0436217 0
    outer loop
      vertex 5.125 17.6283 2.51
      vertex 5.1055 17.1817 0
      vertex 5.1055 17.1817 2.51
    endloop
  endfacet
  facet normal -0.216502 -0.976282 0
    outer loop
      vertex 0.889946 22.6755 0
      vertex 1.32645 22.5787 2.51
      vertex 0.889946 22.6755 2.51
    endloop
  endfacet
  facet normal -0.216502 -0.976282 -0
    outer loop
      vertex 1.32645 22.5787 2.51
      vertex 0.889946 22.6755 0
      vertex 1.32645 22.5787 0
    endloop
  endfacet
  facet normal 0.976296 0.21644 0
    outer loop
      vertex -4.95037 16.3019 2.51
      vertex -5.04714 16.7384 0
      vertex -5.04714 16.7384 2.51
    endloop
  endfacet
  facet normal 0.976296 0.21644 0
    outer loop
      vertex -5.04714 16.7384 0
      vertex -4.95037 16.3019 2.51
      vertex -4.95037 16.3019 0
    endloop
  endfacet
  facet normal -0.461843 0.886962 0
    outer loop
      vertex 2.5625 13.19 0
      vertex 2.16592 12.9835 2.51
      vertex 2.5625 13.19 2.51
    endloop
  endfacet
  facet normal -0.461843 0.886962 0
    outer loop
      vertex 2.16592 12.9835 2.51
      vertex 2.5625 13.19 0
      vertex 2.16592 12.9835 0
    endloop
  endfacet
  facet normal 0.608792 -0.79333 0
    outer loop
      vertex -3.29429 21.5543 0
      vertex -2.93958 21.8265 2.51
      vertex -3.29429 21.5543 2.51
    endloop
  endfacet
  facet normal 0.608792 -0.79333 0
    outer loop
      vertex -2.93958 21.8265 2.51
      vertex -3.29429 21.5543 0
      vertex -2.93958 21.8265 0
    endloop
  endfacet
  facet normal 0.923897 -0.382642 0
    outer loop
      vertex -4.81592 19.3812 2.51
      vertex -4.64483 19.7943 0
      vertex -4.64483 19.7943 2.51
    endloop
  endfacet
  facet normal 0.923897 -0.382642 0
    outer loop
      vertex -4.64483 19.7943 0
      vertex -4.81592 19.3812 2.51
      vertex -4.81592 19.3812 0
    endloop
  endfacet
  facet normal 0.953713 0.300719 0
    outer loop
      vertex -4.81592 15.8755 2.51
      vertex -4.95037 16.3019 0
      vertex -4.95037 16.3019 2.51
    endloop
  endfacet
  facet normal 0.953713 0.300719 0
    outer loop
      vertex -4.95037 16.3019 0
      vertex -4.81592 15.8755 2.51
      vertex -4.81592 15.8755 0
    endloop
  endfacet
  facet normal -0.886969 -0.461828 0
    outer loop
      vertex 4.64483 19.7943 0
      vertex 4.43838 20.1908 2.51
      vertex 4.43838 20.1908 0
    endloop
  endfacet
  facet normal -0.886969 -0.461828 0
    outer loop
      vertex 4.43838 20.1908 2.51
      vertex 4.64483 19.7943 0
      vertex 4.64483 19.7943 2.51
    endloop
  endfacet
  facet normal -0.793437 0.608652 0
    outer loop
      vertex 3.92598 14.334 0
      vertex 4.19815 14.6888 2.51
      vertex 4.19815 14.6888 0
    endloop
  endfacet
  facet normal -0.793437 0.608652 0
    outer loop
      vertex 4.19815 14.6888 2.51
      vertex 3.92598 14.334 0
      vertex 3.92598 14.334 2.51
    endloop
  endfacet
  facet normal -0.216502 0.976282 0
    outer loop
      vertex 1.32645 12.678 0
      vertex 0.889946 12.5812 2.51
      vertex 1.32645 12.678 2.51
    endloop
  endfacet
  facet normal -0.216502 0.976282 0
    outer loop
      vertex 0.889946 12.5812 2.51
      vertex 1.32645 12.678 0
      vertex 0.889946 12.5812 0
    endloop
  endfacet
  facet normal 0.737236 0.675635 0
    outer loop
      vertex -3.62392 14.0044 2.51
      vertex -3.92598 14.334 0
      vertex -3.92598 14.334 2.51
    endloop
  endfacet
  facet normal 0.737236 0.675635 0
    outer loop
      vertex -3.92598 14.334 0
      vertex -3.62392 14.0044 2.51
      vertex -3.62392 14.0044 0
    endloop
  endfacet
  facet normal -0.0436147 -0.999048 0
    outer loop
      vertex 0 22.7533 0
      vertex 0.446672 22.7338 2.51
      vertex 0 22.7533 2.51
    endloop
  endfacet
  facet normal -0.0436147 -0.999048 -0
    outer loop
      vertex 0.446672 22.7338 2.51
      vertex 0 22.7533 0
      vertex 0.446672 22.7338 0
    endloop
  endfacet
  facet normal 0.0436147 0.999048 -0
    outer loop
      vertex 0 12.5033 0
      vertex -0.446672 12.5228 2.51
      vertex 0 12.5033 2.51
    endloop
  endfacet
  facet normal 0.0436147 0.999048 0
    outer loop
      vertex -0.446672 12.5228 2.51
      vertex 0 12.5033 0
      vertex -0.446672 12.5228 0
    endloop
  endfacet
  facet normal 0.887017 0.461736 0
    outer loop
      vertex -4.43838 15.0658 2.51
      vertex -4.64483 15.4624 0
      vertex -4.64483 15.4624 2.51
    endloop
  endfacet
  facet normal 0.887017 0.461736 0
    outer loop
      vertex -4.64483 15.4624 0
      vertex -4.43838 15.0658 2.51
      vertex -4.43838 15.0658 0
    endloop
  endfacet
  facet normal 0.793354 -0.60876 0
    outer loop
      vertex -4.19815 20.5679 2.51
      vertex -3.92598 20.9226 0
      vertex -3.92598 20.9226 2.51
    endloop
  endfacet
  facet normal 0.793354 -0.60876 0
    outer loop
      vertex -3.92598 20.9226 0
      vertex -4.19815 20.5679 2.51
      vertex -4.19815 20.5679 0
    endloop
  endfacet
  facet normal 0.999049 -0.0436119 0
    outer loop
      vertex -5.125 17.6283 2.51
      vertex -5.1055 18.075 0
      vertex -5.1055 18.075 2.51
    endloop
  endfacet
  facet normal 0.999049 -0.0436119 0
    outer loop
      vertex -5.1055 18.075 0
      vertex -5.125 17.6283 2.51
      vertex -5.125 17.6283 0
    endloop
  endfacet
  facet normal 0.923897 0.382642 0
    outer loop
      vertex -4.64483 15.4624 2.51
      vertex -4.81592 15.8755 0
      vertex -4.81592 15.8755 2.51
    endloop
  endfacet
  facet normal 0.923897 0.382642 0
    outer loop
      vertex -4.81592 15.8755 0
      vertex -4.64483 15.4624 2.51
      vertex -4.64483 15.4624 0
    endloop
  endfacet
  facet normal -0.923897 -0.382642 0
    outer loop
      vertex 4.81592 19.3812 0
      vertex 4.64483 19.7943 2.51
      vertex 4.64483 19.7943 0
    endloop
  endfacet
  facet normal -0.923897 -0.382642 0
    outer loop
      vertex 4.64483 19.7943 2.51
      vertex 4.81592 19.3812 0
      vertex 4.81592 19.3812 2.51
    endloop
  endfacet
  facet normal -0.843401 -0.537285 0
    outer loop
      vertex 4.43838 20.1908 0
      vertex 4.19815 20.5679 2.51
      vertex 4.19815 20.5679 0
    endloop
  endfacet
  facet normal -0.843401 -0.537285 0
    outer loop
      vertex 4.19815 20.5679 2.51
      vertex 4.43838 20.1908 0
      vertex 4.43838 20.1908 2.51
    endloop
  endfacet
  facet normal -0.130618 0.991433 0
    outer loop
      vertex 0.889946 12.5812 0
      vertex 0.446672 12.5228 2.51
      vertex 0.889946 12.5812 2.51
    endloop
  endfacet
  facet normal -0.130618 0.991433 0
    outer loop
      vertex 0.446672 12.5228 2.51
      vertex 0.889946 12.5812 0
      vertex 0.446672 12.5228 0
    endloop
  endfacet
  facet normal 0.843336 0.537386 0
    outer loop
      vertex -4.19815 14.6888 2.51
      vertex -4.43838 15.0658 0
      vertex -4.43838 15.0658 2.51
    endloop
  endfacet
  facet normal 0.843336 0.537386 0
    outer loop
      vertex -4.43838 15.0658 0
      vertex -4.19815 14.6888 2.51
      vertex -4.19815 14.6888 0
    endloop
  endfacet
  facet normal 0.300617 -0.953745 0
    outer loop
      vertex -1.75285 22.4443 0
      vertex -1.32645 22.5787 2.51
      vertex -1.75285 22.4443 2.51
    endloop
  endfacet
  facet normal 0.300617 -0.953745 0
    outer loop
      vertex -1.32645 22.5787 2.51
      vertex -1.75285 22.4443 0
      vertex -1.32645 22.5787 0
    endloop
  endfacet
  facet normal 0.991445 -0.130523 0
    outer loop
      vertex -5.1055 18.075 2.51
      vertex -5.04714 18.5183 0
      vertex -5.04714 18.5183 2.51
    endloop
  endfacet
  facet normal 0.991445 -0.130523 0
    outer loop
      vertex -5.04714 18.5183 0
      vertex -5.1055 18.075 2.51
      vertex -5.1055 18.075 0
    endloop
  endfacet
  facet normal 0.991445 0.130523 0
    outer loop
      vertex -5.04714 16.7384 2.51
      vertex -5.1055 17.1817 0
      vertex -5.1055 17.1817 2.51
    endloop
  endfacet
  facet normal 0.991445 0.130523 0
    outer loop
      vertex -5.1055 17.1817 0
      vertex -5.04714 16.7384 2.51
      vertex -5.04714 16.7384 0
    endloop
  endfacet
  facet normal 0.0436147 -0.999048 0
    outer loop
      vertex -0.446672 22.7338 0
      vertex 0 22.7533 2.51
      vertex -0.446672 22.7338 2.51
    endloop
  endfacet
  facet normal 0.0436147 -0.999048 0
    outer loop
      vertex 0 22.7533 2.51
      vertex -0.446672 22.7338 0
      vertex 0 22.7533 0
    endloop
  endfacet
  facet normal 0.675529 -0.737333 0
    outer loop
      vertex -3.62392 21.2523 0
      vertex -3.29429 21.5543 2.51
      vertex -3.62392 21.2523 2.51
    endloop
  endfacet
  facet normal 0.675529 -0.737333 0
    outer loop
      vertex -3.29429 21.5543 2.51
      vertex -3.62392 21.2523 0
      vertex -3.29429 21.5543 0
    endloop
  endfacet
  facet normal -0.991445 0.130523 0
    outer loop
      vertex 5.04714 16.7384 0
      vertex 5.1055 17.1817 2.51
      vertex 5.1055 17.1817 0
    endloop
  endfacet
  facet normal -0.991445 0.130523 0
    outer loop
      vertex 5.1055 17.1817 2.51
      vertex 5.04714 16.7384 0
      vertex 5.04714 16.7384 2.51
    endloop
  endfacet
  facet normal -0.300617 -0.953745 0
    outer loop
      vertex 1.32645 22.5787 0
      vertex 1.75285 22.4443 2.51
      vertex 1.32645 22.5787 2.51
    endloop
  endfacet
  facet normal -0.300617 -0.953745 -0
    outer loop
      vertex 1.75285 22.4443 2.51
      vertex 1.32645 22.5787 0
      vertex 1.75285 22.4443 0
    endloop
  endfacet
  facet normal -0.537258 -0.843418 0
    outer loop
      vertex 2.5625 22.0667 0
      vertex 2.93958 21.8265 2.51
      vertex 2.5625 22.0667 2.51
    endloop
  endfacet
  facet normal -0.537258 -0.843418 -0
    outer loop
      vertex 2.93958 21.8265 2.51
      vertex 2.5625 22.0667 0
      vertex 2.93958 21.8265 0
    endloop
  endfacet
  facet normal 0.216502 -0.976282 0
    outer loop
      vertex -1.32645 22.5787 0
      vertex -0.889946 22.6755 2.51
      vertex -1.32645 22.5787 2.51
    endloop
  endfacet
  facet normal 0.216502 -0.976282 0
    outer loop
      vertex -0.889946 22.6755 2.51
      vertex -1.32645 22.5787 0
      vertex -0.889946 22.6755 0
    endloop
  endfacet
  facet normal 0.953713 -0.300719 0
    outer loop
      vertex -4.95037 18.9548 2.51
      vertex -4.81592 19.3812 0
      vertex -4.81592 19.3812 2.51
    endloop
  endfacet
  facet normal 0.953713 -0.300719 0
    outer loop
      vertex -4.81592 19.3812 0
      vertex -4.95037 18.9548 2.51
      vertex -4.95037 18.9548 0
    endloop
  endfacet
  facet normal 0.130398 -0.991462 0
    outer loop
      vertex -0.889946 22.6755 0
      vertex -0.446672 22.7338 2.51
      vertex -0.889946 22.6755 2.51
    endloop
  endfacet
  facet normal 0.130398 -0.991462 0
    outer loop
      vertex -0.446672 22.7338 2.51
      vertex -0.889946 22.6755 0
      vertex -0.446672 22.7338 0
    endloop
  endfacet
  facet normal 0.300617 0.953745 -0
    outer loop
      vertex -1.32645 12.678 0
      vertex -1.75285 12.8124 2.51
      vertex -1.32645 12.678 2.51
    endloop
  endfacet
  facet normal 0.300617 0.953745 0
    outer loop
      vertex -1.75285 12.8124 2.51
      vertex -1.32645 12.678 0
      vertex -1.75285 12.8124 0
    endloop
  endfacet
  facet normal 0.793437 0.608652 0
    outer loop
      vertex -3.92598 14.334 2.51
      vertex -4.19815 14.6888 0
      vertex -4.19815 14.6888 2.51
    endloop
  endfacet
  facet normal 0.793437 0.608652 0
    outer loop
      vertex -4.19815 14.6888 0
      vertex -3.92598 14.334 2.51
      vertex -3.92598 14.334 0
    endloop
  endfacet
  facet normal 0.382685 -0.923879 0
    outer loop
      vertex -2.16592 22.2732 0
      vertex -1.75285 22.4443 2.51
      vertex -2.16592 22.2732 2.51
    endloop
  endfacet
  facet normal 0.382685 -0.923879 0
    outer loop
      vertex -1.75285 22.4443 2.51
      vertex -2.16592 22.2732 0
      vertex -1.75285 22.4443 0
    endloop
  endfacet
  facet normal 0.999048 0.0436217 0
    outer loop
      vertex -5.1055 17.1817 2.51
      vertex -5.125 17.6283 0
      vertex -5.125 17.6283 2.51
    endloop
  endfacet
  facet normal 0.999048 0.0436217 0
    outer loop
      vertex -5.125 17.6283 0
      vertex -5.1055 17.1817 2.51
      vertex -5.1055 17.1817 0
    endloop
  endfacet
  facet normal 0.675529 0.737333 -0
    outer loop
      vertex -3.29429 13.7024 0
      vertex -3.62392 14.0044 2.51
      vertex -3.29429 13.7024 2.51
    endloop
  endfacet
  facet normal 0.675529 0.737333 0
    outer loop
      vertex -3.62392 14.0044 2.51
      vertex -3.29429 13.7024 0
      vertex -3.62392 14.0044 0
    endloop
  endfacet
  facet normal 0.737338 -0.675524 0
    outer loop
      vertex -3.92598 20.9226 2.51
      vertex -3.62392 21.2523 0
      vertex -3.62392 21.2523 2.51
    endloop
  endfacet
  facet normal 0.737338 -0.675524 0
    outer loop
      vertex -3.62392 21.2523 0
      vertex -3.92598 20.9226 2.51
      vertex -3.92598 20.9226 0
    endloop
  endfacet
  facet normal -0.608792 0.79333 0
    outer loop
      vertex 3.29429 13.7024 0
      vertex 2.93958 13.4302 2.51
      vertex 3.29429 13.7024 2.51
    endloop
  endfacet
  facet normal -0.608792 0.79333 0
    outer loop
      vertex 2.93958 13.4302 2.51
      vertex 3.29429 13.7024 0
      vertex 2.93958 13.4302 0
    endloop
  endfacet
  facet normal -0.537258 0.843418 0
    outer loop
      vertex 2.93958 13.4302 0
      vertex 2.5625 13.19 2.51
      vertex 2.93958 13.4302 2.51
    endloop
  endfacet
  facet normal -0.537258 0.843418 0
    outer loop
      vertex 2.5625 13.19 2.51
      vertex 2.93958 13.4302 0
      vertex 2.5625 13.19 0
    endloop
  endfacet
  facet normal -0.843336 0.537386 0
    outer loop
      vertex 4.19815 14.6888 0
      vertex 4.43838 15.0658 2.51
      vertex 4.43838 15.0658 0
    endloop
  endfacet
  facet normal -0.843336 0.537386 0
    outer loop
      vertex 4.43838 15.0658 2.51
      vertex 4.19815 14.6888 0
      vertex 4.19815 14.6888 2.51
    endloop
  endfacet
  facet normal -0.793354 -0.60876 0
    outer loop
      vertex 4.19815 20.5679 0
      vertex 3.92598 20.9226 2.51
      vertex 3.92598 20.9226 0
    endloop
  endfacet
  facet normal -0.793354 -0.60876 0
    outer loop
      vertex 3.92598 20.9226 2.51
      vertex 4.19815 20.5679 0
      vertex 4.19815 20.5679 2.51
    endloop
  endfacet
  facet normal 0.886969 -0.461828 0
    outer loop
      vertex -4.64483 19.7943 2.51
      vertex -4.43838 20.1908 0
      vertex -4.43838 20.1908 2.51
    endloop
  endfacet
  facet normal 0.886969 -0.461828 0
    outer loop
      vertex -4.43838 20.1908 0
      vertex -4.64483 19.7943 2.51
      vertex -4.64483 19.7943 0
    endloop
  endfacet
  facet normal -0.382685 0.923879 0
    outer loop
      vertex 2.16592 12.9835 0
      vertex 1.75285 12.8124 2.51
      vertex 2.16592 12.9835 2.51
    endloop
  endfacet
  facet normal -0.382685 0.923879 0
    outer loop
      vertex 1.75285 12.8124 2.51
      vertex 2.16592 12.9835 0
      vertex 1.75285 12.8124 0
    endloop
  endfacet
  facet normal -0.0436147 0.999048 0
    outer loop
      vertex 0.446672 12.5228 0
      vertex 0 12.5033 2.51
      vertex 0.446672 12.5228 2.51
    endloop
  endfacet
  facet normal -0.0436147 0.999048 0
    outer loop
      vertex 0 12.5033 2.51
      vertex 0.446672 12.5228 0
      vertex 0 12.5033 0
    endloop
  endfacet
  facet normal 0.843401 -0.537285 0
    outer loop
      vertex -4.43838 20.1908 2.51
      vertex -4.19815 20.5679 0
      vertex -4.19815 20.5679 2.51
    endloop
  endfacet
  facet normal 0.843401 -0.537285 0
    outer loop
      vertex -4.19815 20.5679 0
      vertex -4.43838 20.1908 2.51
      vertex -4.43838 20.1908 0
    endloop
  endfacet
  facet normal 0.216502 0.976282 -0
    outer loop
      vertex -0.889946 12.5812 0
      vertex -1.32645 12.678 2.51
      vertex -0.889946 12.5812 2.51
    endloop
  endfacet
  facet normal 0.216502 0.976282 0
    outer loop
      vertex -1.32645 12.678 2.51
      vertex -0.889946 12.5812 0
      vertex -1.32645 12.678 0
    endloop
  endfacet
  facet normal 0.461843 -0.886962 0
    outer loop
      vertex -2.5625 22.0667 0
      vertex -2.16592 22.2732 2.51
      vertex -2.5625 22.0667 2.51
    endloop
  endfacet
  facet normal 0.461843 -0.886962 0
    outer loop
      vertex -2.16592 22.2732 2.51
      vertex -2.5625 22.0667 0
      vertex -2.16592 22.2732 0
    endloop
  endfacet
  facet normal 0.537258 0.843418 -0
    outer loop
      vertex -2.5625 13.19 0
      vertex -2.93958 13.4302 2.51
      vertex -2.5625 13.19 2.51
    endloop
  endfacet
  facet normal 0.537258 0.843418 0
    outer loop
      vertex -2.93958 13.4302 2.51
      vertex -2.5625 13.19 0
      vertex -2.93958 13.4302 0
    endloop
  endfacet
  facet normal 0.382685 0.923879 -0
    outer loop
      vertex -1.75285 12.8124 0
      vertex -2.16592 12.9835 2.51
      vertex -1.75285 12.8124 2.51
    endloop
  endfacet
  facet normal 0.382685 0.923879 0
    outer loop
      vertex -2.16592 12.9835 2.51
      vertex -1.75285 12.8124 0
      vertex -2.16592 12.9835 0
    endloop
  endfacet
  facet normal -0.675529 0.737333 0
    outer loop
      vertex 3.62392 14.0044 0
      vertex 3.29429 13.7024 2.51
      vertex 3.62392 14.0044 2.51
    endloop
  endfacet
  facet normal -0.675529 0.737333 0
    outer loop
      vertex 3.29429 13.7024 2.51
      vertex 3.62392 14.0044 0
      vertex 3.29429 13.7024 0
    endloop
  endfacet
  facet normal 0.461843 0.886962 -0
    outer loop
      vertex -2.16592 12.9835 0
      vertex -2.5625 13.19 2.51
      vertex -2.16592 12.9835 2.51
    endloop
  endfacet
  facet normal 0.461843 0.886962 0
    outer loop
      vertex -2.5625 13.19 2.51
      vertex -2.16592 12.9835 0
      vertex -2.5625 13.19 0
    endloop
  endfacet
  facet normal -0.642295 0.142384 0.753116
    outer loop
      vertex 5.04714 16.7384 2.51
      vertex 5.54281 16.3826 3
      vertex 5.60007 16.6409 3
    endloop
  endfacet
  facet normal -0.642291 0.142393 0.753118
    outer loop
      vertex 5.54281 16.3826 3
      vertex 5.04714 16.7384 2.51
      vertex 4.95037 16.3019 2.51
    endloop
  endfacet
  facet normal 0.0860892 0.652246 0.753103
    outer loop
      vertex -0.757877 11.998 3
      vertex -0.889946 12.5812 2.51
      vertex -0.987442 12.0283 3
    endloop
  endfacet
  facet normal 0.0858108 -0.65229 0.753097
    outer loop
      vertex -0.889946 22.6755 2.51
      vertex -0.757877 23.2586 3
      vertex -0.987442 23.2284 3
    endloop
  endfacet
  facet normal 0.142359 -0.642322 0.753097
    outer loop
      vertex -1.32645 22.5787 2.51
      vertex -1.24571 23.1711 3
      vertex -1.47176 23.121 3
    endloop
  endfacet
  facet normal -0.657263 -0.0286878 0.753116
    outer loop
      vertex 5.68646 17.6283 3
      vertex 5.67636 17.8597 3
      vertex 5.125 17.6283 2.51
    endloop
  endfacet
  facet normal -0.657265 -0.0287087 0.753113
    outer loop
      vertex 5.1055 18.075 2.51
      vertex 5.67636 17.8597 3
      vertex 5.66482 18.1239 3
    endloop
  endfacet
  facet normal -0.657261 -0.0286917 0.753116
    outer loop
      vertex 5.67636 17.8597 3
      vertex 5.1055 18.075 2.51
      vertex 5.125 17.6283 2.51
    endloop
  endfacet
  facet normal -0.0859299 0.652234 0.753131
    outer loop
      vertex 0.446672 12.5228 2.51
      vertex 0.757877 11.998 3
      vertex 0.889946 12.5812 2.51
    endloop
  endfacet
  facet normal -0.0858038 0.652283 0.753103
    outer loop
      vertex 0.757877 11.998 3
      vertex 0.446672 12.5228 2.51
      vertex 0.495607 11.9635 3
    endloop
  endfacet
  facet normal -0.142345 0.642259 0.753154
    outer loop
      vertex 1.47176 12.1356 3
      vertex 1.32645 12.678 2.51
      vertex 1.24571 12.0855 3
    endloop
  endfacet
  facet normal 0.197939 0.627363 0.753151
    outer loop
      vertex -1.32645 12.678 2.51
      vertex -1.72405 12.2152 3
      vertex -1.47176 12.1356 3
    endloop
  endfacet
  facet normal 0.197774 0.627462 0.753111
    outer loop
      vertex -1.72405 12.2152 3
      vertex -1.32645 12.678 2.51
      vertex -1.75285 12.8124 2.51
    endloop
  endfacet
  facet normal -0.400442 -0.521992 0.753107
    outer loop
      vertex 2.93958 21.8265 2.51
      vertex 3.47149 22.1254 3
      vertex 3.26162 22.2864 3
    endloop
  endfacet
  facet normal -0.400508 -0.521911 0.753129
    outer loop
      vertex 3.47149 22.1254 3
      vertex 2.93958 21.8265 2.51
      vertex 3.29429 21.5543 2.51
    endloop
  endfacet
  facet normal 0.444423 0.485083 0.753116
    outer loop
      vertex -3.62392 14.0044 2.51
      vertex -3.8259 13.4287 3
      vertex -3.29429 13.7024 2.51
    endloop
  endfacet
  facet normal 0.444452 0.485067 0.753109
    outer loop
      vertex -3.8259 13.4287 3
      vertex -3.62392 14.0044 2.51
      vertex -4.02093 13.6074 3
    endloop
  endfacet
  facet normal 0.652263 0.085851 0.753115
    outer loop
      vertex -5.60007 16.6409 3
      vertex -5.04714 16.7384 2.51
      vertex -5.63029 16.8705 3
    endloop
  endfacet
  facet normal -0.642306 -0.142353 0.753113
    outer loop
      vertex 5.54281 18.874 3
      vertex 5.4927 19.1001 3
      vertex 4.95037 18.9548 2.51
    endloop
  endfacet
  facet normal -0.19773 -0.627489 0.753101
    outer loop
      vertex 1.32645 22.5787 2.51
      vertex 1.72405 23.0415 3
      vertex 1.47176 23.121 3
    endloop
  endfacet
  facet normal -0.197774 -0.627462 0.753111
    outer loop
      vertex 1.72405 23.0415 3
      vertex 1.32645 22.5787 2.51
      vertex 1.75285 22.4443 2.51
    endloop
  endfacet
  facet normal -0.627442 0.197832 0.753113
    outer loop
      vertex 4.95037 16.3019 2.51
      vertex 5.41315 15.9043 3
      vertex 5.4927 16.1566 3
    endloop
  endfacet
  facet normal -0.627437 0.19784 0.753115
    outer loop
      vertex 5.41315 15.9043 3
      vertex 4.95037 16.3019 2.51
      vertex 4.81592 15.8755 2.51
    endloop
  endfacet
  facet normal 0.48503 0.444483 0.753114
    outer loop
      vertex -4.19965 13.8024 3
      vertex -3.92598 14.334 2.51
      vertex -4.35608 13.9731 3
    endloop
  endfacet
  facet normal -0.627435 0.197864 0.753111
    outer loop
      vertex 5.34352 15.6835 3
      vertex 5.41315 15.9043 3
      vertex 4.81592 15.8755 2.51
    endloop
  endfacet
  facet normal -0.652263 -0.085851 0.753115
    outer loop
      vertex 5.63029 18.3862 3
      vertex 5.60007 18.6158 3
      vertex 5.04714 18.5183 2.51
    endloop
  endfacet
  facet normal 0.444423 -0.485083 0.753116
    outer loop
      vertex -3.8259 21.828 3
      vertex -3.62392 21.2523 2.51
      vertex -3.29429 21.5543 2.51
    endloop
  endfacet
  facet normal 0.444452 -0.485067 0.753109
    outer loop
      vertex -3.62392 21.2523 2.51
      vertex -3.8259 21.828 3
      vertex -4.02093 21.6493 3
    endloop
  endfacet
  facet normal -0.0286987 0.657302 0.75308
    outer loop
      vertex 0.231326 11.952 3
      vertex 0 12.5033 2.51
      vertex 0 11.9419 3
    endloop
  endfacet
  facet normal -0.521936 -0.400502 0.753114
    outer loop
      vertex 4.49704 21.0998 3
      vertex 4.35608 21.2835 3
      vertex 3.92598 20.9226 2.51
    endloop
  endfacet
  facet normal 0.521939 -0.400496 0.753115
    outer loop
      vertex -4.49704 21.0998 3
      vertex -4.19815 20.5679 2.51
      vertex -3.92598 20.9226 2.51
    endloop
  endfacet
  facet normal 0.521867 -0.400554 0.753134
    outer loop
      vertex -4.19815 20.5679 2.51
      vertex -4.49704 21.0998 3
      vertex -4.65807 20.89 3
    endloop
  endfacet
  facet normal 0.0860404 -0.652191 0.753156
    outer loop
      vertex -0.757877 23.2586 3
      vertex -0.446672 22.7338 2.51
      vertex -0.495607 23.2932 3
    endloop
  endfacet
  facet normal 0.0857898 -0.652288 0.7531
    outer loop
      vertex -0.446672 22.7338 2.51
      vertex -0.757877 23.2586 3
      vertex -0.889946 22.6755 2.51
    endloop
  endfacet
  facet normal 0.554849 -0.353464 0.753131
    outer loop
      vertex -4.78248 20.6947 3
      vertex -4.43838 20.1908 2.51
      vertex -4.19815 20.5679 2.51
    endloop
  endfacet
  facet normal 0.554825 -0.353487 0.753137
    outer loop
      vertex -4.43838 20.1908 2.51
      vertex -4.78248 20.6947 3
      vertex -4.92462 20.4716 3
    endloop
  endfacet
  facet normal 0.0286953 0.657303 0.75308
    outer loop
      vertex -0.446672 12.5228 2.51
      vertex -0.231326 11.952 3
      vertex 0 12.5033 2.51
    endloop
  endfacet
  facet normal 0.0286013 0.657284 0.7531
    outer loop
      vertex -0.231326 11.952 3
      vertex -0.446672 12.5228 2.51
      vertex -0.495607 11.9635 3
    endloop
  endfacet
  facet normal -0.303674 0.583571 0.753145
    outer loop
      vertex 2.5625 13.19 2.51
      vertex 2.60859 12.5816 3
      vertex 2.84323 12.7037 3
    endloop
  endfacet
  facet normal -0.303845 0.583529 0.753109
    outer loop
      vertex 2.60859 12.5816 3
      vertex 2.5625 13.19 2.51
      vertex 2.16592 12.9835 2.51
    endloop
  endfacet
  facet normal 0.627435 -0.197864 0.753111
    outer loop
      vertex -4.81592 19.3812 2.51
      vertex -5.34352 19.5732 3
      vertex -5.41315 19.3524 3
    endloop
  endfacet
  facet normal 0.627435 0.197864 0.753111
    outer loop
      vertex -5.34352 15.6835 3
      vertex -4.81592 15.8755 2.51
      vertex -5.41315 15.9043 3
    endloop
  endfacet
  facet normal 0.400508 0.521911 0.753129
    outer loop
      vertex -3.47149 13.1313 3
      vertex -2.93958 13.4302 2.51
      vertex -3.29429 13.7024 2.51
    endloop
  endfacet
  facet normal 0.400442 0.521992 0.753107
    outer loop
      vertex -2.93958 13.4302 2.51
      vertex -3.47149 13.1313 3
      vertex -3.26162 12.9703 3
    endloop
  endfacet
  facet normal -0.251756 0.60779 0.753134
    outer loop
      vertex 1.75285 12.8124 2.51
      vertex 2.18928 12.386 3
      vertex 2.16592 12.9835 2.51
    endloop
  endfacet
  facet normal -0.251691 0.607838 0.753117
    outer loop
      vertex 2.18928 12.386 3
      vertex 1.75285 12.8124 2.51
      vertex 1.94488 12.2848 3
    endloop
  endfacet
  facet normal 0.607833 0.251741 0.753104
    outer loop
      vertex -4.81592 15.8755 2.51
      vertex -5.24229 15.4391 3
      vertex -4.64483 15.4624 2.51
    endloop
  endfacet
  facet normal 0.60782 0.251758 0.753109
    outer loop
      vertex -5.24229 15.4391 3
      vertex -4.81592 15.8755 2.51
      vertex -5.34352 15.6835 3
    endloop
  endfacet
  facet normal -0.197774 0.627462 0.753111
    outer loop
      vertex 1.32645 12.678 2.51
      vertex 1.72405 12.2152 3
      vertex 1.75285 12.8124 2.51
    endloop
  endfacet
  facet normal -0.197939 0.627363 0.753151
    outer loop
      vertex 1.72405 12.2152 3
      vertex 1.32645 12.678 2.51
      vertex 1.47176 12.1356 3
    endloop
  endfacet
  facet normal 0.400588 0.521872 0.753113
    outer loop
      vertex -3.47149 13.1313 3
      vertex -3.29429 13.7024 2.51
      vertex -3.65518 13.2723 3
    endloop
  endfacet
  facet normal -0.657263 0.0286982 0.753115
    outer loop
      vertex 5.1055 17.1817 2.51
      vertex 5.67636 17.397 3
      vertex 5.125 17.6283 2.51
    endloop
  endfacet
  facet normal -0.657263 0.0286977 0.753115
    outer loop
      vertex 5.67636 17.397 3
      vertex 5.1055 17.1817 2.51
      vertex 5.66482 17.1327 3
    endloop
  endfacet
  facet normal -0.652263 0.085851 0.753115
    outer loop
      vertex 5.60007 16.6409 3
      vertex 5.63029 16.8705 3
      vertex 5.04714 16.7384 2.51
    endloop
  endfacet
  facet normal -0.657262 0.0287002 0.753115
    outer loop
      vertex 5.67636 17.397 3
      vertex 5.68646 17.6283 3
      vertex 5.125 17.6283 2.51
    endloop
  endfacet
  facet normal -0.652254 0.0858975 0.753118
    outer loop
      vertex 5.1055 17.1817 2.51
      vertex 5.63029 16.8705 3
      vertex 5.66482 17.1327 3
    endloop
  endfacet
  facet normal -0.652265 0.08587 0.753112
    outer loop
      vertex 5.63029 16.8705 3
      vertex 5.1055 17.1817 2.51
      vertex 5.04714 16.7384 2.51
    endloop
  endfacet
  facet normal -0.583563 -0.303716 0.753134
    outer loop
      vertex 4.43838 20.1908 2.51
      vertex 5.04677 20.2369 3
      vertex 4.92462 20.4716 3
    endloop
  endfacet
  facet normal -0.583534 -0.303835 0.753108
    outer loop
      vertex 5.04677 20.2369 3
      vertex 4.43838 20.1908 2.51
      vertex 4.64483 19.7943 2.51
    endloop
  endfacet
  facet normal -0.652266 -0.0858664 0.753111
    outer loop
      vertex 5.63029 18.3862 3
      vertex 5.1055 18.075 2.51
      vertex 5.66482 18.1239 3
    endloop
  endfacet
  facet normal -0.652265 -0.08587 0.753112
    outer loop
      vertex 5.1055 18.075 2.51
      vertex 5.63029 18.3862 3
      vertex 5.04714 18.5183 2.51
    endloop
  endfacet
  facet normal 0.197761 -0.627464 0.753114
    outer loop
      vertex -1.75285 22.4443 2.51
      vertex -1.72405 23.0415 3
      vertex -1.94488 22.9719 3
    endloop
  endfacet
  facet normal -0.44441 0.4851 0.753112
    outer loop
      vertex 3.65518 13.2723 3
      vertex 3.8259 13.4287 3
      vertex 3.29429 13.7024 2.51
    endloop
  endfacet
  facet normal -0.444452 0.485067 0.753109
    outer loop
      vertex 3.62392 14.0044 2.51
      vertex 3.8259 13.4287 3
      vertex 4.02093 13.6074 3
    endloop
  endfacet
  facet normal -0.444423 0.485083 0.753116
    outer loop
      vertex 3.8259 13.4287 3
      vertex 3.62392 14.0044 2.51
      vertex 3.29429 13.7024 2.51
    endloop
  endfacet
  facet normal 0.554853 0.353453 0.753133
    outer loop
      vertex -4.65807 14.3667 3
      vertex -4.19815 14.6888 2.51
      vertex -4.78248 14.562 3
    endloop
  endfacet
  facet normal 0.657263 -0.0286878 0.753116
    outer loop
      vertex -5.125 17.6283 2.51
      vertex -5.67636 17.8597 3
      vertex -5.68646 17.6283 3
    endloop
  endfacet
  facet normal 0.19773 -0.627489 0.753101
    outer loop
      vertex -1.72405 23.0415 3
      vertex -1.32645 22.5787 2.51
      vertex -1.47176 23.121 3
    endloop
  endfacet
  facet normal 0.197774 -0.627462 0.753111
    outer loop
      vertex -1.32645 22.5787 2.51
      vertex -1.72405 23.0415 3
      vertex -1.75285 22.4443 2.51
    endloop
  endfacet
  facet normal -0.583569 0.303745 0.753118
    outer loop
      vertex 5.04677 15.0197 3
      vertex 5.15368 15.2251 3
      vertex 4.64483 15.4624 2.51
    endloop
  endfacet
  facet normal -0.60782 -0.251758 0.753109
    outer loop
      vertex 5.24229 19.8176 3
      vertex 4.81592 19.3812 2.51
      vertex 5.34352 19.5732 3
    endloop
  endfacet
  facet normal -0.607833 -0.251741 0.753104
    outer loop
      vertex 4.81592 19.3812 2.51
      vertex 5.24229 19.8176 3
      vertex 4.64483 19.7943 2.51
    endloop
  endfacet
  facet normal 0.607833 -0.251741 0.753104
    outer loop
      vertex -5.24229 19.8176 3
      vertex -4.81592 19.3812 2.51
      vertex -4.64483 19.7943 2.51
    endloop
  endfacet
  facet normal 0.60782 -0.251758 0.753109
    outer loop
      vertex -4.81592 19.3812 2.51
      vertex -5.24229 19.8176 3
      vertex -5.34352 19.5732 3
    endloop
  endfacet
  facet normal -0.554853 0.353453 0.753133
    outer loop
      vertex 4.65807 14.3667 3
      vertex 4.78248 14.562 3
      vertex 4.19815 14.6888 2.51
    endloop
  endfacet
  facet normal 0.142501 -0.642293 0.753096
    outer loop
      vertex -1.24571 23.1711 3
      vertex -0.889946 22.6755 2.51
      vertex -0.987442 23.2284 3
    endloop
  endfacet
  facet normal 0.142442 -0.642321 0.753083
    outer loop
      vertex -0.889946 22.6755 2.51
      vertex -1.24571 23.1711 3
      vertex -1.32645 22.5787 2.51
    endloop
  endfacet
  facet normal 0.607843 0.251687 0.753114
    outer loop
      vertex -5.15368 15.2251 3
      vertex -4.64483 15.4624 2.51
      vertex -5.24229 15.4391 3
    endloop
  endfacet
  facet normal 0.642291 0.142412 0.753114
    outer loop
      vertex -5.4927 16.1566 3
      vertex -4.95037 16.3019 2.51
      vertex -5.54281 16.3826 3
    endloop
  endfacet
  facet normal -0.642291 0.142412 0.753114
    outer loop
      vertex 5.4927 16.1566 3
      vertex 5.54281 16.3826 3
      vertex 4.95037 16.3019 2.51
    endloop
  endfacet
  facet normal -0.142428 0.642258 0.753139
    outer loop
      vertex 0.889946 12.5812 2.51
      vertex 1.24571 12.0855 3
      vertex 1.32645 12.678 2.51
    endloop
  endfacet
  facet normal -0.142262 0.64234 0.753101
    outer loop
      vertex 1.24571 12.0855 3
      vertex 0.889946 12.5812 2.51
      vertex 0.987442 12.0283 3
    endloop
  endfacet
  facet normal -0.0860892 0.652246 0.753103
    outer loop
      vertex 0.987442 12.0283 3
      vertex 0.889946 12.5812 2.51
      vertex 0.757877 11.998 3
    endloop
  endfacet
  facet normal -0.197761 -0.627464 0.753114
    outer loop
      vertex 1.75285 22.4443 2.51
      vertex 1.94488 22.9719 3
      vertex 1.72405 23.0415 3
    endloop
  endfacet
  facet normal 0.652265 0.08587 0.753112
    outer loop
      vertex -5.1055 17.1817 2.51
      vertex -5.63029 16.8705 3
      vertex -5.04714 16.7384 2.51
    endloop
  endfacet
  facet normal 0.652254 0.0858975 0.753118
    outer loop
      vertex -5.63029 16.8705 3
      vertex -5.1055 17.1817 2.51
      vertex -5.66482 17.1327 3
    endloop
  endfacet
  facet normal 0.521979 0.400414 0.753131
    outer loop
      vertex -4.19815 14.6888 2.51
      vertex -4.49704 14.1568 3
      vertex -3.92598 14.334 2.51
    endloop
  endfacet
  facet normal 0.521956 0.400432 0.753137
    outer loop
      vertex -4.49704 14.1568 3
      vertex -4.19815 14.6888 2.51
      vertex -4.65807 14.3667 3
    endloop
  endfacet
  facet normal 0.657262 0.0287002 0.753115
    outer loop
      vertex -5.67636 17.397 3
      vertex -5.125 17.6283 2.51
      vertex -5.68646 17.6283 3
    endloop
  endfacet
  facet normal -0.142359 -0.642322 0.753097
    outer loop
      vertex 1.32645 22.5787 2.51
      vertex 1.47176 23.121 3
      vertex 1.24571 23.1711 3
    endloop
  endfacet
  facet normal 0.44441 -0.4851 0.753112
    outer loop
      vertex -3.29429 21.5543 2.51
      vertex -3.65518 21.9844 3
      vertex -3.8259 21.828 3
    endloop
  endfacet
  facet normal -0.400588 -0.521872 0.753113
    outer loop
      vertex 3.65518 21.9844 3
      vertex 3.47149 22.1254 3
      vertex 3.29429 21.5543 2.51
    endloop
  endfacet
  facet normal -0.353662 0.554752 0.753109
    outer loop
      vertex 3.06633 12.8458 3
      vertex 3.26162 12.9703 3
      vertex 2.93958 13.4302 2.51
    endloop
  endfacet
  facet normal -0.44441 -0.4851 0.753112
    outer loop
      vertex 3.8259 21.828 3
      vertex 3.65518 21.9844 3
      vertex 3.29429 21.5543 2.51
    endloop
  endfacet
  facet normal -0.197761 0.627464 0.753114
    outer loop
      vertex 1.94488 12.2848 3
      vertex 1.75285 12.8124 2.51
      vertex 1.72405 12.2152 3
    endloop
  endfacet
  facet normal 0.44441 0.4851 0.753112
    outer loop
      vertex -3.65518 13.2723 3
      vertex -3.29429 13.7024 2.51
      vertex -3.8259 13.4287 3
    endloop
  endfacet
  facet normal 0.583569 0.303745 0.753118
    outer loop
      vertex -5.04677 15.0197 3
      vertex -4.64483 15.4624 2.51
      vertex -5.15368 15.2251 3
    endloop
  endfacet
  facet normal 0.400588 -0.521872 0.753113
    outer loop
      vertex -3.29429 21.5543 2.51
      vertex -3.47149 22.1254 3
      vertex -3.65518 21.9844 3
    endloop
  endfacet
  facet normal -0.0286958 -0.657236 0.753139
    outer loop
      vertex 0.231326 23.3047 3
      vertex 0 23.3148 3
      vertex 0 22.7533 2.51
    endloop
  endfacet
  facet normal 0.485123 -0.444393 0.753107
    outer loop
      vertex -4.19965 21.4542 3
      vertex -3.62392 21.2523 2.51
      vertex -4.02093 21.6493 3
    endloop
  endfacet
  facet normal 0.485101 -0.444433 0.753098
    outer loop
      vertex -3.62392 21.2523 2.51
      vertex -4.19965 21.4542 3
      vertex -3.92598 20.9226 2.51
    endloop
  endfacet
  facet normal -0.48503 0.444483 0.753114
    outer loop
      vertex 4.19965 13.8024 3
      vertex 4.35608 13.9731 3
      vertex 3.92598 14.334 2.51
    endloop
  endfacet
  facet normal -0.583551 0.303767 0.753123
    outer loop
      vertex 4.43838 15.0658 2.51
      vertex 5.04677 15.0197 3
      vertex 4.64483 15.4624 2.51
    endloop
  endfacet
  facet normal -0.583535 0.303831 0.753109
    outer loop
      vertex 5.04677 15.0197 3
      vertex 4.43838 15.0658 2.51
      vertex 4.92462 14.7851 3
    endloop
  endfacet
  facet normal -0.607822 -0.251796 0.753094
    outer loop
      vertex 5.24229 19.8176 3
      vertex 5.15368 20.0315 3
      vertex 4.64483 19.7943 2.51
    endloop
  endfacet
  facet normal -0.35344 -0.554909 0.753098
    outer loop
      vertex 2.5625 22.0667 2.51
      vertex 3.06633 22.4108 3
      vertex 2.84323 22.5529 3
    endloop
  endfacet
  facet normal -0.353462 -0.554886 0.753104
    outer loop
      vertex 3.06633 22.4108 3
      vertex 2.5625 22.0667 2.51
      vertex 2.93958 21.8265 2.51
    endloop
  endfacet
  facet normal 0.251905 -0.607755 0.753112
    outer loop
      vertex -2.18928 22.8706 3
      vertex -1.75285 22.4443 2.51
      vertex -1.94488 22.9719 3
    endloop
  endfacet
  facet normal 0.25178 -0.607847 0.75308
    outer loop
      vertex -1.75285 22.4443 2.51
      vertex -2.18928 22.8706 3
      vertex -2.16592 22.2732 2.51
    endloop
  endfacet
  facet normal -0.60782 0.251758 0.753109
    outer loop
      vertex 4.81592 15.8755 2.51
      vertex 5.24229 15.4391 3
      vertex 5.34352 15.6835 3
    endloop
  endfacet
  facet normal -0.607833 0.251741 0.753104
    outer loop
      vertex 5.24229 15.4391 3
      vertex 4.81592 15.8755 2.51
      vertex 4.64483 15.4624 2.51
    endloop
  endfacet
  facet normal -0.607843 0.251687 0.753114
    outer loop
      vertex 5.15368 15.2251 3
      vertex 5.24229 15.4391 3
      vertex 4.64483 15.4624 2.51
    endloop
  endfacet
  facet normal 0.521936 -0.400502 0.753114
    outer loop
      vertex -3.92598 20.9226 2.51
      vertex -4.35608 21.2835 3
      vertex -4.49704 21.0998 3
    endloop
  endfacet
  facet normal 0.521936 0.400502 0.753114
    outer loop
      vertex -4.35608 13.9731 3
      vertex -3.92598 14.334 2.51
      vertex -4.49704 14.1568 3
    endloop
  endfacet
  facet normal -0.0286013 0.657284 0.7531
    outer loop
      vertex 0.446672 12.5228 2.51
      vertex 0.231326 11.952 3
      vertex 0.495607 11.9635 3
    endloop
  endfacet
  facet normal -0.0286953 0.657303 0.75308
    outer loop
      vertex 0.231326 11.952 3
      vertex 0.446672 12.5228 2.51
      vertex 0 12.5033 2.51
    endloop
  endfacet
  facet normal 0.353432 0.554838 0.753153
    outer loop
      vertex -3.06633 12.8458 3
      vertex -2.5625 13.19 2.51
      vertex -2.93958 13.4302 2.51
    endloop
  endfacet
  facet normal 0.35341 0.554861 0.753147
    outer loop
      vertex -2.5625 13.19 2.51
      vertex -3.06633 12.8458 3
      vertex -2.84323 12.7037 3
    endloop
  endfacet
  facet normal -0.0858108 -0.65229 0.753097
    outer loop
      vertex 0.889946 22.6755 2.51
      vertex 0.987442 23.2284 3
      vertex 0.757877 23.2586 3
    endloop
  endfacet
  facet normal -0.251996 0.607745 0.75309
    outer loop
      vertex 2.18928 12.386 3
      vertex 2.4032 12.4747 3
      vertex 2.16592 12.9835 2.51
    endloop
  endfacet
  facet normal -0.303751 0.583606 0.753087
    outer loop
      vertex 2.4032 12.4747 3
      vertex 2.60859 12.5816 3
      vertex 2.16592 12.9835 2.51
    endloop
  endfacet
  facet normal -0.353432 0.554838 0.753153
    outer loop
      vertex 2.5625 13.19 2.51
      vertex 3.06633 12.8458 3
      vertex 2.93958 13.4302 2.51
    endloop
  endfacet
  facet normal -0.35341 0.554861 0.753147
    outer loop
      vertex 3.06633 12.8458 3
      vertex 2.5625 13.19 2.51
      vertex 2.84323 12.7037 3
    endloop
  endfacet
  facet normal -0.303894 -0.583517 0.753098
    outer loop
      vertex 2.60859 22.6751 3
      vertex 2.5625 22.0667 2.51
      vertex 2.84323 22.5529 3
    endloop
  endfacet
  facet normal -0.303845 -0.583529 0.753109
    outer loop
      vertex 2.5625 22.0667 2.51
      vertex 2.60859 22.6751 3
      vertex 2.16592 22.2732 2.51
    endloop
  endfacet
  facet normal 0.485018 0.444492 0.753116
    outer loop
      vertex -4.19965 13.8024 3
      vertex -3.62392 14.0044 2.51
      vertex -3.92598 14.334 2.51
    endloop
  endfacet
  facet normal 0.485006 0.444514 0.753111
    outer loop
      vertex -3.62392 14.0044 2.51
      vertex -4.19965 13.8024 3
      vertex -4.02093 13.6074 3
    endloop
  endfacet
  facet normal 0.353662 0.554752 0.753109
    outer loop
      vertex -3.06633 12.8458 3
      vertex -2.93958 13.4302 2.51
      vertex -3.26162 12.9703 3
    endloop
  endfacet
  facet normal -0.521956 0.400432 0.753137
    outer loop
      vertex 4.19815 14.6888 2.51
      vertex 4.49704 14.1568 3
      vertex 4.65807 14.3667 3
    endloop
  endfacet
  facet normal -0.521979 0.400414 0.753131
    outer loop
      vertex 4.49704 14.1568 3
      vertex 4.19815 14.6888 2.51
      vertex 3.92598 14.334 2.51
    endloop
  endfacet
  facet normal -0.303751 -0.583606 0.753087
    outer loop
      vertex 2.60859 22.6751 3
      vertex 2.4032 22.782 3
      vertex 2.16592 22.2732 2.51
    endloop
  endfacet
  facet normal -0.48503 -0.444483 0.753114
    outer loop
      vertex 4.35608 21.2835 3
      vertex 4.19965 21.4542 3
      vertex 3.92598 20.9226 2.51
    endloop
  endfacet
  facet normal 0.554853 -0.353453 0.753133
    outer loop
      vertex -4.19815 20.5679 2.51
      vertex -4.65807 20.89 3
      vertex -4.78248 20.6947 3
    endloop
  endfacet
  facet normal 0.0858038 0.652283 0.753103
    outer loop
      vertex -0.446672 12.5228 2.51
      vertex -0.757877 11.998 3
      vertex -0.495607 11.9635 3
    endloop
  endfacet
  facet normal 0.0859299 0.652234 0.753131
    outer loop
      vertex -0.757877 11.998 3
      vertex -0.446672 12.5228 2.51
      vertex -0.889946 12.5812 2.51
    endloop
  endfacet
  facet normal 0.251756 -0.607851 0.753084
    outer loop
      vertex -2.16592 22.2732 2.51
      vertex -2.18928 22.8706 3
      vertex -2.4032 22.782 3
    endloop
  endfacet
  facet normal -0.521867 -0.400554 0.753134
    outer loop
      vertex 4.49704 21.0998 3
      vertex 4.19815 20.5679 2.51
      vertex 4.65807 20.89 3
    endloop
  endfacet
  facet normal -0.521939 -0.400496 0.753115
    outer loop
      vertex 4.19815 20.5679 2.51
      vertex 4.49704 21.0998 3
      vertex 3.92598 20.9226 2.51
    endloop
  endfacet
  facet normal 0.197761 0.627464 0.753114
    outer loop
      vertex -1.72405 12.2152 3
      vertex -1.75285 12.8124 2.51
      vertex -1.94488 12.2848 3
    endloop
  endfacet
  facet normal 0.583563 -0.303716 0.753134
    outer loop
      vertex -5.04677 20.2369 3
      vertex -4.43838 20.1908 2.51
      vertex -4.92462 20.4716 3
    endloop
  endfacet
  facet normal 0.583534 -0.303835 0.753108
    outer loop
      vertex -4.43838 20.1908 2.51
      vertex -5.04677 20.2369 3
      vertex -4.64483 19.7943 2.51
    endloop
  endfacet
  facet normal 0.303845 0.583529 0.753109
    outer loop
      vertex -2.5625 13.19 2.51
      vertex -2.60859 12.5816 3
      vertex -2.16592 12.9835 2.51
    endloop
  endfacet
  facet normal 0.303674 0.583571 0.753145
    outer loop
      vertex -2.60859 12.5816 3
      vertex -2.5625 13.19 2.51
      vertex -2.84323 12.7037 3
    endloop
  endfacet
  facet normal 0.303751 0.583606 0.753087
    outer loop
      vertex -2.4032 12.4747 3
      vertex -2.16592 12.9835 2.51
      vertex -2.60859 12.5816 3
    endloop
  endfacet
  facet normal -0.642285 -0.142437 0.753115
    outer loop
      vertex 5.54281 18.874 3
      vertex 5.04714 18.5183 2.51
      vertex 5.60007 18.6158 3
    endloop
  endfacet
  facet normal -0.642305 -0.142396 0.753105
    outer loop
      vertex 5.04714 18.5183 2.51
      vertex 5.54281 18.874 3
      vertex 4.95037 18.9548 2.51
    endloop
  endfacet
  facet normal 0.0286987 0.657302 0.75308
    outer loop
      vertex 0 11.9419 3
      vertex 0 12.5033 2.51
      vertex -0.231326 11.952 3
    endloop
  endfacet
  facet normal -0.554856 0.353506 0.753106
    outer loop
      vertex 4.43838 15.0658 2.51
      vertex 4.78248 14.562 3
      vertex 4.92462 14.7851 3
    endloop
  endfacet
  facet normal -0.55482 0.35354 0.753116
    outer loop
      vertex 4.78248 14.562 3
      vertex 4.43838 15.0658 2.51
      vertex 4.19815 14.6888 2.51
    endloop
  endfacet
  facet normal 0.642305 -0.142396 0.753105
    outer loop
      vertex -5.54281 18.874 3
      vertex -5.04714 18.5183 2.51
      vertex -4.95037 18.9548 2.51
    endloop
  endfacet
  facet normal 0.642285 -0.142437 0.753115
    outer loop
      vertex -5.04714 18.5183 2.51
      vertex -5.54281 18.874 3
      vertex -5.60007 18.6158 3
    endloop
  endfacet
  facet normal 0.48503 -0.444483 0.753114
    outer loop
      vertex -3.92598 20.9226 2.51
      vertex -4.19965 21.4542 3
      vertex -4.35608 21.2835 3
    endloop
  endfacet
  facet normal -0.521936 0.400502 0.753114
    outer loop
      vertex 4.35608 13.9731 3
      vertex 4.49704 14.1568 3
      vertex 3.92598 14.334 2.51
    endloop
  endfacet
  facet normal 0.583596 -0.30376 0.753091
    outer loop
      vertex -4.64483 19.7943 2.51
      vertex -5.04677 20.2369 3
      vertex -5.15368 20.0315 3
    endloop
  endfacet
  facet normal 0.642291 0.142393 0.753118
    outer loop
      vertex -5.04714 16.7384 2.51
      vertex -5.54281 16.3826 3
      vertex -4.95037 16.3019 2.51
    endloop
  endfacet
  facet normal 0.642295 0.142384 0.753116
    outer loop
      vertex -5.54281 16.3826 3
      vertex -5.04714 16.7384 2.51
      vertex -5.60007 16.6409 3
    endloop
  endfacet
  facet normal 0.627437 0.19784 0.753115
    outer loop
      vertex -4.95037 16.3019 2.51
      vertex -5.41315 15.9043 3
      vertex -4.81592 15.8755 2.51
    endloop
  endfacet
  facet normal 0.627442 0.197832 0.753113
    outer loop
      vertex -5.41315 15.9043 3
      vertex -4.95037 16.3019 2.51
      vertex -5.4927 16.1566 3
    endloop
  endfacet
  facet normal -0.485018 0.444492 0.753116
    outer loop
      vertex 3.62392 14.0044 2.51
      vertex 4.19965 13.8024 3
      vertex 3.92598 14.334 2.51
    endloop
  endfacet
  facet normal -0.485006 0.444514 0.753111
    outer loop
      vertex 4.19965 13.8024 3
      vertex 3.62392 14.0044 2.51
      vertex 4.02093 13.6074 3
    endloop
  endfacet
  facet normal -0.400588 0.521872 0.753113
    outer loop
      vertex 3.47149 13.1313 3
      vertex 3.65518 13.2723 3
      vertex 3.29429 13.7024 2.51
    endloop
  endfacet
  facet normal -0.400508 0.521911 0.753129
    outer loop
      vertex 2.93958 13.4302 2.51
      vertex 3.47149 13.1313 3
      vertex 3.29429 13.7024 2.51
    endloop
  endfacet
  facet normal -0.400442 0.521992 0.753107
    outer loop
      vertex 3.47149 13.1313 3
      vertex 2.93958 13.4302 2.51
      vertex 3.26162 12.9703 3
    endloop
  endfacet
  facet normal 0.251996 0.607745 0.75309
    outer loop
      vertex -2.18928 12.386 3
      vertex -2.16592 12.9835 2.51
      vertex -2.4032 12.4747 3
    endloop
  endfacet
  facet normal 0.251756 0.60779 0.753134
    outer loop
      vertex -2.18928 12.386 3
      vertex -1.75285 12.8124 2.51
      vertex -2.16592 12.9835 2.51
    endloop
  endfacet
  facet normal 0.251691 0.607838 0.753117
    outer loop
      vertex -1.75285 12.8124 2.51
      vertex -2.18928 12.386 3
      vertex -1.94488 12.2848 3
    endloop
  endfacet
  facet normal 0.303751 -0.583606 0.753087
    outer loop
      vertex -2.16592 22.2732 2.51
      vertex -2.4032 22.782 3
      vertex -2.60859 22.6751 3
    endloop
  endfacet
  facet normal 0.642306 -0.142353 0.753113
    outer loop
      vertex -4.95037 18.9548 2.51
      vertex -5.4927 19.1001 3
      vertex -5.54281 18.874 3
    endloop
  endfacet
  facet normal 0.652265 -0.08587 0.753112
    outer loop
      vertex -5.63029 18.3862 3
      vertex -5.1055 18.075 2.51
      vertex -5.04714 18.5183 2.51
    endloop
  endfacet
  facet normal 0.652266 -0.0858664 0.753111
    outer loop
      vertex -5.1055 18.075 2.51
      vertex -5.63029 18.3862 3
      vertex -5.66482 18.1239 3
    endloop
  endfacet
  facet normal 0.55482 0.35354 0.753116
    outer loop
      vertex -4.43838 15.0658 2.51
      vertex -4.78248 14.562 3
      vertex -4.19815 14.6888 2.51
    endloop
  endfacet
  facet normal 0.554856 0.353506 0.753106
    outer loop
      vertex -4.78248 14.562 3
      vertex -4.43838 15.0658 2.51
      vertex -4.92462 14.7851 3
    endloop
  endfacet
  facet normal 0.652263 -0.085851 0.753115
    outer loop
      vertex -5.04714 18.5183 2.51
      vertex -5.60007 18.6158 3
      vertex -5.63029 18.3862 3
    endloop
  endfacet
  facet normal -0.353463 -0.554886 0.753104
    outer loop
      vertex 3.26162 22.2864 3
      vertex 3.06633 22.4108 3
      vertex 2.93958 21.8265 2.51
    endloop
  endfacet
  facet normal -0.554853 -0.353453 0.753133
    outer loop
      vertex 4.78248 20.6947 3
      vertex 4.65807 20.89 3
      vertex 4.19815 20.5679 2.51
    endloop
  endfacet
  facet normal -0.627435 -0.197864 0.753111
    outer loop
      vertex 5.41315 19.3524 3
      vertex 5.34352 19.5732 3
      vertex 4.81592 19.3812 2.51
    endloop
  endfacet
  facet normal 0.607822 -0.251796 0.753094
    outer loop
      vertex -4.64483 19.7943 2.51
      vertex -5.15368 20.0315 3
      vertex -5.24229 19.8176 3
    endloop
  endfacet
  facet normal 0.35344 -0.554909 0.753098
    outer loop
      vertex -3.06633 22.4108 3
      vertex -2.5625 22.0667 2.51
      vertex -2.84323 22.5529 3
    endloop
  endfacet
  facet normal 0.353462 -0.554886 0.753104
    outer loop
      vertex -2.5625 22.0667 2.51
      vertex -3.06633 22.4108 3
      vertex -2.93958 21.8265 2.51
    endloop
  endfacet
  facet normal 0.353463 -0.554886 0.753104
    outer loop
      vertex -2.93958 21.8265 2.51
      vertex -3.06633 22.4108 3
      vertex -3.26162 22.2864 3
    endloop
  endfacet
  facet normal -0.251905 -0.607755 0.753112
    outer loop
      vertex 1.75285 22.4443 2.51
      vertex 2.18928 22.8706 3
      vertex 1.94488 22.9719 3
    endloop
  endfacet
  facet normal -0.25178 -0.607847 0.75308
    outer loop
      vertex 2.18928 22.8706 3
      vertex 1.75285 22.4443 2.51
      vertex 2.16592 22.2732 2.51
    endloop
  endfacet
  facet normal 0.303845 -0.583529 0.753109
    outer loop
      vertex -2.60859 22.6751 3
      vertex -2.5625 22.0667 2.51
      vertex -2.16592 22.2732 2.51
    endloop
  endfacet
  facet normal 0.303894 -0.583517 0.753098
    outer loop
      vertex -2.5625 22.0667 2.51
      vertex -2.60859 22.6751 3
      vertex -2.84323 22.5529 3
    endloop
  endfacet
  facet normal 0.400442 -0.521992 0.753107
    outer loop
      vertex -3.47149 22.1254 3
      vertex -2.93958 21.8265 2.51
      vertex -3.26162 22.2864 3
    endloop
  endfacet
  facet normal 0.400508 -0.521911 0.753129
    outer loop
      vertex -2.93958 21.8265 2.51
      vertex -3.47149 22.1254 3
      vertex -3.29429 21.5543 2.51
    endloop
  endfacet
  facet normal 0.142345 0.642259 0.753154
    outer loop
      vertex -1.24571 12.0855 3
      vertex -1.32645 12.678 2.51
      vertex -1.47176 12.1356 3
    endloop
  endfacet
  facet normal -0.627442 -0.197832 0.753113
    outer loop
      vertex 5.41315 19.3524 3
      vertex 4.95037 18.9548 2.51
      vertex 5.4927 19.1001 3
    endloop
  endfacet
  facet normal -0.627437 -0.19784 0.753115
    outer loop
      vertex 4.95037 18.9548 2.51
      vertex 5.41315 19.3524 3
      vertex 4.81592 19.3812 2.51
    endloop
  endfacet
  facet normal 0.142262 0.64234 0.753101
    outer loop
      vertex -0.889946 12.5812 2.51
      vertex -1.24571 12.0855 3
      vertex -0.987442 12.0283 3
    endloop
  endfacet
  facet normal 0.142428 0.642258 0.753139
    outer loop
      vertex -1.24571 12.0855 3
      vertex -0.889946 12.5812 2.51
      vertex -1.32645 12.678 2.51
    endloop
  endfacet
  facet normal 0.627437 -0.19784 0.753115
    outer loop
      vertex -5.41315 19.3524 3
      vertex -4.95037 18.9548 2.51
      vertex -4.81592 19.3812 2.51
    endloop
  endfacet
  facet normal 0.627442 -0.197832 0.753113
    outer loop
      vertex -4.95037 18.9548 2.51
      vertex -5.41315 19.3524 3
      vertex -5.4927 19.1001 3
    endloop
  endfacet
  facet normal 0.657263 0.0286982 0.753115
    outer loop
      vertex -5.67636 17.397 3
      vertex -5.1055 17.1817 2.51
      vertex -5.125 17.6283 2.51
    endloop
  endfacet
  facet normal 0.657263 0.0286977 0.753115
    outer loop
      vertex -5.1055 17.1817 2.51
      vertex -5.67636 17.397 3
      vertex -5.66482 17.1327 3
    endloop
  endfacet
  facet normal 0.583551 0.303767 0.753123
    outer loop
      vertex -5.04677 15.0197 3
      vertex -4.43838 15.0658 2.51
      vertex -4.64483 15.4624 2.51
    endloop
  endfacet
  facet normal 0.583535 0.303831 0.753109
    outer loop
      vertex -4.43838 15.0658 2.51
      vertex -5.04677 15.0197 3
      vertex -4.92462 14.7851 3
    endloop
  endfacet
  facet normal -0.554825 -0.353487 0.753137
    outer loop
      vertex 4.78248 20.6947 3
      vertex 4.43838 20.1908 2.51
      vertex 4.92462 20.4716 3
    endloop
  endfacet
  facet normal -0.554849 -0.353464 0.753131
    outer loop
      vertex 4.43838 20.1908 2.51
      vertex 4.78248 20.6947 3
      vertex 4.19815 20.5679 2.51
    endloop
  endfacet
  facet normal -0.251756 -0.607851 0.753084
    outer loop
      vertex 2.4032 22.782 3
      vertex 2.18928 22.8706 3
      vertex 2.16592 22.2732 2.51
    endloop
  endfacet
  facet normal -0.583596 -0.30376 0.753091
    outer loop
      vertex 5.15368 20.0315 3
      vertex 5.04677 20.2369 3
      vertex 4.64483 19.7943 2.51
    endloop
  endfacet
  facet normal -0.0860404 -0.652191 0.753156
    outer loop
      vertex 0.446672 22.7338 2.51
      vertex 0.757877 23.2586 3
      vertex 0.495607 23.2932 3
    endloop
  endfacet
  facet normal -0.0857898 -0.652288 0.7531
    outer loop
      vertex 0.757877 23.2586 3
      vertex 0.446672 22.7338 2.51
      vertex 0.889946 22.6755 2.51
    endloop
  endfacet
  facet normal -0.142501 -0.642293 0.753096
    outer loop
      vertex 0.889946 22.6755 2.51
      vertex 1.24571 23.1711 3
      vertex 0.987442 23.2284 3
    endloop
  endfacet
  facet normal -0.142442 -0.642321 0.753083
    outer loop
      vertex 1.24571 23.1711 3
      vertex 0.889946 22.6755 2.51
      vertex 1.32645 22.5787 2.51
    endloop
  endfacet
  facet normal 0.657265 -0.0287087 0.753113
    outer loop
      vertex -5.67636 17.8597 3
      vertex -5.1055 18.075 2.51
      vertex -5.66482 18.1239 3
    endloop
  endfacet
  facet normal 0.657261 -0.0286917 0.753116
    outer loop
      vertex -5.1055 18.075 2.51
      vertex -5.67636 17.8597 3
      vertex -5.125 17.6283 2.51
    endloop
  endfacet
  facet normal -0.444452 -0.485067 0.753109
    outer loop
      vertex 3.8259 21.828 3
      vertex 3.62392 21.2523 2.51
      vertex 4.02093 21.6493 3
    endloop
  endfacet
  facet normal -0.444423 -0.485083 0.753116
    outer loop
      vertex 3.62392 21.2523 2.51
      vertex 3.8259 21.828 3
      vertex 3.29429 21.5543 2.51
    endloop
  endfacet
  facet normal 0.0286925 -0.657237 0.753138
    outer loop
      vertex -0.231326 23.3047 3
      vertex -0.446672 22.7338 2.51
      vertex 0 22.7533 2.51
    endloop
  endfacet
  facet normal 0.0285984 -0.657218 0.753158
    outer loop
      vertex -0.446672 22.7338 2.51
      vertex -0.231326 23.3047 3
      vertex -0.495607 23.2932 3
    endloop
  endfacet
  facet normal 0.0286958 -0.657236 0.753139
    outer loop
      vertex 0 22.7533 2.51
      vertex 0 23.3148 3
      vertex -0.231326 23.3047 3
    endloop
  endfacet
  facet normal -0.485123 -0.444393 0.753107
    outer loop
      vertex 3.62392 21.2523 2.51
      vertex 4.19965 21.4542 3
      vertex 4.02093 21.6493 3
    endloop
  endfacet
  facet normal -0.485101 -0.444433 0.753098
    outer loop
      vertex 4.19965 21.4542 3
      vertex 3.62392 21.2523 2.51
      vertex 3.92598 20.9226 2.51
    endloop
  endfacet
  facet normal -0.0285984 -0.657218 0.753158
    outer loop
      vertex 0.231326 23.3047 3
      vertex 0.446672 22.7338 2.51
      vertex 0.495607 23.2932 3
    endloop
  endfacet
  facet normal -0.0286925 -0.657237 0.753138
    outer loop
      vertex 0.446672 22.7338 2.51
      vertex 0.231326 23.3047 3
      vertex 0 22.7533 2.51
    endloop
  endfacet
  facet normal -0.991434 -0.130611 0
    outer loop
      vertex 49.378 -17.1817 0
      vertex 49.3196 -16.7384 2.51
      vertex 49.3196 -16.7384 0
    endloop
  endfacet
  facet normal -0.991434 -0.130611 0
    outer loop
      vertex 49.3196 -16.7384 2.51
      vertex 49.378 -17.1817 0
      vertex 49.378 -17.1817 2.51
    endloop
  endfacet
  facet normal -0.999048 -0.0436217 0
    outer loop
      vertex 49.3975 -17.6283 0
      vertex 49.378 -17.1817 2.51
      vertex 49.378 -17.1817 0
    endloop
  endfacet
  facet normal -0.999048 -0.0436217 0
    outer loop
      vertex 49.378 -17.1817 2.51
      vertex 49.3975 -17.6283 0
      vertex 49.3975 -17.6283 2.51
    endloop
  endfacet
  facet normal -0.976329 -0.216291 0
    outer loop
      vertex 49.3196 -16.7384 0
      vertex 49.2229 -16.3019 2.51
      vertex 49.2229 -16.3019 0
    endloop
  endfacet
  facet normal -0.976329 -0.216291 0
    outer loop
      vertex 49.2229 -16.3019 2.51
      vertex 49.3196 -16.7384 0
      vertex 49.3196 -16.7384 2.51
    endloop
  endfacet
  facet normal 0.843431 0.537237 0
    outer loop
      vertex 40.0743 -20.5679 2.51
      vertex 39.8341 -20.1908 0
      vertex 39.8341 -20.1908 2.51
    endloop
  endfacet
  facet normal 0.843431 0.537237 0
    outer loop
      vertex 39.8341 -20.1908 0
      vertex 40.0743 -20.5679 2.51
      vertex 40.0743 -20.5679 0
    endloop
  endfacet
  facet normal 0.843367 -0.537339 0
    outer loop
      vertex 39.8341 -15.0658 2.51
      vertex 40.0743 -14.6888 0
      vertex 40.0743 -14.6888 2.51
    endloop
  endfacet
  facet normal 0.843367 -0.537339 0
    outer loop
      vertex 40.0743 -14.6888 0
      vertex 39.8341 -15.0658 2.51
      vertex 39.8341 -15.0658 0
    endloop
  endfacet
  facet normal -0.216504 -0.976282 0
    outer loop
      vertex 45.1624 -12.5812 0
      vertex 45.5989 -12.678 2.51
      vertex 45.1624 -12.5812 2.51
    endloop
  endfacet
  facet normal -0.216504 -0.976282 -0
    outer loop
      vertex 45.5989 -12.678 2.51
      vertex 45.1624 -12.5812 0
      vertex 45.5989 -12.678 0
    endloop
  endfacet
  facet normal 0.38274 0.923856 -0
    outer loop
      vertex 42.5196 -22.4443 0
      vertex 42.1066 -22.2732 2.51
      vertex 42.5196 -22.4443 2.51
    endloop
  endfacet
  facet normal 0.38274 0.923856 0
    outer loop
      vertex 42.1066 -22.2732 2.51
      vertex 42.5196 -22.4443 0
      vertex 42.1066 -22.2732 0
    endloop
  endfacet
  facet normal -0.976329 0.216291 0
    outer loop
      vertex 49.2229 -18.9548 0
      vertex 49.3196 -18.5183 2.51
      vertex 49.3196 -18.5183 0
    endloop
  endfacet
  facet normal -0.976329 0.216291 0
    outer loop
      vertex 49.3196 -18.5183 2.51
      vertex 49.2229 -18.9548 0
      vertex 49.2229 -18.9548 2.51
    endloop
  endfacet
  facet normal 0.923889 0.382661 0
    outer loop
      vertex 39.6277 -19.7943 2.51
      vertex 39.4566 -19.3812 0
      vertex 39.4566 -19.3812 2.51
    endloop
  endfacet
  facet normal 0.923889 0.382661 0
    outer loop
      vertex 39.4566 -19.3812 0
      vertex 39.6277 -19.7943 2.51
      vertex 39.6277 -19.7943 0
    endloop
  endfacet
  facet normal -0.13042 0.991459 0
    outer loop
      vertex 45.1624 -22.6755 0
      vertex 44.7192 -22.7338 2.51
      vertex 45.1624 -22.6755 2.51
    endloop
  endfacet
  facet normal -0.13042 0.991459 0
    outer loop
      vertex 44.7192 -22.7338 2.51
      vertex 45.1624 -22.6755 0
      vertex 44.7192 -22.7338 0
    endloop
  endfacet
  facet normal 0.300553 0.953765 -0
    outer loop
      vertex 42.9461 -22.5787 0
      vertex 42.5196 -22.4443 2.51
      vertex 42.9461 -22.5787 2.51
    endloop
  endfacet
  facet normal 0.300553 0.953765 0
    outer loop
      vertex 42.5196 -22.4443 2.51
      vertex 42.9461 -22.5787 0
      vertex 42.5196 -22.4443 0
    endloop
  endfacet
  facet normal 0.608802 0.793322 -0
    outer loop
      vertex 41.3329 -21.8265 0
      vertex 40.9782 -21.5543 2.51
      vertex 41.3329 -21.8265 2.51
    endloop
  endfacet
  facet normal 0.608802 0.793322 0
    outer loop
      vertex 40.9782 -21.5543 2.51
      vertex 41.3329 -21.8265 0
      vertex 40.9782 -21.5543 0
    endloop
  endfacet
  facet normal 0.537237 0.843431 -0
    outer loop
      vertex 41.71 -22.0667 0
      vertex 41.3329 -21.8265 2.51
      vertex 41.71 -22.0667 2.51
    endloop
  endfacet
  facet normal 0.537237 0.843431 0
    outer loop
      vertex 41.3329 -21.8265 2.51
      vertex 41.71 -22.0667 0
      vertex 41.3329 -21.8265 0
    endloop
  endfacet
  facet normal 0.216504 0.976282 -0
    outer loop
      vertex 43.3826 -22.6755 0
      vertex 42.9461 -22.5787 2.51
      vertex 43.3826 -22.6755 2.51
    endloop
  endfacet
  facet normal 0.216504 0.976282 0
    outer loop
      vertex 42.9461 -22.5787 2.51
      vertex 43.3826 -22.6755 0
      vertex 42.9461 -22.5787 0
    endloop
  endfacet
  facet normal 0.953681 0.300821 0
    outer loop
      vertex 39.4566 -19.3812 2.51
      vertex 39.3221 -18.9548 0
      vertex 39.3221 -18.9548 2.51
    endloop
  endfacet
  facet normal 0.953681 0.300821 0
    outer loop
      vertex 39.3221 -18.9548 0
      vertex 39.4566 -19.3812 2.51
      vertex 39.4566 -19.3812 0
    endloop
  endfacet
  facet normal 0.608802 -0.793322 0
    outer loop
      vertex 40.9782 -13.7024 0
      vertex 41.3329 -13.4302 2.51
      vertex 40.9782 -13.7024 2.51
    endloop
  endfacet
  facet normal 0.608802 -0.793322 0
    outer loop
      vertex 41.3329 -13.4302 2.51
      vertex 40.9782 -13.7024 0
      vertex 41.3329 -13.4302 0
    endloop
  endfacet
  facet normal 0.923889 -0.382661 0
    outer loop
      vertex 39.4566 -15.8755 2.51
      vertex 39.6277 -15.4624 0
      vertex 39.6277 -15.4624 2.51
    endloop
  endfacet
  facet normal 0.923889 -0.382661 0
    outer loop
      vertex 39.6277 -15.4624 0
      vertex 39.4566 -15.8755 2.51
      vertex 39.4566 -15.8755 0
    endloop
  endfacet
  facet normal -0.991434 0.130611 0
    outer loop
      vertex 49.3196 -18.5183 0
      vertex 49.378 -18.075 2.51
      vertex 49.378 -18.075 0
    endloop
  endfacet
  facet normal -0.991434 0.130611 0
    outer loop
      vertex 49.378 -18.075 2.51
      vertex 49.3196 -18.5183 0
      vertex 49.3196 -18.5183 2.51
    endloop
  endfacet
  facet normal -0.0436119 -0.999049 0
    outer loop
      vertex 44.2725 -12.5033 0
      vertex 44.7192 -12.5228 2.51
      vertex 44.2725 -12.5033 2.51
    endloop
  endfacet
  facet normal -0.0436119 -0.999049 -0
    outer loop
      vertex 44.7192 -12.5228 2.51
      vertex 44.2725 -12.5033 0
      vertex 44.7192 -12.5228 0
    endloop
  endfacet
  facet normal -0.608802 -0.793322 0
    outer loop
      vertex 47.2121 -13.4302 0
      vertex 47.5668 -13.7024 2.51
      vertex 47.2121 -13.4302 2.51
    endloop
  endfacet
  facet normal -0.608802 -0.793322 -0
    outer loop
      vertex 47.5668 -13.7024 2.51
      vertex 47.2121 -13.4302 0
      vertex 47.5668 -13.7024 0
    endloop
  endfacet
  facet normal -0.537237 -0.843431 0
    outer loop
      vertex 46.835 -13.19 0
      vertex 47.2121 -13.4302 2.51
      vertex 46.835 -13.19 2.51
    endloop
  endfacet
  facet normal -0.537237 -0.843431 -0
    outer loop
      vertex 47.2121 -13.4302 2.51
      vertex 46.835 -13.19 0
      vertex 47.2121 -13.4302 0
    endloop
  endfacet
  facet normal 0.976329 -0.216291 0
    outer loop
      vertex 39.2254 -16.7384 2.51
      vertex 39.3221 -16.3019 0
      vertex 39.3221 -16.3019 2.51
    endloop
  endfacet
  facet normal 0.976329 -0.216291 0
    outer loop
      vertex 39.3221 -16.3019 0
      vertex 39.2254 -16.7384 2.51
      vertex 39.2254 -16.7384 0
    endloop
  endfacet
  facet normal -0.953681 -0.300821 0
    outer loop
      vertex 49.2229 -16.3019 0
      vertex 49.0884 -15.8755 2.51
      vertex 49.0884 -15.8755 0
    endloop
  endfacet
  facet normal -0.953681 -0.300821 0
    outer loop
      vertex 49.0884 -15.8755 2.51
      vertex 49.2229 -16.3019 0
      vertex 49.2229 -16.3019 2.51
    endloop
  endfacet
  facet normal -0.461824 -0.886971 0
    outer loop
      vertex 46.4384 -12.9835 0
      vertex 46.835 -13.19 2.51
      vertex 46.4384 -12.9835 2.51
    endloop
  endfacet
  facet normal -0.461824 -0.886971 -0
    outer loop
      vertex 46.835 -13.19 2.51
      vertex 46.4384 -12.9835 0
      vertex 46.835 -13.19 0
    endloop
  endfacet
  facet normal 0.793322 0.608802 0
    outer loop
      vertex 40.3465 -20.9226 2.51
      vertex 40.0743 -20.5679 0
      vertex 40.0743 -20.5679 2.51
    endloop
  endfacet
  facet normal 0.793322 0.608802 0
    outer loop
      vertex 40.0743 -20.5679 0
      vertex 40.3465 -20.9226 2.51
      vertex 40.3465 -20.9226 0
    endloop
  endfacet
  facet normal 0.13064 -0.99143 0
    outer loop
      vertex 43.3826 -12.5812 0
      vertex 43.8258 -12.5228 2.51
      vertex 43.3826 -12.5812 2.51
    endloop
  endfacet
  facet normal 0.13064 -0.99143 0
    outer loop
      vertex 43.8258 -12.5228 2.51
      vertex 43.3826 -12.5812 0
      vertex 43.8258 -12.5228 0
    endloop
  endfacet
  facet normal -0.300553 -0.953765 0
    outer loop
      vertex 45.5989 -12.678 0
      vertex 46.0254 -12.8124 2.51
      vertex 45.5989 -12.678 2.51
    endloop
  endfacet
  facet normal -0.300553 -0.953765 -0
    outer loop
      vertex 46.0254 -12.8124 2.51
      vertex 45.5989 -12.678 0
      vertex 46.0254 -12.8124 0
    endloop
  endfacet
  facet normal 0.991434 -0.130611 0
    outer loop
      vertex 39.167 -17.1817 2.51
      vertex 39.2254 -16.7384 0
      vertex 39.2254 -16.7384 2.51
    endloop
  endfacet
  facet normal 0.991434 -0.130611 0
    outer loop
      vertex 39.2254 -16.7384 0
      vertex 39.167 -17.1817 2.51
      vertex 39.167 -17.1817 0
    endloop
  endfacet
  facet normal -0.13064 -0.99143 0
    outer loop
      vertex 44.7192 -12.5228 0
      vertex 45.1624 -12.5812 2.51
      vertex 44.7192 -12.5228 2.51
    endloop
  endfacet
  facet normal -0.13064 -0.99143 -0
    outer loop
      vertex 45.1624 -12.5812 2.51
      vertex 44.7192 -12.5228 0
      vertex 45.1624 -12.5812 0
    endloop
  endfacet
  facet normal -0.843367 -0.537339 0
    outer loop
      vertex 48.7109 -15.0658 0
      vertex 48.4707 -14.6888 2.51
      vertex 48.4707 -14.6888 0
    endloop
  endfacet
  facet normal -0.843367 -0.537339 0
    outer loop
      vertex 48.4707 -14.6888 2.51
      vertex 48.7109 -15.0658 0
      vertex 48.7109 -15.0658 2.51
    endloop
  endfacet
  facet normal 0.675563 0.737303 -0
    outer loop
      vertex 40.9782 -21.5543 0
      vertex 40.6486 -21.2523 2.51
      vertex 40.9782 -21.5543 2.51
    endloop
  endfacet
  facet normal 0.675563 0.737303 0
    outer loop
      vertex 40.6486 -21.2523 2.51
      vertex 40.9782 -21.5543 0
      vertex 40.6486 -21.2523 0
    endloop
  endfacet
  facet normal -0.537237 0.843431 0
    outer loop
      vertex 47.2121 -21.8265 0
      vertex 46.835 -22.0667 2.51
      vertex 47.2121 -21.8265 2.51
    endloop
  endfacet
  facet normal -0.537237 0.843431 0
    outer loop
      vertex 46.835 -22.0667 2.51
      vertex 47.2121 -21.8265 0
      vertex 46.835 -22.0667 0
    endloop
  endfacet
  facet normal -0.999049 0.0436119 0
    outer loop
      vertex 49.378 -18.075 0
      vertex 49.3975 -17.6283 2.51
      vertex 49.3975 -17.6283 0
    endloop
  endfacet
  facet normal -0.999049 0.0436119 0
    outer loop
      vertex 49.3975 -17.6283 2.51
      vertex 49.378 -18.075 0
      vertex 49.378 -18.075 2.51
    endloop
  endfacet
  facet normal 0.737293 0.675573 0
    outer loop
      vertex 40.6486 -21.2523 2.51
      vertex 40.3465 -20.9226 0
      vertex 40.3465 -20.9226 2.51
    endloop
  endfacet
  facet normal 0.737293 0.675573 0
    outer loop
      vertex 40.3465 -20.9226 0
      vertex 40.6486 -21.2523 2.51
      vertex 40.6486 -21.2523 0
    endloop
  endfacet
  facet normal 0.38274 -0.923856 0
    outer loop
      vertex 42.1066 -12.9835 0
      vertex 42.5196 -12.8124 2.51
      vertex 42.1066 -12.9835 2.51
    endloop
  endfacet
  facet normal 0.38274 -0.923856 0
    outer loop
      vertex 42.5196 -12.8124 2.51
      vertex 42.1066 -12.9835 0
      vertex 42.5196 -12.8124 0
    endloop
  endfacet
  facet normal -0.461824 0.886971 0
    outer loop
      vertex 46.835 -22.0667 0
      vertex 46.4384 -22.2732 2.51
      vertex 46.835 -22.0667 2.51
    endloop
  endfacet
  facet normal -0.461824 0.886971 0
    outer loop
      vertex 46.4384 -22.2732 2.51
      vertex 46.835 -22.0667 0
      vertex 46.4384 -22.2732 0
    endloop
  endfacet
  facet normal 0.976329 0.216291 0
    outer loop
      vertex 39.3221 -18.9548 2.51
      vertex 39.2254 -18.5183 0
      vertex 39.2254 -18.5183 2.51
    endloop
  endfacet
  facet normal 0.976329 0.216291 0
    outer loop
      vertex 39.2254 -18.5183 0
      vertex 39.3221 -18.9548 2.51
      vertex 39.3221 -18.9548 0
    endloop
  endfacet
  facet normal 0.793405 -0.608694 0
    outer loop
      vertex 40.0743 -14.6888 2.51
      vertex 40.3465 -14.334 0
      vertex 40.3465 -14.334 2.51
    endloop
  endfacet
  facet normal 0.793405 -0.608694 0
    outer loop
      vertex 40.3465 -14.334 0
      vertex 40.0743 -14.6888 2.51
      vertex 40.0743 -14.6888 0
    endloop
  endfacet
  facet normal 0.216504 -0.976282 0
    outer loop
      vertex 42.9461 -12.678 0
      vertex 43.3826 -12.5812 2.51
      vertex 42.9461 -12.678 2.51
    endloop
  endfacet
  facet normal 0.216504 -0.976282 0
    outer loop
      vertex 43.3826 -12.5812 2.51
      vertex 42.9461 -12.678 0
      vertex 43.3826 -12.5812 0
    endloop
  endfacet
  facet normal -0.0436119 0.999049 0
    outer loop
      vertex 44.7192 -22.7338 0
      vertex 44.2725 -22.7533 2.51
      vertex 44.7192 -22.7338 2.51
    endloop
  endfacet
  facet normal -0.0436119 0.999049 0
    outer loop
      vertex 44.2725 -22.7533 2.51
      vertex 44.7192 -22.7338 0
      vertex 44.2725 -22.7533 0
    endloop
  endfacet
  facet normal 0.887015 0.46174 0
    outer loop
      vertex 39.8341 -20.1908 2.51
      vertex 39.6277 -19.7943 0
      vertex 39.6277 -19.7943 2.51
    endloop
  endfacet
  facet normal 0.887015 0.46174 0
    outer loop
      vertex 39.6277 -19.7943 0
      vertex 39.8341 -20.1908 2.51
      vertex 39.8341 -20.1908 0
    endloop
  endfacet
  facet normal -0.887015 0.46174 0
    outer loop
      vertex 48.7109 -20.1908 0
      vertex 48.9173 -19.7943 2.51
      vertex 48.9173 -19.7943 0
    endloop
  endfacet
  facet normal -0.887015 0.46174 0
    outer loop
      vertex 48.9173 -19.7943 2.51
      vertex 48.7109 -20.1908 0
      vertex 48.7109 -20.1908 2.51
    endloop
  endfacet
  facet normal -0.953681 0.300821 0
    outer loop
      vertex 49.0884 -19.3812 0
      vertex 49.2229 -18.9548 2.51
      vertex 49.2229 -18.9548 0
    endloop
  endfacet
  facet normal -0.953681 0.300821 0
    outer loop
      vertex 49.2229 -18.9548 2.51
      vertex 49.0884 -19.3812 0
      vertex 49.0884 -19.3812 2.51
    endloop
  endfacet
  facet normal -0.38274 -0.923856 0
    outer loop
      vertex 46.0254 -12.8124 0
      vertex 46.4384 -12.9835 2.51
      vertex 46.0254 -12.8124 2.51
    endloop
  endfacet
  facet normal -0.38274 -0.923856 -0
    outer loop
      vertex 46.4384 -12.9835 2.51
      vertex 46.0254 -12.8124 0
      vertex 46.4384 -12.9835 0
    endloop
  endfacet
  facet normal 0.953681 -0.300821 0
    outer loop
      vertex 39.3221 -16.3019 2.51
      vertex 39.4566 -15.8755 0
      vertex 39.4566 -15.8755 2.51
    endloop
  endfacet
  facet normal 0.953681 -0.300821 0
    outer loop
      vertex 39.4566 -15.8755 0
      vertex 39.3221 -16.3019 2.51
      vertex 39.3221 -16.3019 0
    endloop
  endfacet
  facet normal -0.923889 -0.382661 0
    outer loop
      vertex 49.0884 -15.8755 0
      vertex 48.9173 -15.4624 2.51
      vertex 48.9173 -15.4624 0
    endloop
  endfacet
  facet normal -0.923889 -0.382661 0
    outer loop
      vertex 48.9173 -15.4624 2.51
      vertex 49.0884 -15.8755 0
      vertex 49.0884 -15.8755 2.51
    endloop
  endfacet
  facet normal -0.675563 -0.737303 0
    outer loop
      vertex 47.5668 -13.7024 0
      vertex 47.8964 -14.0044 2.51
      vertex 47.5668 -13.7024 2.51
    endloop
  endfacet
  facet normal -0.675563 -0.737303 -0
    outer loop
      vertex 47.8964 -14.0044 2.51
      vertex 47.5668 -13.7024 0
      vertex 47.8964 -14.0044 0
    endloop
  endfacet
  facet normal -0.923889 0.382661 0
    outer loop
      vertex 48.9173 -19.7943 0
      vertex 49.0884 -19.3812 2.51
      vertex 49.0884 -19.3812 0
    endloop
  endfacet
  facet normal -0.923889 0.382661 0
    outer loop
      vertex 49.0884 -19.3812 2.51
      vertex 48.9173 -19.7943 0
      vertex 48.9173 -19.7943 2.51
    endloop
  endfacet
  facet normal -0.843431 0.537237 0
    outer loop
      vertex 48.4707 -20.5679 0
      vertex 48.7109 -20.1908 2.51
      vertex 48.7109 -20.1908 0
    endloop
  endfacet
  facet normal -0.843431 0.537237 0
    outer loop
      vertex 48.7109 -20.1908 2.51
      vertex 48.4707 -20.5679 0
      vertex 48.4707 -20.5679 2.51
    endloop
  endfacet
  facet normal -0.887063 -0.461648 0
    outer loop
      vertex 48.9173 -15.4624 0
      vertex 48.7109 -15.0658 2.51
      vertex 48.7109 -15.0658 0
    endloop
  endfacet
  facet normal -0.887063 -0.461648 0
    outer loop
      vertex 48.7109 -15.0658 2.51
      vertex 48.9173 -15.4624 0
      vertex 48.9173 -15.4624 2.51
    endloop
  endfacet
  facet normal 0.887063 -0.461648 0
    outer loop
      vertex 39.6277 -15.4624 2.51
      vertex 39.8341 -15.0658 0
      vertex 39.8341 -15.0658 2.51
    endloop
  endfacet
  facet normal 0.887063 -0.461648 0
    outer loop
      vertex 39.8341 -15.0658 0
      vertex 39.6277 -15.4624 2.51
      vertex 39.6277 -15.4624 0
    endloop
  endfacet
  facet normal 0.675563 -0.737303 0
    outer loop
      vertex 40.6486 -14.0044 0
      vertex 40.9782 -13.7024 2.51
      vertex 40.6486 -14.0044 2.51
    endloop
  endfacet
  facet normal 0.675563 -0.737303 0
    outer loop
      vertex 40.9782 -13.7024 2.51
      vertex 40.6486 -14.0044 0
      vertex 40.9782 -13.7024 0
    endloop
  endfacet
  facet normal 0.0436119 0.999049 -0
    outer loop
      vertex 44.2725 -22.7533 0
      vertex 43.8258 -22.7338 2.51
      vertex 44.2725 -22.7533 2.51
    endloop
  endfacet
  facet normal 0.0436119 0.999049 0
    outer loop
      vertex 43.8258 -22.7338 2.51
      vertex 44.2725 -22.7533 0
      vertex 43.8258 -22.7338 0
    endloop
  endfacet
  facet normal 0.300553 -0.953765 0
    outer loop
      vertex 42.5196 -12.8124 0
      vertex 42.9461 -12.678 2.51
      vertex 42.5196 -12.8124 2.51
    endloop
  endfacet
  facet normal 0.300553 -0.953765 0
    outer loop
      vertex 42.9461 -12.678 2.51
      vertex 42.5196 -12.8124 0
      vertex 42.9461 -12.678 0
    endloop
  endfacet
  facet normal 0.999049 0.0436119 0
    outer loop
      vertex 39.167 -18.075 2.51
      vertex 39.1475 -17.6283 0
      vertex 39.1475 -17.6283 2.51
    endloop
  endfacet
  facet normal 0.999049 0.0436119 0
    outer loop
      vertex 39.1475 -17.6283 0
      vertex 39.167 -18.075 2.51
      vertex 39.167 -18.075 0
    endloop
  endfacet
  facet normal 0.0436119 -0.999049 0
    outer loop
      vertex 43.8258 -12.5228 0
      vertex 44.2725 -12.5033 2.51
      vertex 43.8258 -12.5228 2.51
    endloop
  endfacet
  facet normal 0.0436119 -0.999049 0
    outer loop
      vertex 44.2725 -12.5033 2.51
      vertex 43.8258 -12.5228 0
      vertex 44.2725 -12.5033 0
    endloop
  endfacet
  facet normal -0.38274 0.923856 0
    outer loop
      vertex 46.4384 -22.2732 0
      vertex 46.0254 -22.4443 2.51
      vertex 46.4384 -22.2732 2.51
    endloop
  endfacet
  facet normal -0.38274 0.923856 0
    outer loop
      vertex 46.0254 -22.4443 2.51
      vertex 46.4384 -22.2732 0
      vertex 46.0254 -22.4443 0
    endloop
  endfacet
  facet normal -0.300553 0.953765 0
    outer loop
      vertex 46.0254 -22.4443 0
      vertex 45.5989 -22.5787 2.51
      vertex 46.0254 -22.4443 2.51
    endloop
  endfacet
  facet normal -0.300553 0.953765 0
    outer loop
      vertex 45.5989 -22.5787 2.51
      vertex 46.0254 -22.4443 0
      vertex 45.5989 -22.5787 0
    endloop
  endfacet
  facet normal -0.793322 0.608802 0
    outer loop
      vertex 48.1985 -20.9226 0
      vertex 48.4707 -20.5679 2.51
      vertex 48.4707 -20.5679 0
    endloop
  endfacet
  facet normal -0.793322 0.608802 0
    outer loop
      vertex 48.4707 -20.5679 2.51
      vertex 48.1985 -20.9226 0
      vertex 48.1985 -20.9226 2.51
    endloop
  endfacet
  facet normal 0.991434 0.130611 0
    outer loop
      vertex 39.2254 -18.5183 2.51
      vertex 39.167 -18.075 0
      vertex 39.167 -18.075 2.51
    endloop
  endfacet
  facet normal 0.991434 0.130611 0
    outer loop
      vertex 39.167 -18.075 0
      vertex 39.2254 -18.5183 2.51
      vertex 39.2254 -18.5183 0
    endloop
  endfacet
  facet normal -0.216504 0.976282 0
    outer loop
      vertex 45.5989 -22.5787 0
      vertex 45.1624 -22.6755 2.51
      vertex 45.5989 -22.5787 2.51
    endloop
  endfacet
  facet normal -0.216504 0.976282 0
    outer loop
      vertex 45.1624 -22.6755 2.51
      vertex 45.5989 -22.5787 0
      vertex 45.1624 -22.6755 0
    endloop
  endfacet
  facet normal 0.537237 -0.843431 0
    outer loop
      vertex 41.3329 -13.4302 0
      vertex 41.71 -13.19 2.51
      vertex 41.3329 -13.4302 2.51
    endloop
  endfacet
  facet normal 0.537237 -0.843431 0
    outer loop
      vertex 41.71 -13.19 2.51
      vertex 41.3329 -13.4302 0
      vertex 41.71 -13.19 0
    endloop
  endfacet
  facet normal -0.737191 -0.675684 0
    outer loop
      vertex 48.1985 -14.334 0
      vertex 47.8964 -14.0044 2.51
      vertex 47.8964 -14.0044 0
    endloop
  endfacet
  facet normal -0.737191 -0.675684 0
    outer loop
      vertex 47.8964 -14.0044 2.51
      vertex 48.1985 -14.334 0
      vertex 48.1985 -14.334 2.51
    endloop
  endfacet
  facet normal -0.793405 -0.608694 0
    outer loop
      vertex 48.4707 -14.6888 0
      vertex 48.1985 -14.334 2.51
      vertex 48.1985 -14.334 0
    endloop
  endfacet
  facet normal -0.793405 -0.608694 0
    outer loop
      vertex 48.1985 -14.334 2.51
      vertex 48.4707 -14.6888 0
      vertex 48.4707 -14.6888 2.51
    endloop
  endfacet
  facet normal 0.737191 -0.675684 0
    outer loop
      vertex 40.3465 -14.334 2.51
      vertex 40.6486 -14.0044 0
      vertex 40.6486 -14.0044 2.51
    endloop
  endfacet
  facet normal 0.737191 -0.675684 0
    outer loop
      vertex 40.6486 -14.0044 0
      vertex 40.3465 -14.334 2.51
      vertex 40.3465 -14.334 0
    endloop
  endfacet
  facet normal 0.461824 0.886971 -0
    outer loop
      vertex 42.1066 -22.2732 0
      vertex 41.71 -22.0667 2.51
      vertex 42.1066 -22.2732 2.51
    endloop
  endfacet
  facet normal 0.461824 0.886971 0
    outer loop
      vertex 41.71 -22.0667 2.51
      vertex 42.1066 -22.2732 0
      vertex 41.71 -22.0667 0
    endloop
  endfacet
  facet normal 0.461824 -0.886971 0
    outer loop
      vertex 41.71 -13.19 0
      vertex 42.1066 -12.9835 2.51
      vertex 41.71 -13.19 2.51
    endloop
  endfacet
  facet normal 0.461824 -0.886971 0
    outer loop
      vertex 42.1066 -12.9835 2.51
      vertex 41.71 -13.19 0
      vertex 42.1066 -12.9835 0
    endloop
  endfacet
  facet normal 0.999048 -0.0436217 0
    outer loop
      vertex 39.1475 -17.6283 2.51
      vertex 39.167 -17.1817 0
      vertex 39.167 -17.1817 2.51
    endloop
  endfacet
  facet normal 0.999048 -0.0436217 0
    outer loop
      vertex 39.167 -17.1817 0
      vertex 39.1475 -17.6283 2.51
      vertex 39.1475 -17.6283 0
    endloop
  endfacet
  facet normal -0.608802 0.793322 0
    outer loop
      vertex 47.5668 -21.5543 0
      vertex 47.2121 -21.8265 2.51
      vertex 47.5668 -21.5543 2.51
    endloop
  endfacet
  facet normal -0.608802 0.793322 0
    outer loop
      vertex 47.2121 -21.8265 2.51
      vertex 47.5668 -21.5543 0
      vertex 47.2121 -21.8265 0
    endloop
  endfacet
  facet normal -0.737293 0.675573 0
    outer loop
      vertex 47.8964 -21.2523 0
      vertex 48.1985 -20.9226 2.51
      vertex 48.1985 -20.9226 0
    endloop
  endfacet
  facet normal -0.737293 0.675573 0
    outer loop
      vertex 48.1985 -20.9226 2.51
      vertex 47.8964 -21.2523 0
      vertex 47.8964 -21.2523 2.51
    endloop
  endfacet
  facet normal 0.13042 0.991459 -0
    outer loop
      vertex 43.8258 -22.7338 0
      vertex 43.3826 -22.6755 2.51
      vertex 43.8258 -22.7338 2.51
    endloop
  endfacet
  facet normal 0.13042 0.991459 0
    outer loop
      vertex 43.3826 -22.6755 2.51
      vertex 43.8258 -22.7338 0
      vertex 43.3826 -22.6755 0
    endloop
  endfacet
  facet normal -0.675563 0.737303 0
    outer loop
      vertex 47.8964 -21.2523 0
      vertex 47.5668 -21.5543 2.51
      vertex 47.8964 -21.2523 2.51
    endloop
  endfacet
  facet normal -0.675563 0.737303 0
    outer loop
      vertex 47.5668 -21.5543 2.51
      vertex 47.8964 -21.2523 0
      vertex 47.5668 -21.5543 0
    endloop
  endfacet
  facet normal -0.642222 0.142523 0.753152
    outer loop
      vertex 49.3196 -18.5183 2.51
      vertex 49.8153 -18.874 3
      vertex 49.8726 -18.6158 3
    endloop
  endfacet
  facet normal -0.642332 0.142299 0.753101
    outer loop
      vertex 49.8153 -18.874 3
      vertex 49.3196 -18.5183 2.51
      vertex 49.2229 -18.9548 2.51
    endloop
  endfacet
  facet normal -0.607804 0.25176 0.753121
    outer loop
      vertex 49.4262 -20.0315 3
      vertex 49.5148 -19.8176 3
      vertex 48.9173 -19.7943 2.51
    endloop
  endfacet
  facet normal -0.444491 0.485035 0.753106
    outer loop
      vertex 47.8964 -21.2523 2.51
      vertex 48.0984 -21.828 3
      vertex 48.2934 -21.6493 3
    endloop
  endfacet
  facet normal -0.444443 0.485061 0.753117
    outer loop
      vertex 48.0984 -21.828 3
      vertex 47.8964 -21.2523 2.51
      vertex 47.5668 -21.5543 2.51
    endloop
  endfacet
  facet normal -0.657236 -0.028699 0.753138
    outer loop
      vertex 49.959 -17.6283 3
      vertex 49.9489 -17.397 3
      vertex 49.3975 -17.6283 2.51
    endloop
  endfacet
  facet normal -0.657266 -0.0288471 0.753107
    outer loop
      vertex 49.378 -17.1817 2.51
      vertex 49.9489 -17.397 3
      vertex 49.9373 -17.1327 3
    endloop
  endfacet
  facet normal -0.657236 -0.0286971 0.753138
    outer loop
      vertex 49.9489 -17.397 3
      vertex 49.378 -17.1817 2.51
      vertex 49.3975 -17.6283 2.51
    endloop
  endfacet
  facet normal 0.086113 -0.652242 0.753103
    outer loop
      vertex 43.3826 -12.5812 2.51
      vertex 43.5146 -11.998 3
      vertex 43.2851 -12.0283 3
    endloop
  endfacet
  facet normal -0.303736 0.583606 0.753093
    outer loop
      vertex 46.6757 -22.782 3
      vertex 46.8811 -22.6751 3
      vertex 46.4384 -22.2732 2.51
    endloop
  endfacet
  facet normal 0.642331 0.14233 0.753095
    outer loop
      vertex 38.7798 -19.1001 3
      vertex 39.3221 -18.9548 2.51
      vertex 38.7297 -18.874 3
    endloop
  endfacet
  facet normal -0.142313 -0.642254 0.753165
    outer loop
      vertex 45.5989 -12.678 2.51
      vertex 45.7443 -12.1356 3
      vertex 45.5182 -12.0855 3
    endloop
  endfacet
  facet normal -0.627427 0.197952 0.753094
    outer loop
      vertex 49.2229 -18.9548 2.51
      vertex 49.6856 -19.3524 3
      vertex 49.7652 -19.1001 3
    endloop
  endfacet
  facet normal -0.627448 0.197917 0.753086
    outer loop
      vertex 49.6856 -19.3524 3
      vertex 49.2229 -18.9548 2.51
      vertex 49.0884 -19.3812 2.51
    endloop
  endfacet
  facet normal -0.554876 0.353439 0.753123
    outer loop
      vertex 48.9306 -20.89 3
      vertex 49.055 -20.6947 3
      vertex 48.4707 -20.5679 2.51
    endloop
  endfacet
  facet normal -0.627461 0.197787 0.753109
    outer loop
      vertex 49.616 -19.5732 3
      vertex 49.6856 -19.3524 3
      vertex 49.0884 -19.3812 2.51
    endloop
  endfacet
  facet normal 0.627373 0.198043 0.753115
    outer loop
      vertex 38.929 -19.5732 3
      vertex 39.4566 -19.3812 2.51
      vertex 38.8593 -19.3524 3
    endloop
  endfacet
  facet normal -0.303939 0.583503 0.753091
    outer loop
      vertex 46.835 -22.0667 2.51
      vertex 46.8811 -22.6751 3
      vertex 47.1157 -22.5529 3
    endloop
  endfacet
  facet normal -0.30383 0.58353 0.753114
    outer loop
      vertex 46.8811 -22.6751 3
      vertex 46.835 -22.0667 2.51
      vertex 46.4384 -22.2732 2.51
    endloop
  endfacet
  facet normal -0.607845 -0.251693 0.75311
    outer loop
      vertex 49.5148 -15.4391 3
      vertex 49.0884 -15.8755 2.51
      vertex 49.616 -15.6835 3
    endloop
  endfacet
  facet normal -0.607807 -0.251745 0.753123
    outer loop
      vertex 49.0884 -15.8755 2.51
      vertex 49.5148 -15.4391 3
      vertex 48.9173 -15.4624 2.51
    endloop
  endfacet
  facet normal -0.028699 0.657236 0.753138
    outer loop
      vertex 44.5038 -23.3047 3
      vertex 44.2725 -22.7533 2.51
      vertex 44.2725 -23.3148 3
    endloop
  endfacet
  facet normal 0.400516 0.521907 0.753127
    outer loop
      vertex 40.801 -22.1254 3
      vertex 41.3329 -21.8265 2.51
      vertex 40.9782 -21.5543 2.51
    endloop
  endfacet
  facet normal 0.400415 0.522032 0.753094
    outer loop
      vertex 41.3329 -21.8265 2.51
      vertex 40.801 -22.1254 3
      vertex 41.0109 -22.2864 3
    endloop
  endfacet
  facet normal 0.353458 0.554906 0.753091
    outer loop
      vertex 41.2062 -22.4108 3
      vertex 41.3329 -21.8265 2.51
      vertex 41.0109 -22.2864 3
    endloop
  endfacet
  facet normal 0.627388 -0.197898 0.753141
    outer loop
      vertex 38.8593 -15.9043 3
      vertex 39.3221 -16.3019 2.51
      vertex 39.4566 -15.8755 2.51
    endloop
  endfacet
  facet normal 0.627493 -0.197724 0.753099
    outer loop
      vertex 39.3221 -16.3019 2.51
      vertex 38.8593 -15.9043 3
      vertex 38.7798 -16.1566 3
    endloop
  endfacet
  facet normal -0.197787 0.627461 0.753109
    outer loop
      vertex 46.2174 -22.9719 3
      vertex 46.0254 -22.4443 2.51
      vertex 45.9966 -23.0415 3
    endloop
  endfacet
  facet normal 0.0858346 0.652286 0.753097
    outer loop
      vertex 43.5146 -23.2586 3
      vertex 43.3826 -22.6755 2.51
      vertex 43.2851 -23.2284 3
    endloop
  endfacet
  facet normal 0.028699 0.657236 0.753138
    outer loop
      vertex 44.2725 -23.3148 3
      vertex 44.2725 -22.7533 2.51
      vertex 44.0412 -23.3047 3
    endloop
  endfacet
  facet normal -0.0858346 0.652286 0.753097
    outer loop
      vertex 45.2599 -23.2284 3
      vertex 45.1624 -22.6755 2.51
      vertex 45.0304 -23.2586 3
    endloop
  endfacet
  facet normal -0.303718 -0.583557 0.753138
    outer loop
      vertex 46.8811 -12.5816 3
      vertex 46.835 -13.19 2.51
      vertex 47.1157 -12.7037 3
    endloop
  endfacet
  facet normal -0.30383 -0.58353 0.753114
    outer loop
      vertex 46.835 -13.19 2.51
      vertex 46.8811 -12.5816 3
      vertex 46.4384 -12.9835 2.51
    endloop
  endfacet
  facet normal -0.142443 0.642316 0.753087
    outer loop
      vertex 45.1624 -22.6755 2.51
      vertex 45.5182 -23.1711 3
      vertex 45.5989 -22.5787 2.51
    endloop
  endfacet
  facet normal -0.142484 0.642296 0.753097
    outer loop
      vertex 45.5182 -23.1711 3
      vertex 45.1624 -22.6755 2.51
      vertex 45.2599 -23.2284 3
    endloop
  endfacet
  facet normal 0.522021 -0.400396 0.753111
    outer loop
      vertex 40.3465 -14.334 2.51
      vertex 39.9164 -13.9731 3
      vertex 39.7755 -14.1568 3
    endloop
  endfacet
  facet normal 0.522021 0.400396 0.753111
    outer loop
      vertex 39.9164 -21.2835 3
      vertex 40.3465 -20.9226 2.51
      vertex 39.7755 -21.0998 3
    endloop
  endfacet
  facet normal -0.353458 0.554906 0.753091
    outer loop
      vertex 47.3388 -22.4108 3
      vertex 47.5341 -22.2864 3
      vertex 47.2121 -21.8265 2.51
    endloop
  endfacet
  facet normal -0.657235 0.0286906 0.753139
    outer loop
      vertex 49.378 -18.075 2.51
      vertex 49.9489 -17.8597 3
      vertex 49.3975 -17.6283 2.51
    endloop
  endfacet
  facet normal -0.657268 0.0288581 0.753104
    outer loop
      vertex 49.9489 -17.8597 3
      vertex 49.378 -18.075 2.51
      vertex 49.9373 -18.1239 3
    endloop
  endfacet
  facet normal 0.485054 0.444449 0.753119
    outer loop
      vertex 40.0728 -21.4542 3
      vertex 40.6486 -21.2523 2.51
      vertex 40.3465 -20.9226 2.51
    endloop
  endfacet
  facet normal 0.485024 0.444502 0.753106
    outer loop
      vertex 40.6486 -21.2523 2.51
      vertex 40.0728 -21.4542 3
      vertex 40.2516 -21.6493 3
    endloop
  endfacet
  facet normal -0.652226 0.0857893 0.753154
    outer loop
      vertex 49.8726 -18.6158 3
      vertex 49.9028 -18.3862 3
      vertex 49.3196 -18.5183 2.51
    endloop
  endfacet
  facet normal -0.657236 0.0286866 0.753139
    outer loop
      vertex 49.9489 -17.8597 3
      vertex 49.959 -17.6283 3
      vertex 49.3975 -17.6283 2.51
    endloop
  endfacet
  facet normal -0.652287 0.0857945 0.753101
    outer loop
      vertex 49.378 -18.075 2.51
      vertex 49.9028 -18.3862 3
      vertex 49.9373 -18.1239 3
    endloop
  endfacet
  facet normal -0.652236 0.0859251 0.75313
    outer loop
      vertex 49.9028 -18.3862 3
      vertex 49.378 -18.075 2.51
      vertex 49.3196 -18.5183 2.51
    endloop
  endfacet
  facet normal -0.627461 -0.197787 0.753109
    outer loop
      vertex 49.6856 -15.9043 3
      vertex 49.616 -15.6835 3
      vertex 49.0884 -15.8755 2.51
    endloop
  endfacet
  facet normal 0.197718 0.627474 0.753117
    outer loop
      vertex 42.9461 -22.5787 2.51
      vertex 42.5484 -23.0415 3
      vertex 42.8007 -23.121 3
    endloop
  endfacet
  facet normal 0.197729 0.627467 0.753119
    outer loop
      vertex 42.5484 -23.0415 3
      vertex 42.9461 -22.5787 2.51
      vertex 42.5196 -22.4443 2.51
    endloop
  endfacet
  facet normal -0.0858035 0.652283 0.753103
    outer loop
      vertex 44.7192 -22.7338 2.51
      vertex 45.0304 -23.2586 3
      vertex 45.1624 -22.6755 2.51
    endloop
  endfacet
  facet normal -0.0860311 0.652195 0.753153
    outer loop
      vertex 45.0304 -23.2586 3
      vertex 44.7192 -22.7338 2.51
      vertex 44.7681 -23.2932 3
    endloop
  endfacet
  facet normal -0.251774 0.607838 0.753089
    outer loop
      vertex 46.4618 -22.8706 3
      vertex 46.6757 -22.782 3
      vertex 46.4384 -22.2732 2.51
    endloop
  endfacet
  facet normal 0.554876 0.353438 0.753123
    outer loop
      vertex 39.8341 -20.1908 2.51
      vertex 39.49 -20.6947 3
      vertex 40.0743 -20.5679 2.51
    endloop
  endfacet
  facet normal 0.554888 0.353427 0.75312
    outer loop
      vertex 39.49 -20.6947 3
      vertex 39.8341 -20.1908 2.51
      vertex 39.3479 -20.4716 3
    endloop
  endfacet
  facet normal 0.652236 0.0859251 0.75313
    outer loop
      vertex 39.167 -18.075 2.51
      vertex 38.6422 -18.3862 3
      vertex 39.2254 -18.5183 2.51
    endloop
  endfacet
  facet normal 0.652287 0.0857945 0.753101
    outer loop
      vertex 38.6422 -18.3862 3
      vertex 39.167 -18.075 2.51
      vertex 38.6077 -18.1239 3
    endloop
  endfacet
  facet normal 0.197926 -0.627347 0.753167
    outer loop
      vertex 42.5484 -12.2152 3
      vertex 42.9461 -12.678 2.51
      vertex 42.8007 -12.1356 3
    endloop
  endfacet
  facet normal 0.197729 -0.627467 0.753119
    outer loop
      vertex 42.9461 -12.678 2.51
      vertex 42.5484 -12.2152 3
      vertex 42.5196 -12.8124 2.51
    endloop
  endfacet
  facet normal 0.484908 -0.444623 0.75311
    outer loop
      vertex 40.0728 -13.8024 3
      vertex 40.6486 -14.0044 2.51
      vertex 40.2516 -13.6074 3
    endloop
  endfacet
  facet normal 0.484971 -0.444508 0.753137
    outer loop
      vertex 40.6486 -14.0044 2.51
      vertex 40.0728 -13.8024 3
      vertex 40.3465 -14.334 2.51
    endloop
  endfacet
  facet normal -0.197729 0.627467 0.753119
    outer loop
      vertex 45.5989 -22.5787 2.51
      vertex 45.9966 -23.0415 3
      vertex 46.0254 -22.4443 2.51
    endloop
  endfacet
  facet normal -0.197718 0.627474 0.753117
    outer loop
      vertex 45.9966 -23.0415 3
      vertex 45.5989 -22.5787 2.51
      vertex 45.7443 -23.121 3
    endloop
  endfacet
  facet normal 0.444443 -0.485061 0.753117
    outer loop
      vertex 40.4466 -13.4287 3
      vertex 40.6486 -14.0044 2.51
      vertex 40.9782 -13.7024 2.51
    endloop
  endfacet
  facet normal 0.444491 -0.485035 0.753106
    outer loop
      vertex 40.6486 -14.0044 2.51
      vertex 40.4466 -13.4287 3
      vertex 40.2516 -13.6074 3
    endloop
  endfacet
  facet normal 0.607807 0.251745 0.753123
    outer loop
      vertex 39.4566 -19.3812 2.51
      vertex 39.0302 -19.8176 3
      vertex 39.6277 -19.7943 2.51
    endloop
  endfacet
  facet normal 0.607845 0.251693 0.75311
    outer loop
      vertex 39.0302 -19.8176 3
      vertex 39.4566 -19.3812 2.51
      vertex 38.929 -19.5732 3
    endloop
  endfacet
  facet normal -0.0285964 0.657219 0.753157
    outer loop
      vertex 44.7192 -22.7338 2.51
      vertex 44.5038 -23.3047 3
      vertex 44.7681 -23.2932 3
    endloop
  endfacet
  facet normal -0.0286907 0.657238 0.753137
    outer loop
      vertex 44.5038 -23.3047 3
      vertex 44.7192 -22.7338 2.51
      vertex 44.2725 -22.7533 2.51
    endloop
  endfacet
  facet normal 0.607804 0.25176 0.753121
    outer loop
      vertex 39.1188 -20.0315 3
      vertex 39.6277 -19.7943 2.51
      vertex 39.0302 -19.8176 3
    endloop
  endfacet
  facet normal 0.400572 0.52188 0.753116
    outer loop
      vertex 40.801 -22.1254 3
      vertex 40.9782 -21.5543 2.51
      vertex 40.6173 -21.9844 3
    endloop
  endfacet
  facet normal 0.652226 -0.0857893 0.753154
    outer loop
      vertex 39.2254 -16.7384 2.51
      vertex 38.6724 -16.6409 3
      vertex 38.6422 -16.8705 3
    endloop
  endfacet
  facet normal 0.521949 0.400548 0.753081
    outer loop
      vertex 40.0743 -20.5679 2.51
      vertex 39.7755 -21.0998 3
      vertex 40.3465 -20.9226 2.51
    endloop
  endfacet
  facet normal 0.521794 0.400672 0.753122
    outer loop
      vertex 39.7755 -21.0998 3
      vertex 40.0743 -20.5679 2.51
      vertex 39.6144 -20.89 3
    endloop
  endfacet
  facet normal -0.142327 0.642317 0.753108
    outer loop
      vertex 45.7443 -23.121 3
      vertex 45.5989 -22.5787 2.51
      vertex 45.5182 -23.1711 3
    endloop
  endfacet
  facet normal -0.642331 0.14233 0.753095
    outer loop
      vertex 49.7652 -19.1001 3
      vertex 49.8153 -18.874 3
      vertex 49.2229 -18.9548 2.51
    endloop
  endfacet
  facet normal 0.400415 -0.522032 0.753094
    outer loop
      vertex 40.801 -13.1313 3
      vertex 41.3329 -13.4302 2.51
      vertex 41.0109 -12.9703 3
    endloop
  endfacet
  facet normal 0.400516 -0.521907 0.753127
    outer loop
      vertex 41.3329 -13.4302 2.51
      vertex 40.801 -13.1313 3
      vertex 40.9782 -13.7024 2.51
    endloop
  endfacet
  facet normal -0.444436 0.485072 0.753115
    outer loop
      vertex 47.9277 -21.9844 3
      vertex 48.0984 -21.828 3
      vertex 47.5668 -21.5543 2.51
    endloop
  endfacet
  facet normal 0.444436 0.485072 0.753115
    outer loop
      vertex 40.6173 -21.9844 3
      vertex 40.9782 -21.5543 2.51
      vertex 40.4466 -21.828 3
    endloop
  endfacet
  facet normal 0.303736 0.583606 0.753093
    outer loop
      vertex 41.8693 -22.782 3
      vertex 42.1066 -22.2732 2.51
      vertex 41.6639 -22.6751 3
    endloop
  endfacet
  facet normal -0.554918 -0.353446 0.753088
    outer loop
      vertex 49.055 -14.562 3
      vertex 48.7109 -15.0658 2.51
      vertex 49.1971 -14.7851 3
    endloop
  endfacet
  facet normal -0.554848 -0.353513 0.753108
    outer loop
      vertex 48.7109 -15.0658 2.51
      vertex 49.055 -14.562 3
      vertex 48.4707 -14.6888 2.51
    endloop
  endfacet
  facet normal 0.197787 0.627461 0.753109
    outer loop
      vertex 42.5484 -23.0415 3
      vertex 42.5196 -22.4443 2.51
      vertex 42.3276 -22.9719 3
    endloop
  endfacet
  facet normal 0.554876 -0.353439 0.753123
    outer loop
      vertex 40.0743 -14.6888 2.51
      vertex 39.6144 -14.3667 3
      vertex 39.49 -14.562 3
    endloop
  endfacet
  facet normal -0.251815 0.60783 0.753082
    outer loop
      vertex 46.0254 -22.4443 2.51
      vertex 46.4618 -22.8706 3
      vertex 46.4384 -22.2732 2.51
    endloop
  endfacet
  facet normal -0.251908 0.607762 0.753105
    outer loop
      vertex 46.4618 -22.8706 3
      vertex 46.0254 -22.4443 2.51
      vertex 46.2174 -22.9719 3
    endloop
  endfacet
  facet normal -0.0857945 -0.652287 0.753101
    outer loop
      vertex 44.7192 -12.5228 2.51
      vertex 45.0304 -11.998 3
      vertex 44.7681 -11.9635 3
    endloop
  endfacet
  facet normal -0.0859436 -0.652229 0.753134
    outer loop
      vertex 45.0304 -11.998 3
      vertex 44.7192 -12.5228 2.51
      vertex 45.1624 -12.5812 2.51
    endloop
  endfacet
  facet normal 0.554876 0.353439 0.753123
    outer loop
      vertex 39.6144 -20.89 3
      vertex 40.0743 -20.5679 2.51
      vertex 39.49 -20.6947 3
    endloop
  endfacet
  facet normal 0.652226 0.0857893 0.753154
    outer loop
      vertex 38.6724 -18.6158 3
      vertex 39.2254 -18.5183 2.51
      vertex 38.6422 -18.3862 3
    endloop
  endfacet
  facet normal 0.0860311 0.652195 0.753153
    outer loop
      vertex 43.8258 -22.7338 2.51
      vertex 43.5146 -23.2586 3
      vertex 43.7769 -23.2932 3
    endloop
  endfacet
  facet normal 0.0858035 0.652283 0.753103
    outer loop
      vertex 43.5146 -23.2586 3
      vertex 43.8258 -22.7338 2.51
      vertex 43.3826 -22.6755 2.51
    endloop
  endfacet
  facet normal -0.484934 0.444594 0.75311
    outer loop
      vertex 48.4721 -21.4542 3
      vertex 48.6286 -21.2835 3
      vertex 48.1985 -20.9226 2.51
    endloop
  endfacet
  facet normal -0.48509 0.444482 0.753076
    outer loop
      vertex 47.8964 -21.2523 2.51
      vertex 48.4721 -21.4542 3
      vertex 48.1985 -20.9226 2.51
    endloop
  endfacet
  facet normal -0.485152 0.44437 0.753102
    outer loop
      vertex 48.4721 -21.4542 3
      vertex 47.8964 -21.2523 2.51
      vertex 48.2934 -21.6493 3
    endloop
  endfacet
  facet normal -0.607825 -0.251651 0.753141
    outer loop
      vertex 49.5148 -15.4391 3
      vertex 49.4262 -15.2251 3
      vertex 48.9173 -15.4624 2.51
    endloop
  endfacet
  facet normal 0.657236 0.0286866 0.753139
    outer loop
      vertex 38.5961 -17.8597 3
      vertex 39.1475 -17.6283 2.51
      vertex 38.586 -17.6283 3
    endloop
  endfacet
  facet normal 0.30383 -0.58353 0.753114
    outer loop
      vertex 41.6639 -12.5816 3
      vertex 41.71 -13.19 2.51
      vertex 42.1066 -12.9835 2.51
    endloop
  endfacet
  facet normal 0.303718 -0.583557 0.753138
    outer loop
      vertex 41.71 -13.19 2.51
      vertex 41.6639 -12.5816 3
      vertex 41.4293 -12.7037 3
    endloop
  endfacet
  facet normal 0.303736 -0.583606 0.753093
    outer loop
      vertex 42.1066 -12.9835 2.51
      vertex 41.8693 -12.4747 3
      vertex 41.6639 -12.5816 3
    endloop
  endfacet
  facet normal 0.642318 -0.142296 0.753114
    outer loop
      vertex 38.7297 -16.3826 3
      vertex 39.2254 -16.7384 2.51
      vertex 39.3221 -16.3019 2.51
    endloop
  endfacet
  facet normal 0.642232 -0.14247 0.753153
    outer loop
      vertex 39.2254 -16.7384 2.51
      vertex 38.7297 -16.3826 3
      vertex 38.6724 -16.6409 3
    endloop
  endfacet
  facet normal 0.583554 -0.303709 0.753144
    outer loop
      vertex 39.6277 -15.4624 2.51
      vertex 39.2257 -15.0197 3
      vertex 39.1188 -15.2251 3
    endloop
  endfacet
  facet normal 0.521988 -0.400466 0.753097
    outer loop
      vertex 39.7755 -14.1568 3
      vertex 40.0743 -14.6888 2.51
      vertex 40.3465 -14.334 2.51
    endloop
  endfacet
  facet normal 0.521883 -0.40055 0.753125
    outer loop
      vertex 40.0743 -14.6888 2.51
      vertex 39.7755 -14.1568 3
      vertex 39.6144 -14.3667 3
    endloop
  endfacet
  facet normal -0.583545 0.303767 0.753127
    outer loop
      vertex 48.7109 -20.1908 2.51
      vertex 49.3193 -20.2369 3
      vertex 48.9173 -19.7943 2.51
    endloop
  endfacet
  facet normal -0.583531 0.303824 0.753115
    outer loop
      vertex 49.3193 -20.2369 3
      vertex 48.7109 -20.1908 2.51
      vertex 49.1971 -20.4716 3
    endloop
  endfacet
  facet normal -0.583581 0.303723 0.753117
    outer loop
      vertex 49.3193 -20.2369 3
      vertex 49.4262 -20.0315 3
      vertex 48.9173 -19.7943 2.51
    endloop
  endfacet
  facet normal -0.607845 0.251693 0.75311
    outer loop
      vertex 49.0884 -19.3812 2.51
      vertex 49.5148 -19.8176 3
      vertex 49.616 -19.5732 3
    endloop
  endfacet
  facet normal -0.607807 0.251745 0.753123
    outer loop
      vertex 49.5148 -19.8176 3
      vertex 49.0884 -19.3812 2.51
      vertex 48.9173 -19.7943 2.51
    endloop
  endfacet
  facet normal -0.444491 -0.485035 0.753106
    outer loop
      vertex 48.0984 -13.4287 3
      vertex 47.8964 -14.0044 2.51
      vertex 48.2934 -13.6074 3
    endloop
  endfacet
  facet normal -0.444443 -0.485061 0.753117
    outer loop
      vertex 47.8964 -14.0044 2.51
      vertex 48.0984 -13.4287 3
      vertex 47.5668 -13.7024 2.51
    endloop
  endfacet
  facet normal -0.554876 -0.353439 0.753123
    outer loop
      vertex 49.055 -14.562 3
      vertex 48.9306 -14.3667 3
      vertex 48.4707 -14.6888 2.51
    endloop
  endfacet
  facet normal -0.353457 0.554907 0.753092
    outer loop
      vertex 46.835 -22.0667 2.51
      vertex 47.3388 -22.4108 3
      vertex 47.2121 -21.8265 2.51
    endloop
  endfacet
  facet normal -0.353446 0.554918 0.753088
    outer loop
      vertex 47.3388 -22.4108 3
      vertex 46.835 -22.0667 2.51
      vertex 47.1157 -22.5529 3
    endloop
  endfacet
  facet normal 0.583581 0.303723 0.753117
    outer loop
      vertex 39.2257 -20.2369 3
      vertex 39.6277 -19.7943 2.51
      vertex 39.1188 -20.0315 3
    endloop
  endfacet
  facet normal 0.485072 0.444436 0.753115
    outer loop
      vertex 40.0728 -21.4542 3
      vertex 40.3465 -20.9226 2.51
      vertex 39.9164 -21.2835 3
    endloop
  endfacet
  facet normal -0.400572 -0.52188 0.753116
    outer loop
      vertex 47.9277 -13.2723 3
      vertex 47.744 -13.1313 3
      vertex 47.5668 -13.7024 2.51
    endloop
  endfacet
  facet normal 0.0286936 -0.657304 0.753079
    outer loop
      vertex 44.0412 -11.952 3
      vertex 43.8258 -12.5228 2.51
      vertex 44.2725 -12.5033 2.51
    endloop
  endfacet
  facet normal 0.0285993 -0.657286 0.753099
    outer loop
      vertex 43.8258 -12.5228 2.51
      vertex 44.0412 -11.952 3
      vertex 43.7769 -11.9635 3
    endloop
  endfacet
  facet normal -0.400415 -0.522032 0.753094
    outer loop
      vertex 47.2121 -13.4302 2.51
      vertex 47.744 -13.1313 3
      vertex 47.5341 -12.9703 3
    endloop
  endfacet
  facet normal -0.400516 -0.521907 0.753127
    outer loop
      vertex 47.744 -13.1313 3
      vertex 47.2121 -13.4302 2.51
      vertex 47.5668 -13.7024 2.51
    endloop
  endfacet
  facet normal 0.583503 -0.303939 0.753091
    outer loop
      vertex 39.2257 -15.0197 3
      vertex 39.8341 -15.0658 2.51
      vertex 39.3479 -14.7851 3
    endloop
  endfacet
  facet normal 0.583562 -0.303699 0.753142
    outer loop
      vertex 39.8341 -15.0658 2.51
      vertex 39.2257 -15.0197 3
      vertex 39.6277 -15.4624 2.51
    endloop
  endfacet
  facet normal 0.444443 0.485061 0.753117
    outer loop
      vertex 40.6486 -21.2523 2.51
      vertex 40.4466 -21.828 3
      vertex 40.9782 -21.5543 2.51
    endloop
  endfacet
  facet normal 0.444491 0.485035 0.753106
    outer loop
      vertex 40.4466 -21.828 3
      vertex 40.6486 -21.2523 2.51
      vertex 40.2516 -21.6493 3
    endloop
  endfacet
  facet normal 0.142327 0.642317 0.753108
    outer loop
      vertex 43.0268 -23.1711 3
      vertex 42.9461 -22.5787 2.51
      vertex 42.8007 -23.121 3
    endloop
  endfacet
  facet normal 0.0286907 0.657238 0.753137
    outer loop
      vertex 43.8258 -22.7338 2.51
      vertex 44.0412 -23.3047 3
      vertex 44.2725 -22.7533 2.51
    endloop
  endfacet
  facet normal 0.0285964 0.657219 0.753157
    outer loop
      vertex 44.0412 -23.3047 3
      vertex 43.8258 -22.7338 2.51
      vertex 43.7769 -23.2932 3
    endloop
  endfacet
  facet normal -0.0285993 -0.657286 0.753099
    outer loop
      vertex 44.5038 -11.952 3
      vertex 44.7192 -12.5228 2.51
      vertex 44.7681 -11.9635 3
    endloop
  endfacet
  facet normal -0.0286936 -0.657304 0.753079
    outer loop
      vertex 44.7192 -12.5228 2.51
      vertex 44.5038 -11.952 3
      vertex 44.2725 -12.5033 2.51
    endloop
  endfacet
  facet normal -0.353657 -0.554772 0.753097
    outer loop
      vertex 47.5341 -12.9703 3
      vertex 47.3388 -12.8458 3
      vertex 47.2121 -13.4302 2.51
    endloop
  endfacet
  facet normal 0.197787 -0.627461 0.753109
    outer loop
      vertex 42.5196 -12.8124 2.51
      vertex 42.5484 -12.2152 3
      vertex 42.3276 -12.2848 3
    endloop
  endfacet
  facet normal 0.400572 -0.52188 0.753116
    outer loop
      vertex 40.9782 -13.7024 2.51
      vertex 40.801 -13.1313 3
      vertex 40.6173 -13.2723 3
    endloop
  endfacet
  facet normal 0.554848 -0.353513 0.753108
    outer loop
      vertex 39.49 -14.562 3
      vertex 39.8341 -15.0658 2.51
      vertex 40.0743 -14.6888 2.51
    endloop
  endfacet
  facet normal 0.554918 -0.353446 0.753088
    outer loop
      vertex 39.8341 -15.0658 2.51
      vertex 39.49 -14.562 3
      vertex 39.3479 -14.7851 3
    endloop
  endfacet
  facet normal -0.142245 -0.642342 0.753102
    outer loop
      vertex 45.1624 -12.5812 2.51
      vertex 45.5182 -12.0855 3
      vertex 45.2599 -12.0283 3
    endloop
  endfacet
  facet normal -0.142428 -0.642252 0.753144
    outer loop
      vertex 45.5182 -12.0855 3
      vertex 45.1624 -12.5812 2.51
      vertex 45.5989 -12.678 2.51
    endloop
  endfacet
  facet normal -0.400516 0.521907 0.753127
    outer loop
      vertex 47.2121 -21.8265 2.51
      vertex 47.744 -22.1254 3
      vertex 47.5668 -21.5543 2.51
    endloop
  endfacet
  facet normal -0.400415 0.522032 0.753094
    outer loop
      vertex 47.744 -22.1254 3
      vertex 47.2121 -21.8265 2.51
      vertex 47.5341 -22.2864 3
    endloop
  endfacet
  facet normal 0.142484 0.642296 0.753097
    outer loop
      vertex 43.3826 -22.6755 2.51
      vertex 43.0268 -23.1711 3
      vertex 43.2851 -23.2284 3
    endloop
  endfacet
  facet normal 0.142443 0.642316 0.753087
    outer loop
      vertex 43.0268 -23.1711 3
      vertex 43.3826 -22.6755 2.51
      vertex 42.9461 -22.5787 2.51
    endloop
  endfacet
  facet normal 0.444436 -0.485072 0.753115
    outer loop
      vertex 40.9782 -13.7024 2.51
      vertex 40.6173 -13.2723 3
      vertex 40.4466 -13.4287 3
    endloop
  endfacet
  facet normal 0.485072 -0.444436 0.753115
    outer loop
      vertex 40.3465 -14.334 2.51
      vertex 40.0728 -13.8024 3
      vertex 39.9164 -13.9731 3
    endloop
  endfacet
  facet normal 0.142245 -0.642342 0.753102
    outer loop
      vertex 43.0268 -12.0855 3
      vertex 43.3826 -12.5812 2.51
      vertex 43.2851 -12.0283 3
    endloop
  endfacet
  facet normal 0.142428 -0.642252 0.753144
    outer loop
      vertex 43.3826 -12.5812 2.51
      vertex 43.0268 -12.0855 3
      vertex 42.9461 -12.678 2.51
    endloop
  endfacet
  facet normal 0.0857945 -0.652287 0.753101
    outer loop
      vertex 43.5146 -11.998 3
      vertex 43.8258 -12.5228 2.51
      vertex 43.7769 -11.9635 3
    endloop
  endfacet
  facet normal 0.0859436 -0.652229 0.753134
    outer loop
      vertex 43.8258 -12.5228 2.51
      vertex 43.5146 -11.998 3
      vertex 43.3826 -12.5812 2.51
    endloop
  endfacet
  facet normal 0.251693 -0.607845 0.75311
    outer loop
      vertex 42.0832 -12.386 3
      vertex 42.5196 -12.8124 2.51
      vertex 42.3276 -12.2848 3
    endloop
  endfacet
  facet normal 0.251792 -0.607773 0.753135
    outer loop
      vertex 42.5196 -12.8124 2.51
      vertex 42.0832 -12.386 3
      vertex 42.1066 -12.9835 2.51
    endloop
  endfacet
  facet normal -0.522021 -0.400396 0.753111
    outer loop
      vertex 48.7695 -14.1568 3
      vertex 48.6286 -13.9731 3
      vertex 48.1985 -14.334 2.51
    endloop
  endfacet
  facet normal 0.642316 -0.14239 0.753097
    outer loop
      vertex 39.3221 -16.3019 2.51
      vertex 38.7798 -16.1566 3
      vertex 38.7297 -16.3826 3
    endloop
  endfacet
  facet normal 0.627388 0.197898 0.753141
    outer loop
      vertex 39.3221 -18.9548 2.51
      vertex 38.8593 -19.3524 3
      vertex 39.4566 -19.3812 2.51
    endloop
  endfacet
  facet normal 0.627493 0.197724 0.753099
    outer loop
      vertex 38.8593 -19.3524 3
      vertex 39.3221 -18.9548 2.51
      vertex 38.7798 -19.1001 3
    endloop
  endfacet
  facet normal -0.522021 0.400396 0.753111
    outer loop
      vertex 48.6286 -21.2835 3
      vertex 48.7695 -21.0998 3
      vertex 48.1985 -20.9226 2.51
    endloop
  endfacet
  facet normal 0.251815 0.60783 0.753082
    outer loop
      vertex 42.0832 -22.8706 3
      vertex 42.5196 -22.4443 2.51
      vertex 42.1066 -22.2732 2.51
    endloop
  endfacet
  facet normal 0.251908 0.607762 0.753105
    outer loop
      vertex 42.5196 -22.4443 2.51
      vertex 42.0832 -22.8706 3
      vertex 42.3276 -22.9719 3
    endloop
  endfacet
  facet normal -0.400572 0.52188 0.753116
    outer loop
      vertex 47.744 -22.1254 3
      vertex 47.9277 -21.9844 3
      vertex 47.5668 -21.5543 2.51
    endloop
  endfacet
  facet normal 0.642332 0.142299 0.753101
    outer loop
      vertex 39.2254 -18.5183 2.51
      vertex 38.7297 -18.874 3
      vertex 39.3221 -18.9548 2.51
    endloop
  endfacet
  facet normal 0.642222 0.142523 0.753152
    outer loop
      vertex 38.7297 -18.874 3
      vertex 39.2254 -18.5183 2.51
      vertex 38.6724 -18.6158 3
    endloop
  endfacet
  facet normal 0.251774 0.607838 0.753089
    outer loop
      vertex 42.0832 -22.8706 3
      vertex 42.1066 -22.2732 2.51
      vertex 41.8693 -22.782 3
    endloop
  endfacet
  facet normal -0.353416 -0.55487 0.753137
    outer loop
      vertex 46.835 -13.19 2.51
      vertex 47.3388 -12.8458 3
      vertex 47.1157 -12.7037 3
    endloop
  endfacet
  facet normal -0.353427 -0.554859 0.753141
    outer loop
      vertex 47.3388 -12.8458 3
      vertex 46.835 -13.19 2.51
      vertex 47.2121 -13.4302 2.51
    endloop
  endfacet
  facet normal 0.30383 0.58353 0.753114
    outer loop
      vertex 41.71 -22.0667 2.51
      vertex 41.6639 -22.6751 3
      vertex 42.1066 -22.2732 2.51
    endloop
  endfacet
  facet normal 0.303939 0.583503 0.753091
    outer loop
      vertex 41.6639 -22.6751 3
      vertex 41.71 -22.0667 2.51
      vertex 41.4293 -22.5529 3
    endloop
  endfacet
  facet normal 0.657266 -0.0288471 0.753107
    outer loop
      vertex 38.5961 -17.397 3
      vertex 39.167 -17.1817 2.51
      vertex 38.6077 -17.1327 3
    endloop
  endfacet
  facet normal 0.657236 -0.0286971 0.753138
    outer loop
      vertex 39.167 -17.1817 2.51
      vertex 38.5961 -17.397 3
      vertex 39.1475 -17.6283 2.51
    endloop
  endfacet
  facet normal 0.142313 -0.642254 0.753165
    outer loop
      vertex 42.9461 -12.678 2.51
      vertex 43.0268 -12.0855 3
      vertex 42.8007 -12.1356 3
    endloop
  endfacet
  facet normal 0.353457 0.554907 0.753092
    outer loop
      vertex 41.2062 -22.4108 3
      vertex 41.71 -22.0667 2.51
      vertex 41.3329 -21.8265 2.51
    endloop
  endfacet
  facet normal 0.353446 0.554918 0.753088
    outer loop
      vertex 41.71 -22.0667 2.51
      vertex 41.2062 -22.4108 3
      vertex 41.4293 -22.5529 3
    endloop
  endfacet
  facet normal -0.197926 -0.627347 0.753167
    outer loop
      vertex 45.5989 -12.678 2.51
      vertex 45.9966 -12.2152 3
      vertex 45.7443 -12.1356 3
    endloop
  endfacet
  facet normal -0.197729 -0.627467 0.753119
    outer loop
      vertex 45.9966 -12.2152 3
      vertex 45.5989 -12.678 2.51
      vertex 46.0254 -12.8124 2.51
    endloop
  endfacet
  facet normal 0.627373 -0.198043 0.753115
    outer loop
      vertex 39.4566 -15.8755 2.51
      vertex 38.929 -15.6835 3
      vertex 38.8593 -15.9043 3
    endloop
  endfacet
  facet normal 0.607825 -0.251651 0.753141
    outer loop
      vertex 39.6277 -15.4624 2.51
      vertex 39.1188 -15.2251 3
      vertex 39.0302 -15.4391 3
    endloop
  endfacet
  facet normal 0.252014 -0.607731 0.753095
    outer loop
      vertex 42.1066 -12.9835 2.51
      vertex 42.0832 -12.386 3
      vertex 41.8693 -12.4747 3
    endloop
  endfacet
  facet normal -0.444436 -0.485072 0.753115
    outer loop
      vertex 48.0984 -13.4287 3
      vertex 47.9277 -13.2723 3
      vertex 47.5668 -13.7024 2.51
    endloop
  endfacet
  facet normal 0.353657 -0.554772 0.753097
    outer loop
      vertex 41.3329 -13.4302 2.51
      vertex 41.2062 -12.8458 3
      vertex 41.0109 -12.9703 3
    endloop
  endfacet
  facet normal 0.353416 -0.55487 0.753137
    outer loop
      vertex 41.2062 -12.8458 3
      vertex 41.71 -13.19 2.51
      vertex 41.4293 -12.7037 3
    endloop
  endfacet
  facet normal 0.353427 -0.554859 0.753141
    outer loop
      vertex 41.71 -13.19 2.51
      vertex 41.2062 -12.8458 3
      vertex 41.3329 -13.4302 2.51
    endloop
  endfacet
  facet normal -0.303736 -0.583606 0.753093
    outer loop
      vertex 46.8811 -12.5816 3
      vertex 46.6757 -12.4747 3
      vertex 46.4384 -12.9835 2.51
    endloop
  endfacet
  facet normal 0.657236 -0.028699 0.753138
    outer loop
      vertex 39.1475 -17.6283 2.51
      vertex 38.5961 -17.397 3
      vertex 38.586 -17.6283 3
    endloop
  endfacet
  facet normal -0.252014 -0.607731 0.753095
    outer loop
      vertex 46.6757 -12.4747 3
      vertex 46.4618 -12.386 3
      vertex 46.4384 -12.9835 2.51
    endloop
  endfacet
  facet normal 0.607807 -0.251745 0.753123
    outer loop
      vertex 39.0302 -15.4391 3
      vertex 39.4566 -15.8755 2.51
      vertex 39.6277 -15.4624 2.51
    endloop
  endfacet
  facet normal 0.607845 -0.251693 0.75311
    outer loop
      vertex 39.4566 -15.8755 2.51
      vertex 39.0302 -15.4391 3
      vertex 38.929 -15.6835 3
    endloop
  endfacet
  facet normal 0.583545 0.303767 0.753127
    outer loop
      vertex 39.2257 -20.2369 3
      vertex 39.8341 -20.1908 2.51
      vertex 39.6277 -19.7943 2.51
    endloop
  endfacet
  facet normal 0.583531 0.303824 0.753115
    outer loop
      vertex 39.8341 -20.1908 2.51
      vertex 39.2257 -20.2369 3
      vertex 39.3479 -20.4716 3
    endloop
  endfacet
  facet normal -0.554888 0.353427 0.75312
    outer loop
      vertex 48.7109 -20.1908 2.51
      vertex 49.055 -20.6947 3
      vertex 49.1971 -20.4716 3
    endloop
  endfacet
  facet normal -0.554876 0.353438 0.753123
    outer loop
      vertex 49.055 -20.6947 3
      vertex 48.7109 -20.1908 2.51
      vertex 48.4707 -20.5679 2.51
    endloop
  endfacet
  facet normal -0.521794 0.400672 0.753122
    outer loop
      vertex 48.4707 -20.5679 2.51
      vertex 48.7695 -21.0998 3
      vertex 48.9306 -20.89 3
    endloop
  endfacet
  facet normal -0.521949 0.400548 0.753081
    outer loop
      vertex 48.7695 -21.0998 3
      vertex 48.4707 -20.5679 2.51
      vertex 48.1985 -20.9226 2.51
    endloop
  endfacet
  facet normal 0.0287019 -0.657302 0.75308
    outer loop
      vertex 44.2725 -12.5033 2.51
      vertex 44.2725 -11.9419 3
      vertex 44.0412 -11.952 3
    endloop
  endfacet
  facet normal -0.086113 -0.652242 0.753103
    outer loop
      vertex 45.1624 -12.5812 2.51
      vertex 45.2599 -12.0283 3
      vertex 45.0304 -11.998 3
    endloop
  endfacet
  facet normal -0.521883 -0.40055 0.753125
    outer loop
      vertex 48.7695 -14.1568 3
      vertex 48.4707 -14.6888 2.51
      vertex 48.9306 -14.3667 3
    endloop
  endfacet
  facet normal -0.521988 -0.400466 0.753097
    outer loop
      vertex 48.4707 -14.6888 2.51
      vertex 48.7695 -14.1568 3
      vertex 48.1985 -14.334 2.51
    endloop
  endfacet
  facet normal 0.652236 -0.0859251 0.75313
    outer loop
      vertex 38.6422 -16.8705 3
      vertex 39.167 -17.1817 2.51
      vertex 39.2254 -16.7384 2.51
    endloop
  endfacet
  facet normal 0.652275 -0.0858256 0.753108
    outer loop
      vertex 39.167 -17.1817 2.51
      vertex 38.6422 -16.8705 3
      vertex 38.6077 -17.1327 3
    endloop
  endfacet
  facet normal -0.0287019 -0.657302 0.75308
    outer loop
      vertex 44.5038 -11.952 3
      vertex 44.2725 -11.9419 3
      vertex 44.2725 -12.5033 2.51
    endloop
  endfacet
  facet normal -0.583503 -0.303939 0.753091
    outer loop
      vertex 48.7109 -15.0658 2.51
      vertex 49.3193 -15.0197 3
      vertex 49.1971 -14.7851 3
    endloop
  endfacet
  facet normal -0.583562 -0.303699 0.753142
    outer loop
      vertex 49.3193 -15.0197 3
      vertex 48.7109 -15.0658 2.51
      vertex 48.9173 -15.4624 2.51
    endloop
  endfacet
  facet normal -0.484934 -0.444594 0.75311
    outer loop
      vertex 48.6286 -13.9731 3
      vertex 48.4721 -13.8024 3
      vertex 48.1985 -14.334 2.51
    endloop
  endfacet
  facet normal -0.642316 -0.14239 0.753097
    outer loop
      vertex 49.8153 -16.3826 3
      vertex 49.7652 -16.1566 3
      vertex 49.2229 -16.3019 2.51
    endloop
  endfacet
  facet normal -0.251693 -0.607845 0.75311
    outer loop
      vertex 46.0254 -12.8124 2.51
      vertex 46.4618 -12.386 3
      vertex 46.2174 -12.2848 3
    endloop
  endfacet
  facet normal -0.251792 -0.607773 0.753135
    outer loop
      vertex 46.4618 -12.386 3
      vertex 46.0254 -12.8124 2.51
      vertex 46.4384 -12.9835 2.51
    endloop
  endfacet
  facet normal -0.197787 -0.627461 0.753109
    outer loop
      vertex 46.0254 -12.8124 2.51
      vertex 46.2174 -12.2848 3
      vertex 45.9966 -12.2152 3
    endloop
  endfacet
  facet normal 0.657235 0.0286906 0.753139
    outer loop
      vertex 38.5961 -17.8597 3
      vertex 39.167 -18.075 2.51
      vertex 39.1475 -17.6283 2.51
    endloop
  endfacet
  facet normal 0.657268 0.0288581 0.753104
    outer loop
      vertex 39.167 -18.075 2.51
      vertex 38.5961 -17.8597 3
      vertex 38.6077 -18.1239 3
    endloop
  endfacet
  facet normal -0.642232 -0.14247 0.753153
    outer loop
      vertex 49.8153 -16.3826 3
      vertex 49.3196 -16.7384 2.51
      vertex 49.8726 -16.6409 3
    endloop
  endfacet
  facet normal -0.642318 -0.142296 0.753114
    outer loop
      vertex 49.3196 -16.7384 2.51
      vertex 49.8153 -16.3826 3
      vertex 49.2229 -16.3019 2.51
    endloop
  endfacet
  facet normal -0.485035 -0.444491 0.753106
    outer loop
      vertex 47.8964 -14.0044 2.51
      vertex 48.4721 -13.8024 3
      vertex 48.2934 -13.6074 3
    endloop
  endfacet
  facet normal -0.485008 -0.444541 0.753094
    outer loop
      vertex 48.4721 -13.8024 3
      vertex 47.8964 -14.0044 2.51
      vertex 48.1985 -14.334 2.51
    endloop
  endfacet
  facet normal -0.583554 -0.303709 0.753144
    outer loop
      vertex 49.4262 -15.2251 3
      vertex 49.3193 -15.0197 3
      vertex 48.9173 -15.4624 2.51
    endloop
  endfacet
  facet normal -0.627427 -0.197952 0.753094
    outer loop
      vertex 49.6856 -15.9043 3
      vertex 49.2229 -16.3019 2.51
      vertex 49.7652 -16.1566 3
    endloop
  endfacet
  facet normal -0.627448 -0.197917 0.753086
    outer loop
      vertex 49.2229 -16.3019 2.51
      vertex 49.6856 -15.9043 3
      vertex 49.0884 -15.8755 2.51
    endloop
  endfacet
  facet normal -0.652226 -0.0857893 0.753154
    outer loop
      vertex 49.9028 -16.8705 3
      vertex 49.8726 -16.6409 3
      vertex 49.3196 -16.7384 2.51
    endloop
  endfacet
  facet normal -0.652275 -0.0858256 0.753108
    outer loop
      vertex 49.9028 -16.8705 3
      vertex 49.378 -17.1817 2.51
      vertex 49.9373 -17.1327 3
    endloop
  endfacet
  facet normal -0.652236 -0.0859251 0.75313
    outer loop
      vertex 49.378 -17.1817 2.51
      vertex 49.9028 -16.8705 3
      vertex 49.3196 -16.7384 2.51
    endloop
  endfacet
  facet normal -0.991434 -0.130611 0
    outer loop
      vertex 49.378 18.075 0
      vertex 49.3196 18.5183 2.51
      vertex 49.3196 18.5183 0
    endloop
  endfacet
  facet normal -0.991434 -0.130611 0
    outer loop
      vertex 49.3196 18.5183 2.51
      vertex 49.378 18.075 0
      vertex 49.378 18.075 2.51
    endloop
  endfacet
  facet normal -0.999049 -0.0436119 0
    outer loop
      vertex 49.3975 17.6283 0
      vertex 49.378 18.075 2.51
      vertex 49.378 18.075 0
    endloop
  endfacet
  facet normal -0.999049 -0.0436119 0
    outer loop
      vertex 49.378 18.075 2.51
      vertex 49.3975 17.6283 0
      vertex 49.3975 17.6283 2.51
    endloop
  endfacet
  facet normal -0.976329 -0.216291 0
    outer loop
      vertex 49.3196 18.5183 0
      vertex 49.2229 18.9548 2.51
      vertex 49.2229 18.9548 0
    endloop
  endfacet
  facet normal -0.976329 -0.216291 0
    outer loop
      vertex 49.2229 18.9548 2.51
      vertex 49.3196 18.5183 0
      vertex 49.3196 18.5183 2.51
    endloop
  endfacet
  facet normal 0.843367 0.537339 0
    outer loop
      vertex 40.0743 14.6888 2.51
      vertex 39.8341 15.0658 0
      vertex 39.8341 15.0658 2.51
    endloop
  endfacet
  facet normal 0.843367 0.537339 0
    outer loop
      vertex 39.8341 15.0658 0
      vertex 40.0743 14.6888 2.51
      vertex 40.0743 14.6888 0
    endloop
  endfacet
  facet normal 0.843431 -0.537237 0
    outer loop
      vertex 39.8341 20.1908 2.51
      vertex 40.0743 20.5679 0
      vertex 40.0743 20.5679 2.51
    endloop
  endfacet
  facet normal 0.843431 -0.537237 0
    outer loop
      vertex 40.0743 20.5679 0
      vertex 39.8341 20.1908 2.51
      vertex 39.8341 20.1908 0
    endloop
  endfacet
  facet normal -0.216504 -0.976282 0
    outer loop
      vertex 45.1624 22.6755 0
      vertex 45.5989 22.5787 2.51
      vertex 45.1624 22.6755 2.51
    endloop
  endfacet
  facet normal -0.216504 -0.976282 -0
    outer loop
      vertex 45.5989 22.5787 2.51
      vertex 45.1624 22.6755 0
      vertex 45.5989 22.5787 0
    endloop
  endfacet
  facet normal 0.38274 0.923856 -0
    outer loop
      vertex 42.5196 12.8124 0
      vertex 42.1066 12.9835 2.51
      vertex 42.5196 12.8124 2.51
    endloop
  endfacet
  facet normal 0.38274 0.923856 0
    outer loop
      vertex 42.1066 12.9835 2.51
      vertex 42.5196 12.8124 0
      vertex 42.1066 12.9835 0
    endloop
  endfacet
  facet normal -0.976329 0.216291 0
    outer loop
      vertex 49.2229 16.3019 0
      vertex 49.3196 16.7384 2.51
      vertex 49.3196 16.7384 0
    endloop
  endfacet
  facet normal -0.976329 0.216291 0
    outer loop
      vertex 49.3196 16.7384 2.51
      vertex 49.2229 16.3019 0
      vertex 49.2229 16.3019 2.51
    endloop
  endfacet
  facet normal 0.923889 0.382661 0
    outer loop
      vertex 39.6277 15.4624 2.51
      vertex 39.4566 15.8755 0
      vertex 39.4566 15.8755 2.51
    endloop
  endfacet
  facet normal 0.923889 0.382661 0
    outer loop
      vertex 39.4566 15.8755 0
      vertex 39.6277 15.4624 2.51
      vertex 39.6277 15.4624 0
    endloop
  endfacet
  facet normal -0.13064 0.99143 0
    outer loop
      vertex 45.1624 12.5812 0
      vertex 44.7192 12.5228 2.51
      vertex 45.1624 12.5812 2.51
    endloop
  endfacet
  facet normal -0.13064 0.99143 0
    outer loop
      vertex 44.7192 12.5228 2.51
      vertex 45.1624 12.5812 0
      vertex 44.7192 12.5228 0
    endloop
  endfacet
  facet normal 0.300553 0.953765 -0
    outer loop
      vertex 42.9461 12.678 0
      vertex 42.5196 12.8124 2.51
      vertex 42.9461 12.678 2.51
    endloop
  endfacet
  facet normal 0.300553 0.953765 0
    outer loop
      vertex 42.5196 12.8124 2.51
      vertex 42.9461 12.678 0
      vertex 42.5196 12.8124 0
    endloop
  endfacet
  facet normal 0.608802 0.793322 -0
    outer loop
      vertex 41.3329 13.4302 0
      vertex 40.9782 13.7024 2.51
      vertex 41.3329 13.4302 2.51
    endloop
  endfacet
  facet normal 0.608802 0.793322 0
    outer loop
      vertex 40.9782 13.7024 2.51
      vertex 41.3329 13.4302 0
      vertex 40.9782 13.7024 0
    endloop
  endfacet
  facet normal 0.537237 0.843431 -0
    outer loop
      vertex 41.71 13.19 0
      vertex 41.3329 13.4302 2.51
      vertex 41.71 13.19 2.51
    endloop
  endfacet
  facet normal 0.537237 0.843431 0
    outer loop
      vertex 41.3329 13.4302 2.51
      vertex 41.71 13.19 0
      vertex 41.3329 13.4302 0
    endloop
  endfacet
  facet normal 0.216504 0.976282 -0
    outer loop
      vertex 43.3826 12.5812 0
      vertex 42.9461 12.678 2.51
      vertex 43.3826 12.5812 2.51
    endloop
  endfacet
  facet normal 0.216504 0.976282 0
    outer loop
      vertex 42.9461 12.678 2.51
      vertex 43.3826 12.5812 0
      vertex 42.9461 12.678 0
    endloop
  endfacet
  facet normal 0.953681 0.300821 0
    outer loop
      vertex 39.4566 15.8755 2.51
      vertex 39.3221 16.3019 0
      vertex 39.3221 16.3019 2.51
    endloop
  endfacet
  facet normal 0.953681 0.300821 0
    outer loop
      vertex 39.3221 16.3019 0
      vertex 39.4566 15.8755 2.51
      vertex 39.4566 15.8755 0
    endloop
  endfacet
  facet normal 0.608802 -0.793322 0
    outer loop
      vertex 40.9782 21.5543 0
      vertex 41.3329 21.8265 2.51
      vertex 40.9782 21.5543 2.51
    endloop
  endfacet
  facet normal 0.608802 -0.793322 0
    outer loop
      vertex 41.3329 21.8265 2.51
      vertex 40.9782 21.5543 0
      vertex 41.3329 21.8265 0
    endloop
  endfacet
  facet normal 0.923889 -0.382661 0
    outer loop
      vertex 39.4566 19.3812 2.51
      vertex 39.6277 19.7943 0
      vertex 39.6277 19.7943 2.51
    endloop
  endfacet
  facet normal 0.923889 -0.382661 0
    outer loop
      vertex 39.6277 19.7943 0
      vertex 39.4566 19.3812 2.51
      vertex 39.4566 19.3812 0
    endloop
  endfacet
  facet normal -0.991434 0.130611 0
    outer loop
      vertex 49.3196 16.7384 0
      vertex 49.378 17.1817 2.51
      vertex 49.378 17.1817 0
    endloop
  endfacet
  facet normal -0.991434 0.130611 0
    outer loop
      vertex 49.378 17.1817 2.51
      vertex 49.3196 16.7384 0
      vertex 49.3196 16.7384 2.51
    endloop
  endfacet
  facet normal -0.0436119 -0.999049 0
    outer loop
      vertex 44.2725 22.7533 0
      vertex 44.7192 22.7338 2.51
      vertex 44.2725 22.7533 2.51
    endloop
  endfacet
  facet normal -0.0436119 -0.999049 -0
    outer loop
      vertex 44.7192 22.7338 2.51
      vertex 44.2725 22.7533 0
      vertex 44.7192 22.7338 0
    endloop
  endfacet
  facet normal -0.608802 -0.793322 0
    outer loop
      vertex 47.2121 21.8265 0
      vertex 47.5668 21.5543 2.51
      vertex 47.2121 21.8265 2.51
    endloop
  endfacet
  facet normal -0.608802 -0.793322 -0
    outer loop
      vertex 47.5668 21.5543 2.51
      vertex 47.2121 21.8265 0
      vertex 47.5668 21.5543 0
    endloop
  endfacet
  facet normal -0.537237 -0.843431 0
    outer loop
      vertex 46.835 22.0667 0
      vertex 47.2121 21.8265 2.51
      vertex 46.835 22.0667 2.51
    endloop
  endfacet
  facet normal -0.537237 -0.843431 -0
    outer loop
      vertex 47.2121 21.8265 2.51
      vertex 46.835 22.0667 0
      vertex 47.2121 21.8265 0
    endloop
  endfacet
  facet normal 0.976329 -0.216291 0
    outer loop
      vertex 39.2254 18.5183 2.51
      vertex 39.3221 18.9548 0
      vertex 39.3221 18.9548 2.51
    endloop
  endfacet
  facet normal 0.976329 -0.216291 0
    outer loop
      vertex 39.3221 18.9548 0
      vertex 39.2254 18.5183 2.51
      vertex 39.2254 18.5183 0
    endloop
  endfacet
  facet normal -0.953681 -0.300821 0
    outer loop
      vertex 49.2229 18.9548 0
      vertex 49.0884 19.3812 2.51
      vertex 49.0884 19.3812 0
    endloop
  endfacet
  facet normal -0.953681 -0.300821 0
    outer loop
      vertex 49.0884 19.3812 2.51
      vertex 49.2229 18.9548 0
      vertex 49.2229 18.9548 2.51
    endloop
  endfacet
  facet normal 0.793405 0.608694 0
    outer loop
      vertex 40.3465 14.334 2.51
      vertex 40.0743 14.6888 0
      vertex 40.0743 14.6888 2.51
    endloop
  endfacet
  facet normal 0.793405 0.608694 0
    outer loop
      vertex 40.0743 14.6888 0
      vertex 40.3465 14.334 2.51
      vertex 40.3465 14.334 0
    endloop
  endfacet
  facet normal 0.13042 -0.991459 0
    outer loop
      vertex 43.3826 22.6755 0
      vertex 43.8258 22.7338 2.51
      vertex 43.3826 22.6755 2.51
    endloop
  endfacet
  facet normal 0.13042 -0.991459 0
    outer loop
      vertex 43.8258 22.7338 2.51
      vertex 43.3826 22.6755 0
      vertex 43.8258 22.7338 0
    endloop
  endfacet
  facet normal 0.991434 -0.130611 0
    outer loop
      vertex 39.167 18.075 2.51
      vertex 39.2254 18.5183 0
      vertex 39.2254 18.5183 2.51
    endloop
  endfacet
  facet normal 0.991434 -0.130611 0
    outer loop
      vertex 39.2254 18.5183 0
      vertex 39.167 18.075 2.51
      vertex 39.167 18.075 0
    endloop
  endfacet
  facet normal -0.13042 -0.991459 0
    outer loop
      vertex 44.7192 22.7338 0
      vertex 45.1624 22.6755 2.51
      vertex 44.7192 22.7338 2.51
    endloop
  endfacet
  facet normal -0.13042 -0.991459 -0
    outer loop
      vertex 45.1624 22.6755 2.51
      vertex 44.7192 22.7338 0
      vertex 45.1624 22.6755 0
    endloop
  endfacet
  facet normal -0.843431 -0.537237 0
    outer loop
      vertex 48.7109 20.1908 0
      vertex 48.4707 20.5679 2.51
      vertex 48.4707 20.5679 0
    endloop
  endfacet
  facet normal -0.843431 -0.537237 0
    outer loop
      vertex 48.4707 20.5679 2.51
      vertex 48.7109 20.1908 0
      vertex 48.7109 20.1908 2.51
    endloop
  endfacet
  facet normal 0.675563 0.737303 -0
    outer loop
      vertex 40.9782 13.7024 0
      vertex 40.6486 14.0044 2.51
      vertex 40.9782 13.7024 2.51
    endloop
  endfacet
  facet normal 0.675563 0.737303 0
    outer loop
      vertex 40.6486 14.0044 2.51
      vertex 40.9782 13.7024 0
      vertex 40.6486 14.0044 0
    endloop
  endfacet
  facet normal -0.537237 0.843431 0
    outer loop
      vertex 47.2121 13.4302 0
      vertex 46.835 13.19 2.51
      vertex 47.2121 13.4302 2.51
    endloop
  endfacet
  facet normal -0.537237 0.843431 0
    outer loop
      vertex 46.835 13.19 2.51
      vertex 47.2121 13.4302 0
      vertex 46.835 13.19 0
    endloop
  endfacet
  facet normal -0.999048 0.0436217 0
    outer loop
      vertex 49.378 17.1817 0
      vertex 49.3975 17.6283 2.51
      vertex 49.3975 17.6283 0
    endloop
  endfacet
  facet normal -0.999048 0.0436217 0
    outer loop
      vertex 49.3975 17.6283 2.51
      vertex 49.378 17.1817 0
      vertex 49.378 17.1817 2.51
    endloop
  endfacet
  facet normal 0.38274 -0.923856 0
    outer loop
      vertex 42.1066 22.2732 0
      vertex 42.5196 22.4443 2.51
      vertex 42.1066 22.2732 2.51
    endloop
  endfacet
  facet normal 0.38274 -0.923856 0
    outer loop
      vertex 42.5196 22.4443 2.51
      vertex 42.1066 22.2732 0
      vertex 42.5196 22.4443 0
    endloop
  endfacet
  facet normal -0.461824 0.886971 0
    outer loop
      vertex 46.835 13.19 0
      vertex 46.4384 12.9835 2.51
      vertex 46.835 13.19 2.51
    endloop
  endfacet
  facet normal -0.461824 0.886971 0
    outer loop
      vertex 46.4384 12.9835 2.51
      vertex 46.835 13.19 0
      vertex 46.4384 12.9835 0
    endloop
  endfacet
  facet normal 0.976329 0.216291 0
    outer loop
      vertex 39.3221 16.3019 2.51
      vertex 39.2254 16.7384 0
      vertex 39.2254 16.7384 2.51
    endloop
  endfacet
  facet normal 0.976329 0.216291 0
    outer loop
      vertex 39.2254 16.7384 0
      vertex 39.3221 16.3019 2.51
      vertex 39.3221 16.3019 0
    endloop
  endfacet
  facet normal -0.461824 -0.886971 0
    outer loop
      vertex 46.4384 22.2732 0
      vertex 46.835 22.0667 2.51
      vertex 46.4384 22.2732 2.51
    endloop
  endfacet
  facet normal -0.461824 -0.886971 -0
    outer loop
      vertex 46.835 22.0667 2.51
      vertex 46.4384 22.2732 0
      vertex 46.835 22.0667 0
    endloop
  endfacet
  facet normal 0.793322 -0.608802 0
    outer loop
      vertex 40.0743 20.5679 2.51
      vertex 40.3465 20.9226 0
      vertex 40.3465 20.9226 2.51
    endloop
  endfacet
  facet normal 0.793322 -0.608802 0
    outer loop
      vertex 40.3465 20.9226 0
      vertex 40.0743 20.5679 2.51
      vertex 40.0743 20.5679 0
    endloop
  endfacet
  facet normal 0.216504 -0.976282 0
    outer loop
      vertex 42.9461 22.5787 0
      vertex 43.3826 22.6755 2.51
      vertex 42.9461 22.5787 2.51
    endloop
  endfacet
  facet normal 0.216504 -0.976282 0
    outer loop
      vertex 43.3826 22.6755 2.51
      vertex 42.9461 22.5787 0
      vertex 43.3826 22.6755 0
    endloop
  endfacet
  facet normal -0.0436119 0.999049 0
    outer loop
      vertex 44.7192 12.5228 0
      vertex 44.2725 12.5033 2.51
      vertex 44.7192 12.5228 2.51
    endloop
  endfacet
  facet normal -0.0436119 0.999049 0
    outer loop
      vertex 44.2725 12.5033 2.51
      vertex 44.7192 12.5228 0
      vertex 44.2725 12.5033 0
    endloop
  endfacet
  facet normal -0.887063 0.461648 0
    outer loop
      vertex 48.7109 15.0658 0
      vertex 48.9173 15.4624 2.51
      vertex 48.9173 15.4624 0
    endloop
  endfacet
  facet normal -0.887063 0.461648 0
    outer loop
      vertex 48.9173 15.4624 2.51
      vertex 48.7109 15.0658 0
      vertex 48.7109 15.0658 2.51
    endloop
  endfacet
  facet normal -0.953681 0.300821 0
    outer loop
      vertex 49.0884 15.8755 0
      vertex 49.2229 16.3019 2.51
      vertex 49.2229 16.3019 0
    endloop
  endfacet
  facet normal -0.953681 0.300821 0
    outer loop
      vertex 49.2229 16.3019 2.51
      vertex 49.0884 15.8755 0
      vertex 49.0884 15.8755 2.51
    endloop
  endfacet
  facet normal -0.38274 -0.923856 0
    outer loop
      vertex 46.0254 22.4443 0
      vertex 46.4384 22.2732 2.51
      vertex 46.0254 22.4443 2.51
    endloop
  endfacet
  facet normal -0.38274 -0.923856 -0
    outer loop
      vertex 46.4384 22.2732 2.51
      vertex 46.0254 22.4443 0
      vertex 46.4384 22.2732 0
    endloop
  endfacet
  facet normal 0.953681 -0.300821 0
    outer loop
      vertex 39.3221 18.9548 2.51
      vertex 39.4566 19.3812 0
      vertex 39.4566 19.3812 2.51
    endloop
  endfacet
  facet normal 0.953681 -0.300821 0
    outer loop
      vertex 39.4566 19.3812 0
      vertex 39.3221 18.9548 2.51
      vertex 39.3221 18.9548 0
    endloop
  endfacet
  facet normal -0.923889 -0.382661 0
    outer loop
      vertex 49.0884 19.3812 0
      vertex 48.9173 19.7943 2.51
      vertex 48.9173 19.7943 0
    endloop
  endfacet
  facet normal -0.923889 -0.382661 0
    outer loop
      vertex 48.9173 19.7943 2.51
      vertex 49.0884 19.3812 0
      vertex 49.0884 19.3812 2.51
    endloop
  endfacet
  facet normal -0.675563 -0.737303 0
    outer loop
      vertex 47.5668 21.5543 0
      vertex 47.8964 21.2523 2.51
      vertex 47.5668 21.5543 2.51
    endloop
  endfacet
  facet normal -0.675563 -0.737303 -0
    outer loop
      vertex 47.8964 21.2523 2.51
      vertex 47.5668 21.5543 0
      vertex 47.8964 21.2523 0
    endloop
  endfacet
  facet normal -0.923889 0.382661 0
    outer loop
      vertex 48.9173 15.4624 0
      vertex 49.0884 15.8755 2.51
      vertex 49.0884 15.8755 0
    endloop
  endfacet
  facet normal -0.923889 0.382661 0
    outer loop
      vertex 49.0884 15.8755 2.51
      vertex 48.9173 15.4624 0
      vertex 48.9173 15.4624 2.51
    endloop
  endfacet
  facet normal -0.843367 0.537339 0
    outer loop
      vertex 48.4707 14.6888 0
      vertex 48.7109 15.0658 2.51
      vertex 48.7109 15.0658 0
    endloop
  endfacet
  facet normal -0.843367 0.537339 0
    outer loop
      vertex 48.7109 15.0658 2.51
      vertex 48.4707 14.6888 0
      vertex 48.4707 14.6888 2.51
    endloop
  endfacet
  facet normal -0.887015 -0.46174 0
    outer loop
      vertex 48.9173 19.7943 0
      vertex 48.7109 20.1908 2.51
      vertex 48.7109 20.1908 0
    endloop
  endfacet
  facet normal -0.887015 -0.46174 0
    outer loop
      vertex 48.7109 20.1908 2.51
      vertex 48.9173 19.7943 0
      vertex 48.9173 19.7943 2.51
    endloop
  endfacet
  facet normal 0.887015 -0.46174 0
    outer loop
      vertex 39.6277 19.7943 2.51
      vertex 39.8341 20.1908 0
      vertex 39.8341 20.1908 2.51
    endloop
  endfacet
  facet normal 0.887015 -0.46174 0
    outer loop
      vertex 39.8341 20.1908 0
      vertex 39.6277 19.7943 2.51
      vertex 39.6277 19.7943 0
    endloop
  endfacet
  facet normal 0.675563 -0.737303 0
    outer loop
      vertex 40.6486 21.2523 0
      vertex 40.9782 21.5543 2.51
      vertex 40.6486 21.2523 2.51
    endloop
  endfacet
  facet normal 0.675563 -0.737303 0
    outer loop
      vertex 40.9782 21.5543 2.51
      vertex 40.6486 21.2523 0
      vertex 40.9782 21.5543 0
    endloop
  endfacet
  facet normal 0.0436119 0.999049 -0
    outer loop
      vertex 44.2725 12.5033 0
      vertex 43.8258 12.5228 2.51
      vertex 44.2725 12.5033 2.51
    endloop
  endfacet
  facet normal 0.0436119 0.999049 0
    outer loop
      vertex 43.8258 12.5228 2.51
      vertex 44.2725 12.5033 0
      vertex 43.8258 12.5228 0
    endloop
  endfacet
  facet normal 0.300553 -0.953765 0
    outer loop
      vertex 42.5196 22.4443 0
      vertex 42.9461 22.5787 2.51
      vertex 42.5196 22.4443 2.51
    endloop
  endfacet
  facet normal 0.300553 -0.953765 0
    outer loop
      vertex 42.9461 22.5787 2.51
      vertex 42.5196 22.4443 0
      vertex 42.9461 22.5787 0
    endloop
  endfacet
  facet normal 0.999048 0.0436217 0
    outer loop
      vertex 39.167 17.1817 2.51
      vertex 39.1475 17.6283 0
      vertex 39.1475 17.6283 2.51
    endloop
  endfacet
  facet normal 0.999048 0.0436217 0
    outer loop
      vertex 39.1475 17.6283 0
      vertex 39.167 17.1817 2.51
      vertex 39.167 17.1817 0
    endloop
  endfacet
  facet normal 0.0436119 -0.999049 0
    outer loop
      vertex 43.8258 22.7338 0
      vertex 44.2725 22.7533 2.51
      vertex 43.8258 22.7338 2.51
    endloop
  endfacet
  facet normal 0.0436119 -0.999049 0
    outer loop
      vertex 44.2725 22.7533 2.51
      vertex 43.8258 22.7338 0
      vertex 44.2725 22.7533 0
    endloop
  endfacet
  facet normal -0.38274 0.923856 0
    outer loop
      vertex 46.4384 12.9835 0
      vertex 46.0254 12.8124 2.51
      vertex 46.4384 12.9835 2.51
    endloop
  endfacet
  facet normal -0.38274 0.923856 0
    outer loop
      vertex 46.0254 12.8124 2.51
      vertex 46.4384 12.9835 0
      vertex 46.0254 12.8124 0
    endloop
  endfacet
  facet normal -0.300553 0.953765 0
    outer loop
      vertex 46.0254 12.8124 0
      vertex 45.5989 12.678 2.51
      vertex 46.0254 12.8124 2.51
    endloop
  endfacet
  facet normal -0.300553 0.953765 0
    outer loop
      vertex 45.5989 12.678 2.51
      vertex 46.0254 12.8124 0
      vertex 45.5989 12.678 0
    endloop
  endfacet
  facet normal -0.793405 0.608694 0
    outer loop
      vertex 48.1985 14.334 0
      vertex 48.4707 14.6888 2.51
      vertex 48.4707 14.6888 0
    endloop
  endfacet
  facet normal -0.793405 0.608694 0
    outer loop
      vertex 48.4707 14.6888 2.51
      vertex 48.1985 14.334 0
      vertex 48.1985 14.334 2.51
    endloop
  endfacet
  facet normal 0.737191 0.675684 0
    outer loop
      vertex 40.6486 14.0044 2.51
      vertex 40.3465 14.334 0
      vertex 40.3465 14.334 2.51
    endloop
  endfacet
  facet normal 0.737191 0.675684 0
    outer loop
      vertex 40.3465 14.334 0
      vertex 40.6486 14.0044 2.51
      vertex 40.6486 14.0044 0
    endloop
  endfacet
  facet normal 0.991434 0.130611 0
    outer loop
      vertex 39.2254 16.7384 2.51
      vertex 39.167 17.1817 0
      vertex 39.167 17.1817 2.51
    endloop
  endfacet
  facet normal 0.991434 0.130611 0
    outer loop
      vertex 39.167 17.1817 0
      vertex 39.2254 16.7384 2.51
      vertex 39.2254 16.7384 0
    endloop
  endfacet
  facet normal -0.608802 0.793322 0
    outer loop
      vertex 47.5668 13.7024 0
      vertex 47.2121 13.4302 2.51
      vertex 47.5668 13.7024 2.51
    endloop
  endfacet
  facet normal -0.608802 0.793322 0
    outer loop
      vertex 47.2121 13.4302 2.51
      vertex 47.5668 13.7024 0
      vertex 47.2121 13.4302 0
    endloop
  endfacet
  facet normal -0.216504 0.976282 0
    outer loop
      vertex 45.5989 12.678 0
      vertex 45.1624 12.5812 2.51
      vertex 45.5989 12.678 2.51
    endloop
  endfacet
  facet normal -0.216504 0.976282 0
    outer loop
      vertex 45.1624 12.5812 2.51
      vertex 45.5989 12.678 0
      vertex 45.1624 12.5812 0
    endloop
  endfacet
  facet normal 0.537237 -0.843431 0
    outer loop
      vertex 41.3329 21.8265 0
      vertex 41.71 22.0667 2.51
      vertex 41.3329 21.8265 2.51
    endloop
  endfacet
  facet normal 0.537237 -0.843431 0
    outer loop
      vertex 41.71 22.0667 2.51
      vertex 41.3329 21.8265 0
      vertex 41.71 22.0667 0
    endloop
  endfacet
  facet normal -0.300553 -0.953765 0
    outer loop
      vertex 45.5989 22.5787 0
      vertex 46.0254 22.4443 2.51
      vertex 45.5989 22.5787 2.51
    endloop
  endfacet
  facet normal -0.300553 -0.953765 -0
    outer loop
      vertex 46.0254 22.4443 2.51
      vertex 45.5989 22.5787 0
      vertex 46.0254 22.4443 0
    endloop
  endfacet
  facet normal -0.737293 -0.675573 0
    outer loop
      vertex 48.1985 20.9226 0
      vertex 47.8964 21.2523 2.51
      vertex 47.8964 21.2523 0
    endloop
  endfacet
  facet normal -0.737293 -0.675573 0
    outer loop
      vertex 47.8964 21.2523 2.51
      vertex 48.1985 20.9226 0
      vertex 48.1985 20.9226 2.51
    endloop
  endfacet
  facet normal -0.793322 -0.608802 0
    outer loop
      vertex 48.4707 20.5679 0
      vertex 48.1985 20.9226 2.51
      vertex 48.1985 20.9226 0
    endloop
  endfacet
  facet normal -0.793322 -0.608802 0
    outer loop
      vertex 48.1985 20.9226 2.51
      vertex 48.4707 20.5679 0
      vertex 48.4707 20.5679 2.51
    endloop
  endfacet
  facet normal 0.737293 -0.675573 0
    outer loop
      vertex 40.3465 20.9226 2.51
      vertex 40.6486 21.2523 0
      vertex 40.6486 21.2523 2.51
    endloop
  endfacet
  facet normal 0.737293 -0.675573 0
    outer loop
      vertex 40.6486 21.2523 0
      vertex 40.3465 20.9226 2.51
      vertex 40.3465 20.9226 0
    endloop
  endfacet
  facet normal 0.887063 0.461648 0
    outer loop
      vertex 39.8341 15.0658 2.51
      vertex 39.6277 15.4624 0
      vertex 39.6277 15.4624 2.51
    endloop
  endfacet
  facet normal 0.887063 0.461648 0
    outer loop
      vertex 39.6277 15.4624 0
      vertex 39.8341 15.0658 2.51
      vertex 39.8341 15.0658 0
    endloop
  endfacet
  facet normal 0.461824 0.886971 -0
    outer loop
      vertex 42.1066 12.9835 0
      vertex 41.71 13.19 2.51
      vertex 42.1066 12.9835 2.51
    endloop
  endfacet
  facet normal 0.461824 0.886971 0
    outer loop
      vertex 41.71 13.19 2.51
      vertex 42.1066 12.9835 0
      vertex 41.71 13.19 0
    endloop
  endfacet
  facet normal 0.461824 -0.886971 0
    outer loop
      vertex 41.71 22.0667 0
      vertex 42.1066 22.2732 2.51
      vertex 41.71 22.0667 2.51
    endloop
  endfacet
  facet normal 0.461824 -0.886971 0
    outer loop
      vertex 42.1066 22.2732 2.51
      vertex 41.71 22.0667 0
      vertex 42.1066 22.2732 0
    endloop
  endfacet
  facet normal 0.999049 -0.0436119 0
    outer loop
      vertex 39.1475 17.6283 2.51
      vertex 39.167 18.075 0
      vertex 39.167 18.075 2.51
    endloop
  endfacet
  facet normal 0.999049 -0.0436119 0
    outer loop
      vertex 39.167 18.075 0
      vertex 39.1475 17.6283 2.51
      vertex 39.1475 17.6283 0
    endloop
  endfacet
  facet normal -0.737191 0.675684 0
    outer loop
      vertex 47.8964 14.0044 0
      vertex 48.1985 14.334 2.51
      vertex 48.1985 14.334 0
    endloop
  endfacet
  facet normal -0.737191 0.675684 0
    outer loop
      vertex 48.1985 14.334 2.51
      vertex 47.8964 14.0044 0
      vertex 47.8964 14.0044 2.51
    endloop
  endfacet
  facet normal 0.13064 0.99143 -0
    outer loop
      vertex 43.8258 12.5228 0
      vertex 43.3826 12.5812 2.51
      vertex 43.8258 12.5228 2.51
    endloop
  endfacet
  facet normal 0.13064 0.99143 0
    outer loop
      vertex 43.3826 12.5812 2.51
      vertex 43.8258 12.5228 0
      vertex 43.3826 12.5812 0
    endloop
  endfacet
  facet normal -0.675563 0.737303 0
    outer loop
      vertex 47.8964 14.0044 0
      vertex 47.5668 13.7024 2.51
      vertex 47.8964 14.0044 2.51
    endloop
  endfacet
  facet normal -0.675563 0.737303 0
    outer loop
      vertex 47.5668 13.7024 2.51
      vertex 47.8964 14.0044 0
      vertex 47.5668 13.7024 0
    endloop
  endfacet
  facet normal -0.642232 0.14247 0.753153
    outer loop
      vertex 49.3196 16.7384 2.51
      vertex 49.8153 16.3826 3
      vertex 49.8726 16.6409 3
    endloop
  endfacet
  facet normal -0.642318 0.142296 0.753114
    outer loop
      vertex 49.8153 16.3826 3
      vertex 49.3196 16.7384 2.51
      vertex 49.2229 16.3019 2.51
    endloop
  endfacet
  facet normal -0.607825 0.251651 0.753141
    outer loop
      vertex 49.4262 15.2251 3
      vertex 49.5148 15.4391 3
      vertex 48.9173 15.4624 2.51
    endloop
  endfacet
  facet normal -0.444491 0.485035 0.753106
    outer loop
      vertex 47.8964 14.0044 2.51
      vertex 48.0984 13.4287 3
      vertex 48.2934 13.6074 3
    endloop
  endfacet
  facet normal -0.444443 0.485061 0.753117
    outer loop
      vertex 48.0984 13.4287 3
      vertex 47.8964 14.0044 2.51
      vertex 47.5668 13.7024 2.51
    endloop
  endfacet
  facet normal -0.657236 -0.0286866 0.753139
    outer loop
      vertex 49.959 17.6283 3
      vertex 49.9489 17.8597 3
      vertex 49.3975 17.6283 2.51
    endloop
  endfacet
  facet normal -0.657268 -0.0288581 0.753104
    outer loop
      vertex 49.378 18.075 2.51
      vertex 49.9489 17.8597 3
      vertex 49.9373 18.1239 3
    endloop
  endfacet
  facet normal -0.657235 -0.0286906 0.753139
    outer loop
      vertex 49.9489 17.8597 3
      vertex 49.378 18.075 2.51
      vertex 49.3975 17.6283 2.51
    endloop
  endfacet
  facet normal 0.0858346 -0.652286 0.753097
    outer loop
      vertex 43.3826 22.6755 2.51
      vertex 43.5146 23.2586 3
      vertex 43.2851 23.2284 3
    endloop
  endfacet
  facet normal -0.303736 0.583606 0.753093
    outer loop
      vertex 46.6757 12.4747 3
      vertex 46.8811 12.5816 3
      vertex 46.4384 12.9835 2.51
    endloop
  endfacet
  facet normal 0.642316 0.14239 0.753097
    outer loop
      vertex 38.7798 16.1566 3
      vertex 39.3221 16.3019 2.51
      vertex 38.7297 16.3826 3
    endloop
  endfacet
  facet normal -0.142327 -0.642317 0.753108
    outer loop
      vertex 45.5989 22.5787 2.51
      vertex 45.7443 23.121 3
      vertex 45.5182 23.1711 3
    endloop
  endfacet
  facet normal -0.627427 0.197952 0.753094
    outer loop
      vertex 49.2229 16.3019 2.51
      vertex 49.6856 15.9043 3
      vertex 49.7652 16.1566 3
    endloop
  endfacet
  facet normal -0.627448 0.197917 0.753086
    outer loop
      vertex 49.6856 15.9043 3
      vertex 49.2229 16.3019 2.51
      vertex 49.0884 15.8755 2.51
    endloop
  endfacet
  facet normal -0.554876 0.353439 0.753123
    outer loop
      vertex 48.9306 14.3667 3
      vertex 49.055 14.562 3
      vertex 48.4707 14.6888 2.51
    endloop
  endfacet
  facet normal -0.627461 0.197787 0.753109
    outer loop
      vertex 49.616 15.6835 3
      vertex 49.6856 15.9043 3
      vertex 49.0884 15.8755 2.51
    endloop
  endfacet
  facet normal 0.627373 0.198043 0.753115
    outer loop
      vertex 38.929 15.6835 3
      vertex 39.4566 15.8755 2.51
      vertex 38.8593 15.9043 3
    endloop
  endfacet
  facet normal -0.303718 0.583557 0.753138
    outer loop
      vertex 46.835 13.19 2.51
      vertex 46.8811 12.5816 3
      vertex 47.1157 12.7037 3
    endloop
  endfacet
  facet normal -0.30383 0.58353 0.753114
    outer loop
      vertex 46.8811 12.5816 3
      vertex 46.835 13.19 2.51
      vertex 46.4384 12.9835 2.51
    endloop
  endfacet
  facet normal -0.607845 -0.251693 0.75311
    outer loop
      vertex 49.5148 19.8176 3
      vertex 49.0884 19.3812 2.51
      vertex 49.616 19.5732 3
    endloop
  endfacet
  facet normal -0.607807 -0.251745 0.753123
    outer loop
      vertex 49.0884 19.3812 2.51
      vertex 49.5148 19.8176 3
      vertex 48.9173 19.7943 2.51
    endloop
  endfacet
  facet normal -0.0287019 0.657302 0.75308
    outer loop
      vertex 44.5038 11.952 3
      vertex 44.2725 12.5033 2.51
      vertex 44.2725 11.9419 3
    endloop
  endfacet
  facet normal 0.400516 0.521907 0.753127
    outer loop
      vertex 40.801 13.1313 3
      vertex 41.3329 13.4302 2.51
      vertex 40.9782 13.7024 2.51
    endloop
  endfacet
  facet normal 0.400415 0.522032 0.753094
    outer loop
      vertex 41.3329 13.4302 2.51
      vertex 40.801 13.1313 3
      vertex 41.0109 12.9703 3
    endloop
  endfacet
  facet normal 0.353657 0.554772 0.753097
    outer loop
      vertex 41.2062 12.8458 3
      vertex 41.3329 13.4302 2.51
      vertex 41.0109 12.9703 3
    endloop
  endfacet
  facet normal 0.627388 -0.197898 0.753141
    outer loop
      vertex 38.8593 19.3524 3
      vertex 39.3221 18.9548 2.51
      vertex 39.4566 19.3812 2.51
    endloop
  endfacet
  facet normal 0.627493 -0.197724 0.753099
    outer loop
      vertex 39.3221 18.9548 2.51
      vertex 38.8593 19.3524 3
      vertex 38.7798 19.1001 3
    endloop
  endfacet
  facet normal -0.197787 0.627461 0.753109
    outer loop
      vertex 46.2174 12.2848 3
      vertex 46.0254 12.8124 2.51
      vertex 45.9966 12.2152 3
    endloop
  endfacet
  facet normal 0.086113 0.652242 0.753103
    outer loop
      vertex 43.5146 11.998 3
      vertex 43.3826 12.5812 2.51
      vertex 43.2851 12.0283 3
    endloop
  endfacet
  facet normal 0.0287019 0.657302 0.75308
    outer loop
      vertex 44.2725 11.9419 3
      vertex 44.2725 12.5033 2.51
      vertex 44.0412 11.952 3
    endloop
  endfacet
  facet normal -0.086113 0.652242 0.753103
    outer loop
      vertex 45.2599 12.0283 3
      vertex 45.1624 12.5812 2.51
      vertex 45.0304 11.998 3
    endloop
  endfacet
  facet normal -0.303939 -0.583503 0.753091
    outer loop
      vertex 46.8811 22.6751 3
      vertex 46.835 22.0667 2.51
      vertex 47.1157 22.5529 3
    endloop
  endfacet
  facet normal -0.30383 -0.58353 0.753114
    outer loop
      vertex 46.835 22.0667 2.51
      vertex 46.8811 22.6751 3
      vertex 46.4384 22.2732 2.51
    endloop
  endfacet
  facet normal -0.142428 0.642252 0.753144
    outer loop
      vertex 45.1624 12.5812 2.51
      vertex 45.5182 12.0855 3
      vertex 45.5989 12.678 2.51
    endloop
  endfacet
  facet normal -0.142245 0.642342 0.753102
    outer loop
      vertex 45.5182 12.0855 3
      vertex 45.1624 12.5812 2.51
      vertex 45.2599 12.0283 3
    endloop
  endfacet
  facet normal 0.522021 -0.400396 0.753111
    outer loop
      vertex 40.3465 20.9226 2.51
      vertex 39.9164 21.2835 3
      vertex 39.7755 21.0998 3
    endloop
  endfacet
  facet normal 0.522021 0.400396 0.753111
    outer loop
      vertex 39.9164 13.9731 3
      vertex 40.3465 14.334 2.51
      vertex 39.7755 14.1568 3
    endloop
  endfacet
  facet normal -0.353657 0.554772 0.753097
    outer loop
      vertex 47.3388 12.8458 3
      vertex 47.5341 12.9703 3
      vertex 47.2121 13.4302 2.51
    endloop
  endfacet
  facet normal -0.657236 0.0286971 0.753138
    outer loop
      vertex 49.378 17.1817 2.51
      vertex 49.9489 17.397 3
      vertex 49.3975 17.6283 2.51
    endloop
  endfacet
  facet normal -0.657266 0.0288471 0.753107
    outer loop
      vertex 49.9489 17.397 3
      vertex 49.378 17.1817 2.51
      vertex 49.9373 17.1327 3
    endloop
  endfacet
  facet normal 0.484971 0.444508 0.753137
    outer loop
      vertex 40.0728 13.8024 3
      vertex 40.6486 14.0044 2.51
      vertex 40.3465 14.334 2.51
    endloop
  endfacet
  facet normal 0.484908 0.444623 0.75311
    outer loop
      vertex 40.6486 14.0044 2.51
      vertex 40.0728 13.8024 3
      vertex 40.2516 13.6074 3
    endloop
  endfacet
  facet normal -0.652226 0.0857893 0.753154
    outer loop
      vertex 49.8726 16.6409 3
      vertex 49.9028 16.8705 3
      vertex 49.3196 16.7384 2.51
    endloop
  endfacet
  facet normal -0.657236 0.028699 0.753138
    outer loop
      vertex 49.9489 17.397 3
      vertex 49.959 17.6283 3
      vertex 49.3975 17.6283 2.51
    endloop
  endfacet
  facet normal -0.652275 0.0858256 0.753108
    outer loop
      vertex 49.378 17.1817 2.51
      vertex 49.9028 16.8705 3
      vertex 49.9373 17.1327 3
    endloop
  endfacet
  facet normal -0.652236 0.0859251 0.75313
    outer loop
      vertex 49.9028 16.8705 3
      vertex 49.378 17.1817 2.51
      vertex 49.3196 16.7384 2.51
    endloop
  endfacet
  facet normal -0.627461 -0.197787 0.753109
    outer loop
      vertex 49.6856 19.3524 3
      vertex 49.616 19.5732 3
      vertex 49.0884 19.3812 2.51
    endloop
  endfacet
  facet normal 0.197926 0.627347 0.753167
    outer loop
      vertex 42.9461 12.678 2.51
      vertex 42.5484 12.2152 3
      vertex 42.8007 12.1356 3
    endloop
  endfacet
  facet normal 0.197729 0.627467 0.753119
    outer loop
      vertex 42.5484 12.2152 3
      vertex 42.9461 12.678 2.51
      vertex 42.5196 12.8124 2.51
    endloop
  endfacet
  facet normal -0.0859436 0.652229 0.753134
    outer loop
      vertex 44.7192 12.5228 2.51
      vertex 45.0304 11.998 3
      vertex 45.1624 12.5812 2.51
    endloop
  endfacet
  facet normal -0.0857945 0.652287 0.753101
    outer loop
      vertex 45.0304 11.998 3
      vertex 44.7192 12.5228 2.51
      vertex 44.7681 11.9635 3
    endloop
  endfacet
  facet normal -0.252014 0.607731 0.753095
    outer loop
      vertex 46.4618 12.386 3
      vertex 46.6757 12.4747 3
      vertex 46.4384 12.9835 2.51
    endloop
  endfacet
  facet normal 0.554848 0.353513 0.753108
    outer loop
      vertex 39.8341 15.0658 2.51
      vertex 39.49 14.562 3
      vertex 40.0743 14.6888 2.51
    endloop
  endfacet
  facet normal 0.554918 0.353446 0.753088
    outer loop
      vertex 39.49 14.562 3
      vertex 39.8341 15.0658 2.51
      vertex 39.3479 14.7851 3
    endloop
  endfacet
  facet normal 0.652236 0.0859251 0.75313
    outer loop
      vertex 39.167 17.1817 2.51
      vertex 38.6422 16.8705 3
      vertex 39.2254 16.7384 2.51
    endloop
  endfacet
  facet normal 0.652275 0.0858256 0.753108
    outer loop
      vertex 38.6422 16.8705 3
      vertex 39.167 17.1817 2.51
      vertex 38.6077 17.1327 3
    endloop
  endfacet
  facet normal 0.197718 -0.627474 0.753117
    outer loop
      vertex 42.5484 23.0415 3
      vertex 42.9461 22.5787 2.51
      vertex 42.8007 23.121 3
    endloop
  endfacet
  facet normal 0.197729 -0.627467 0.753119
    outer loop
      vertex 42.9461 22.5787 2.51
      vertex 42.5484 23.0415 3
      vertex 42.5196 22.4443 2.51
    endloop
  endfacet
  facet normal 0.485024 -0.444502 0.753106
    outer loop
      vertex 40.0728 21.4542 3
      vertex 40.6486 21.2523 2.51
      vertex 40.2516 21.6493 3
    endloop
  endfacet
  facet normal 0.485054 -0.444449 0.753119
    outer loop
      vertex 40.6486 21.2523 2.51
      vertex 40.0728 21.4542 3
      vertex 40.3465 20.9226 2.51
    endloop
  endfacet
  facet normal -0.197729 0.627467 0.753119
    outer loop
      vertex 45.5989 12.678 2.51
      vertex 45.9966 12.2152 3
      vertex 46.0254 12.8124 2.51
    endloop
  endfacet
  facet normal -0.197926 0.627347 0.753167
    outer loop
      vertex 45.9966 12.2152 3
      vertex 45.5989 12.678 2.51
      vertex 45.7443 12.1356 3
    endloop
  endfacet
  facet normal 0.444443 -0.485061 0.753117
    outer loop
      vertex 40.4466 21.828 3
      vertex 40.6486 21.2523 2.51
      vertex 40.9782 21.5543 2.51
    endloop
  endfacet
  facet normal 0.444491 -0.485035 0.753106
    outer loop
      vertex 40.6486 21.2523 2.51
      vertex 40.4466 21.828 3
      vertex 40.2516 21.6493 3
    endloop
  endfacet
  facet normal 0.607807 0.251745 0.753123
    outer loop
      vertex 39.4566 15.8755 2.51
      vertex 39.0302 15.4391 3
      vertex 39.6277 15.4624 2.51
    endloop
  endfacet
  facet normal 0.607845 0.251693 0.75311
    outer loop
      vertex 39.0302 15.4391 3
      vertex 39.4566 15.8755 2.51
      vertex 38.929 15.6835 3
    endloop
  endfacet
  facet normal -0.0285993 0.657286 0.753099
    outer loop
      vertex 44.7192 12.5228 2.51
      vertex 44.5038 11.952 3
      vertex 44.7681 11.9635 3
    endloop
  endfacet
  facet normal -0.0286936 0.657304 0.753079
    outer loop
      vertex 44.5038 11.952 3
      vertex 44.7192 12.5228 2.51
      vertex 44.2725 12.5033 2.51
    endloop
  endfacet
  facet normal 0.607825 0.251651 0.753141
    outer loop
      vertex 39.1188 15.2251 3
      vertex 39.6277 15.4624 2.51
      vertex 39.0302 15.4391 3
    endloop
  endfacet
  facet normal 0.400572 0.52188 0.753116
    outer loop
      vertex 40.801 13.1313 3
      vertex 40.9782 13.7024 2.51
      vertex 40.6173 13.2723 3
    endloop
  endfacet
  facet normal 0.652226 -0.0857893 0.753154
    outer loop
      vertex 39.2254 18.5183 2.51
      vertex 38.6724 18.6158 3
      vertex 38.6422 18.3862 3
    endloop
  endfacet
  facet normal 0.521988 0.400466 0.753097
    outer loop
      vertex 40.0743 14.6888 2.51
      vertex 39.7755 14.1568 3
      vertex 40.3465 14.334 2.51
    endloop
  endfacet
  facet normal 0.521883 0.40055 0.753125
    outer loop
      vertex 39.7755 14.1568 3
      vertex 40.0743 14.6888 2.51
      vertex 39.6144 14.3667 3
    endloop
  endfacet
  facet normal -0.142313 0.642254 0.753165
    outer loop
      vertex 45.7443 12.1356 3
      vertex 45.5989 12.678 2.51
      vertex 45.5182 12.0855 3
    endloop
  endfacet
  facet normal -0.642316 0.14239 0.753097
    outer loop
      vertex 49.7652 16.1566 3
      vertex 49.8153 16.3826 3
      vertex 49.2229 16.3019 2.51
    endloop
  endfacet
  facet normal 0.400415 -0.522032 0.753094
    outer loop
      vertex 40.801 22.1254 3
      vertex 41.3329 21.8265 2.51
      vertex 41.0109 22.2864 3
    endloop
  endfacet
  facet normal 0.400516 -0.521907 0.753127
    outer loop
      vertex 41.3329 21.8265 2.51
      vertex 40.801 22.1254 3
      vertex 40.9782 21.5543 2.51
    endloop
  endfacet
  facet normal -0.444436 0.485072 0.753115
    outer loop
      vertex 47.9277 13.2723 3
      vertex 48.0984 13.4287 3
      vertex 47.5668 13.7024 2.51
    endloop
  endfacet
  facet normal 0.444436 0.485072 0.753115
    outer loop
      vertex 40.6173 13.2723 3
      vertex 40.9782 13.7024 2.51
      vertex 40.4466 13.4287 3
    endloop
  endfacet
  facet normal 0.303736 0.583606 0.753093
    outer loop
      vertex 41.8693 12.4747 3
      vertex 42.1066 12.9835 2.51
      vertex 41.6639 12.5816 3
    endloop
  endfacet
  facet normal -0.554888 -0.353427 0.75312
    outer loop
      vertex 49.055 20.6947 3
      vertex 48.7109 20.1908 2.51
      vertex 49.1971 20.4716 3
    endloop
  endfacet
  facet normal -0.554876 -0.353438 0.753123
    outer loop
      vertex 48.7109 20.1908 2.51
      vertex 49.055 20.6947 3
      vertex 48.4707 20.5679 2.51
    endloop
  endfacet
  facet normal 0.197787 0.627461 0.753109
    outer loop
      vertex 42.5484 12.2152 3
      vertex 42.5196 12.8124 2.51
      vertex 42.3276 12.2848 3
    endloop
  endfacet
  facet normal 0.554876 -0.353439 0.753123
    outer loop
      vertex 40.0743 20.5679 2.51
      vertex 39.6144 20.89 3
      vertex 39.49 20.6947 3
    endloop
  endfacet
  facet normal -0.251792 0.607773 0.753135
    outer loop
      vertex 46.0254 12.8124 2.51
      vertex 46.4618 12.386 3
      vertex 46.4384 12.9835 2.51
    endloop
  endfacet
  facet normal -0.251693 0.607845 0.75311
    outer loop
      vertex 46.4618 12.386 3
      vertex 46.0254 12.8124 2.51
      vertex 46.2174 12.2848 3
    endloop
  endfacet
  facet normal -0.0860311 -0.652195 0.753153
    outer loop
      vertex 44.7192 22.7338 2.51
      vertex 45.0304 23.2586 3
      vertex 44.7681 23.2932 3
    endloop
  endfacet
  facet normal -0.0858035 -0.652283 0.753103
    outer loop
      vertex 45.0304 23.2586 3
      vertex 44.7192 22.7338 2.51
      vertex 45.1624 22.6755 2.51
    endloop
  endfacet
  facet normal 0.554876 0.353439 0.753123
    outer loop
      vertex 39.6144 14.3667 3
      vertex 40.0743 14.6888 2.51
      vertex 39.49 14.562 3
    endloop
  endfacet
  facet normal 0.652226 0.0857893 0.753154
    outer loop
      vertex 38.6724 16.6409 3
      vertex 39.2254 16.7384 2.51
      vertex 38.6422 16.8705 3
    endloop
  endfacet
  facet normal 0.0857945 0.652287 0.753101
    outer loop
      vertex 43.8258 12.5228 2.51
      vertex 43.5146 11.998 3
      vertex 43.7769 11.9635 3
    endloop
  endfacet
  facet normal 0.0859436 0.652229 0.753134
    outer loop
      vertex 43.5146 11.998 3
      vertex 43.8258 12.5228 2.51
      vertex 43.3826 12.5812 2.51
    endloop
  endfacet
  facet normal -0.484934 0.444594 0.75311
    outer loop
      vertex 48.4721 13.8024 3
      vertex 48.6286 13.9731 3
      vertex 48.1985 14.334 2.51
    endloop
  endfacet
  facet normal -0.485008 0.444541 0.753094
    outer loop
      vertex 47.8964 14.0044 2.51
      vertex 48.4721 13.8024 3
      vertex 48.1985 14.334 2.51
    endloop
  endfacet
  facet normal -0.485035 0.444491 0.753106
    outer loop
      vertex 48.4721 13.8024 3
      vertex 47.8964 14.0044 2.51
      vertex 48.2934 13.6074 3
    endloop
  endfacet
  facet normal -0.607804 -0.25176 0.753121
    outer loop
      vertex 49.5148 19.8176 3
      vertex 49.4262 20.0315 3
      vertex 48.9173 19.7943 2.51
    endloop
  endfacet
  facet normal 0.657236 0.028699 0.753138
    outer loop
      vertex 38.5961 17.397 3
      vertex 39.1475 17.6283 2.51
      vertex 38.586 17.6283 3
    endloop
  endfacet
  facet normal 0.30383 -0.58353 0.753114
    outer loop
      vertex 41.6639 22.6751 3
      vertex 41.71 22.0667 2.51
      vertex 42.1066 22.2732 2.51
    endloop
  endfacet
  facet normal 0.303939 -0.583503 0.753091
    outer loop
      vertex 41.71 22.0667 2.51
      vertex 41.6639 22.6751 3
      vertex 41.4293 22.5529 3
    endloop
  endfacet
  facet normal 0.303736 -0.583606 0.753093
    outer loop
      vertex 42.1066 22.2732 2.51
      vertex 41.8693 22.782 3
      vertex 41.6639 22.6751 3
    endloop
  endfacet
  facet normal 0.642332 -0.142299 0.753101
    outer loop
      vertex 38.7297 18.874 3
      vertex 39.2254 18.5183 2.51
      vertex 39.3221 18.9548 2.51
    endloop
  endfacet
  facet normal 0.642222 -0.142523 0.753152
    outer loop
      vertex 39.2254 18.5183 2.51
      vertex 38.7297 18.874 3
      vertex 38.6724 18.6158 3
    endloop
  endfacet
  facet normal 0.583581 -0.303723 0.753117
    outer loop
      vertex 39.6277 19.7943 2.51
      vertex 39.2257 20.2369 3
      vertex 39.1188 20.0315 3
    endloop
  endfacet
  facet normal 0.521949 -0.400548 0.753081
    outer loop
      vertex 39.7755 21.0998 3
      vertex 40.0743 20.5679 2.51
      vertex 40.3465 20.9226 2.51
    endloop
  endfacet
  facet normal 0.521794 -0.400672 0.753122
    outer loop
      vertex 40.0743 20.5679 2.51
      vertex 39.7755 21.0998 3
      vertex 39.6144 20.89 3
    endloop
  endfacet
  facet normal -0.583562 0.303699 0.753142
    outer loop
      vertex 48.7109 15.0658 2.51
      vertex 49.3193 15.0197 3
      vertex 48.9173 15.4624 2.51
    endloop
  endfacet
  facet normal -0.583503 0.303939 0.753091
    outer loop
      vertex 49.3193 15.0197 3
      vertex 48.7109 15.0658 2.51
      vertex 49.1971 14.7851 3
    endloop
  endfacet
  facet normal -0.583554 0.303709 0.753144
    outer loop
      vertex 49.3193 15.0197 3
      vertex 49.4262 15.2251 3
      vertex 48.9173 15.4624 2.51
    endloop
  endfacet
  facet normal -0.607845 0.251693 0.75311
    outer loop
      vertex 49.0884 15.8755 2.51
      vertex 49.5148 15.4391 3
      vertex 49.616 15.6835 3
    endloop
  endfacet
  facet normal -0.607807 0.251745 0.753123
    outer loop
      vertex 49.5148 15.4391 3
      vertex 49.0884 15.8755 2.51
      vertex 48.9173 15.4624 2.51
    endloop
  endfacet
  facet normal -0.444491 -0.485035 0.753106
    outer loop
      vertex 48.0984 21.828 3
      vertex 47.8964 21.2523 2.51
      vertex 48.2934 21.6493 3
    endloop
  endfacet
  facet normal -0.444443 -0.485061 0.753117
    outer loop
      vertex 47.8964 21.2523 2.51
      vertex 48.0984 21.828 3
      vertex 47.5668 21.5543 2.51
    endloop
  endfacet
  facet normal -0.554876 -0.353439 0.753123
    outer loop
      vertex 49.055 20.6947 3
      vertex 48.9306 20.89 3
      vertex 48.4707 20.5679 2.51
    endloop
  endfacet
  facet normal -0.353427 0.554859 0.753141
    outer loop
      vertex 46.835 13.19 2.51
      vertex 47.3388 12.8458 3
      vertex 47.2121 13.4302 2.51
    endloop
  endfacet
  facet normal -0.353416 0.55487 0.753137
    outer loop
      vertex 47.3388 12.8458 3
      vertex 46.835 13.19 2.51
      vertex 47.1157 12.7037 3
    endloop
  endfacet
  facet normal 0.583554 0.303709 0.753144
    outer loop
      vertex 39.2257 15.0197 3
      vertex 39.6277 15.4624 2.51
      vertex 39.1188 15.2251 3
    endloop
  endfacet
  facet normal 0.485072 0.444436 0.753115
    outer loop
      vertex 40.0728 13.8024 3
      vertex 40.3465 14.334 2.51
      vertex 39.9164 13.9731 3
    endloop
  endfacet
  facet normal -0.400572 -0.52188 0.753116
    outer loop
      vertex 47.9277 21.9844 3
      vertex 47.744 22.1254 3
      vertex 47.5668 21.5543 2.51
    endloop
  endfacet
  facet normal 0.0286907 -0.657238 0.753137
    outer loop
      vertex 44.0412 23.3047 3
      vertex 43.8258 22.7338 2.51
      vertex 44.2725 22.7533 2.51
    endloop
  endfacet
  facet normal 0.0285964 -0.657219 0.753157
    outer loop
      vertex 43.8258 22.7338 2.51
      vertex 44.0412 23.3047 3
      vertex 43.7769 23.2932 3
    endloop
  endfacet
  facet normal -0.400415 -0.522032 0.753094
    outer loop
      vertex 47.2121 21.8265 2.51
      vertex 47.744 22.1254 3
      vertex 47.5341 22.2864 3
    endloop
  endfacet
  facet normal -0.400516 -0.521907 0.753127
    outer loop
      vertex 47.744 22.1254 3
      vertex 47.2121 21.8265 2.51
      vertex 47.5668 21.5543 2.51
    endloop
  endfacet
  facet normal 0.583531 -0.303824 0.753115
    outer loop
      vertex 39.2257 20.2369 3
      vertex 39.8341 20.1908 2.51
      vertex 39.3479 20.4716 3
    endloop
  endfacet
  facet normal 0.583545 -0.303767 0.753127
    outer loop
      vertex 39.8341 20.1908 2.51
      vertex 39.2257 20.2369 3
      vertex 39.6277 19.7943 2.51
    endloop
  endfacet
  facet normal 0.444443 0.485061 0.753117
    outer loop
      vertex 40.6486 14.0044 2.51
      vertex 40.4466 13.4287 3
      vertex 40.9782 13.7024 2.51
    endloop
  endfacet
  facet normal 0.444491 0.485035 0.753106
    outer loop
      vertex 40.4466 13.4287 3
      vertex 40.6486 14.0044 2.51
      vertex 40.2516 13.6074 3
    endloop
  endfacet
  facet normal 0.142313 0.642254 0.753165
    outer loop
      vertex 43.0268 12.0855 3
      vertex 42.9461 12.678 2.51
      vertex 42.8007 12.1356 3
    endloop
  endfacet
  facet normal 0.0286936 0.657304 0.753079
    outer loop
      vertex 43.8258 12.5228 2.51
      vertex 44.0412 11.952 3
      vertex 44.2725 12.5033 2.51
    endloop
  endfacet
  facet normal 0.0285993 0.657286 0.753099
    outer loop
      vertex 44.0412 11.952 3
      vertex 43.8258 12.5228 2.51
      vertex 43.7769 11.9635 3
    endloop
  endfacet
  facet normal -0.0285964 -0.657219 0.753157
    outer loop
      vertex 44.5038 23.3047 3
      vertex 44.7192 22.7338 2.51
      vertex 44.7681 23.2932 3
    endloop
  endfacet
  facet normal -0.0286907 -0.657238 0.753137
    outer loop
      vertex 44.7192 22.7338 2.51
      vertex 44.5038 23.3047 3
      vertex 44.2725 22.7533 2.51
    endloop
  endfacet
  facet normal -0.353458 -0.554906 0.753091
    outer loop
      vertex 47.5341 22.2864 3
      vertex 47.3388 22.4108 3
      vertex 47.2121 21.8265 2.51
    endloop
  endfacet
  facet normal 0.197787 -0.627461 0.753109
    outer loop
      vertex 42.5196 22.4443 2.51
      vertex 42.5484 23.0415 3
      vertex 42.3276 22.9719 3
    endloop
  endfacet
  facet normal 0.400572 -0.52188 0.753116
    outer loop
      vertex 40.9782 21.5543 2.51
      vertex 40.801 22.1254 3
      vertex 40.6173 21.9844 3
    endloop
  endfacet
  facet normal 0.554876 -0.353438 0.753123
    outer loop
      vertex 39.49 20.6947 3
      vertex 39.8341 20.1908 2.51
      vertex 40.0743 20.5679 2.51
    endloop
  endfacet
  facet normal 0.554888 -0.353427 0.75312
    outer loop
      vertex 39.8341 20.1908 2.51
      vertex 39.49 20.6947 3
      vertex 39.3479 20.4716 3
    endloop
  endfacet
  facet normal -0.142484 -0.642296 0.753097
    outer loop
      vertex 45.1624 22.6755 2.51
      vertex 45.5182 23.1711 3
      vertex 45.2599 23.2284 3
    endloop
  endfacet
  facet normal -0.142443 -0.642316 0.753087
    outer loop
      vertex 45.5182 23.1711 3
      vertex 45.1624 22.6755 2.51
      vertex 45.5989 22.5787 2.51
    endloop
  endfacet
  facet normal -0.400516 0.521907 0.753127
    outer loop
      vertex 47.2121 13.4302 2.51
      vertex 47.744 13.1313 3
      vertex 47.5668 13.7024 2.51
    endloop
  endfacet
  facet normal -0.400415 0.522032 0.753094
    outer loop
      vertex 47.744 13.1313 3
      vertex 47.2121 13.4302 2.51
      vertex 47.5341 12.9703 3
    endloop
  endfacet
  facet normal 0.142245 0.642342 0.753102
    outer loop
      vertex 43.3826 12.5812 2.51
      vertex 43.0268 12.0855 3
      vertex 43.2851 12.0283 3
    endloop
  endfacet
  facet normal 0.142428 0.642252 0.753144
    outer loop
      vertex 43.0268 12.0855 3
      vertex 43.3826 12.5812 2.51
      vertex 42.9461 12.678 2.51
    endloop
  endfacet
  facet normal 0.444436 -0.485072 0.753115
    outer loop
      vertex 40.9782 21.5543 2.51
      vertex 40.6173 21.9844 3
      vertex 40.4466 21.828 3
    endloop
  endfacet
  facet normal 0.485072 -0.444436 0.753115
    outer loop
      vertex 40.3465 20.9226 2.51
      vertex 40.0728 21.4542 3
      vertex 39.9164 21.2835 3
    endloop
  endfacet
  facet normal 0.142484 -0.642296 0.753097
    outer loop
      vertex 43.0268 23.1711 3
      vertex 43.3826 22.6755 2.51
      vertex 43.2851 23.2284 3
    endloop
  endfacet
  facet normal 0.142443 -0.642316 0.753087
    outer loop
      vertex 43.3826 22.6755 2.51
      vertex 43.0268 23.1711 3
      vertex 42.9461 22.5787 2.51
    endloop
  endfacet
  facet normal 0.0860311 -0.652195 0.753153
    outer loop
      vertex 43.5146 23.2586 3
      vertex 43.8258 22.7338 2.51
      vertex 43.7769 23.2932 3
    endloop
  endfacet
  facet normal 0.0858035 -0.652283 0.753103
    outer loop
      vertex 43.8258 22.7338 2.51
      vertex 43.5146 23.2586 3
      vertex 43.3826 22.6755 2.51
    endloop
  endfacet
  facet normal 0.251908 -0.607762 0.753105
    outer loop
      vertex 42.0832 22.8706 3
      vertex 42.5196 22.4443 2.51
      vertex 42.3276 22.9719 3
    endloop
  endfacet
  facet normal 0.251815 -0.60783 0.753082
    outer loop
      vertex 42.5196 22.4443 2.51
      vertex 42.0832 22.8706 3
      vertex 42.1066 22.2732 2.51
    endloop
  endfacet
  facet normal -0.522021 -0.400396 0.753111
    outer loop
      vertex 48.7695 21.0998 3
      vertex 48.6286 21.2835 3
      vertex 48.1985 20.9226 2.51
    endloop
  endfacet
  facet normal 0.642331 -0.14233 0.753095
    outer loop
      vertex 39.3221 18.9548 2.51
      vertex 38.7798 19.1001 3
      vertex 38.7297 18.874 3
    endloop
  endfacet
  facet normal 0.627388 0.197898 0.753141
    outer loop
      vertex 39.3221 16.3019 2.51
      vertex 38.8593 15.9043 3
      vertex 39.4566 15.8755 2.51
    endloop
  endfacet
  facet normal 0.627493 0.197724 0.753099
    outer loop
      vertex 38.8593 15.9043 3
      vertex 39.3221 16.3019 2.51
      vertex 38.7798 16.1566 3
    endloop
  endfacet
  facet normal -0.522021 0.400396 0.753111
    outer loop
      vertex 48.6286 13.9731 3
      vertex 48.7695 14.1568 3
      vertex 48.1985 14.334 2.51
    endloop
  endfacet
  facet normal 0.251792 0.607773 0.753135
    outer loop
      vertex 42.0832 12.386 3
      vertex 42.5196 12.8124 2.51
      vertex 42.1066 12.9835 2.51
    endloop
  endfacet
  facet normal 0.251693 0.607845 0.75311
    outer loop
      vertex 42.5196 12.8124 2.51
      vertex 42.0832 12.386 3
      vertex 42.3276 12.2848 3
    endloop
  endfacet
  facet normal -0.400572 0.52188 0.753116
    outer loop
      vertex 47.744 13.1313 3
      vertex 47.9277 13.2723 3
      vertex 47.5668 13.7024 2.51
    endloop
  endfacet
  facet normal 0.642318 0.142296 0.753114
    outer loop
      vertex 39.2254 16.7384 2.51
      vertex 38.7297 16.3826 3
      vertex 39.3221 16.3019 2.51
    endloop
  endfacet
  facet normal 0.642232 0.14247 0.753153
    outer loop
      vertex 38.7297 16.3826 3
      vertex 39.2254 16.7384 2.51
      vertex 38.6724 16.6409 3
    endloop
  endfacet
  facet normal 0.252014 0.607731 0.753095
    outer loop
      vertex 42.0832 12.386 3
      vertex 42.1066 12.9835 2.51
      vertex 41.8693 12.4747 3
    endloop
  endfacet
  facet normal -0.353446 -0.554918 0.753088
    outer loop
      vertex 46.835 22.0667 2.51
      vertex 47.3388 22.4108 3
      vertex 47.1157 22.5529 3
    endloop
  endfacet
  facet normal -0.353457 -0.554907 0.753092
    outer loop
      vertex 47.3388 22.4108 3
      vertex 46.835 22.0667 2.51
      vertex 47.2121 21.8265 2.51
    endloop
  endfacet
  facet normal 0.30383 0.58353 0.753114
    outer loop
      vertex 41.71 13.19 2.51
      vertex 41.6639 12.5816 3
      vertex 42.1066 12.9835 2.51
    endloop
  endfacet
  facet normal 0.303718 0.583557 0.753138
    outer loop
      vertex 41.6639 12.5816 3
      vertex 41.71 13.19 2.51
      vertex 41.4293 12.7037 3
    endloop
  endfacet
  facet normal 0.657268 -0.0288581 0.753104
    outer loop
      vertex 38.5961 17.8597 3
      vertex 39.167 18.075 2.51
      vertex 38.6077 18.1239 3
    endloop
  endfacet
  facet normal 0.657235 -0.0286906 0.753139
    outer loop
      vertex 39.167 18.075 2.51
      vertex 38.5961 17.8597 3
      vertex 39.1475 17.6283 2.51
    endloop
  endfacet
  facet normal 0.142327 -0.642317 0.753108
    outer loop
      vertex 42.9461 22.5787 2.51
      vertex 43.0268 23.1711 3
      vertex 42.8007 23.121 3
    endloop
  endfacet
  facet normal 0.353427 0.554859 0.753141
    outer loop
      vertex 41.2062 12.8458 3
      vertex 41.71 13.19 2.51
      vertex 41.3329 13.4302 2.51
    endloop
  endfacet
  facet normal 0.353416 0.55487 0.753137
    outer loop
      vertex 41.71 13.19 2.51
      vertex 41.2062 12.8458 3
      vertex 41.4293 12.7037 3
    endloop
  endfacet
  facet normal -0.197718 -0.627474 0.753117
    outer loop
      vertex 45.5989 22.5787 2.51
      vertex 45.9966 23.0415 3
      vertex 45.7443 23.121 3
    endloop
  endfacet
  facet normal -0.197729 -0.627467 0.753119
    outer loop
      vertex 45.9966 23.0415 3
      vertex 45.5989 22.5787 2.51
      vertex 46.0254 22.4443 2.51
    endloop
  endfacet
  facet normal 0.627373 -0.198043 0.753115
    outer loop
      vertex 39.4566 19.3812 2.51
      vertex 38.929 19.5732 3
      vertex 38.8593 19.3524 3
    endloop
  endfacet
  facet normal 0.607804 -0.25176 0.753121
    outer loop
      vertex 39.6277 19.7943 2.51
      vertex 39.1188 20.0315 3
      vertex 39.0302 19.8176 3
    endloop
  endfacet
  facet normal 0.251774 -0.607838 0.753089
    outer loop
      vertex 42.1066 22.2732 2.51
      vertex 42.0832 22.8706 3
      vertex 41.8693 22.782 3
    endloop
  endfacet
  facet normal -0.444436 -0.485072 0.753115
    outer loop
      vertex 48.0984 21.828 3
      vertex 47.9277 21.9844 3
      vertex 47.5668 21.5543 2.51
    endloop
  endfacet
  facet normal 0.353458 -0.554906 0.753091
    outer loop
      vertex 41.3329 21.8265 2.51
      vertex 41.2062 22.4108 3
      vertex 41.0109 22.2864 3
    endloop
  endfacet
  facet normal 0.353446 -0.554918 0.753088
    outer loop
      vertex 41.2062 22.4108 3
      vertex 41.71 22.0667 2.51
      vertex 41.4293 22.5529 3
    endloop
  endfacet
  facet normal 0.353457 -0.554907 0.753092
    outer loop
      vertex 41.71 22.0667 2.51
      vertex 41.2062 22.4108 3
      vertex 41.3329 21.8265 2.51
    endloop
  endfacet
  facet normal -0.303736 -0.583606 0.753093
    outer loop
      vertex 46.8811 22.6751 3
      vertex 46.6757 22.782 3
      vertex 46.4384 22.2732 2.51
    endloop
  endfacet
  facet normal 0.657236 -0.0286866 0.753139
    outer loop
      vertex 39.1475 17.6283 2.51
      vertex 38.5961 17.8597 3
      vertex 38.586 17.6283 3
    endloop
  endfacet
  facet normal -0.251774 -0.607838 0.753089
    outer loop
      vertex 46.6757 22.782 3
      vertex 46.4618 22.8706 3
      vertex 46.4384 22.2732 2.51
    endloop
  endfacet
  facet normal 0.607807 -0.251745 0.753123
    outer loop
      vertex 39.0302 19.8176 3
      vertex 39.4566 19.3812 2.51
      vertex 39.6277 19.7943 2.51
    endloop
  endfacet
  facet normal 0.607845 -0.251693 0.75311
    outer loop
      vertex 39.4566 19.3812 2.51
      vertex 39.0302 19.8176 3
      vertex 38.929 19.5732 3
    endloop
  endfacet
  facet normal 0.583562 0.303699 0.753142
    outer loop
      vertex 39.2257 15.0197 3
      vertex 39.8341 15.0658 2.51
      vertex 39.6277 15.4624 2.51
    endloop
  endfacet
  facet normal 0.583503 0.303939 0.753091
    outer loop
      vertex 39.8341 15.0658 2.51
      vertex 39.2257 15.0197 3
      vertex 39.3479 14.7851 3
    endloop
  endfacet
  facet normal -0.554918 0.353446 0.753088
    outer loop
      vertex 48.7109 15.0658 2.51
      vertex 49.055 14.562 3
      vertex 49.1971 14.7851 3
    endloop
  endfacet
  facet normal -0.554848 0.353513 0.753108
    outer loop
      vertex 49.055 14.562 3
      vertex 48.7109 15.0658 2.51
      vertex 48.4707 14.6888 2.51
    endloop
  endfacet
  facet normal -0.521883 0.40055 0.753125
    outer loop
      vertex 48.4707 14.6888 2.51
      vertex 48.7695 14.1568 3
      vertex 48.9306 14.3667 3
    endloop
  endfacet
  facet normal -0.521988 0.400466 0.753097
    outer loop
      vertex 48.7695 14.1568 3
      vertex 48.4707 14.6888 2.51
      vertex 48.1985 14.334 2.51
    endloop
  endfacet
  facet normal 0.028699 -0.657236 0.753138
    outer loop
      vertex 44.2725 22.7533 2.51
      vertex 44.2725 23.3148 3
      vertex 44.0412 23.3047 3
    endloop
  endfacet
  facet normal -0.0858346 -0.652286 0.753097
    outer loop
      vertex 45.1624 22.6755 2.51
      vertex 45.2599 23.2284 3
      vertex 45.0304 23.2586 3
    endloop
  endfacet
  facet normal -0.521794 -0.400672 0.753122
    outer loop
      vertex 48.7695 21.0998 3
      vertex 48.4707 20.5679 2.51
      vertex 48.9306 20.89 3
    endloop
  endfacet
  facet normal -0.521949 -0.400548 0.753081
    outer loop
      vertex 48.4707 20.5679 2.51
      vertex 48.7695 21.0998 3
      vertex 48.1985 20.9226 2.51
    endloop
  endfacet
  facet normal 0.652236 -0.0859251 0.75313
    outer loop
      vertex 38.6422 18.3862 3
      vertex 39.167 18.075 2.51
      vertex 39.2254 18.5183 2.51
    endloop
  endfacet
  facet normal 0.652287 -0.0857945 0.753101
    outer loop
      vertex 39.167 18.075 2.51
      vertex 38.6422 18.3862 3
      vertex 38.6077 18.1239 3
    endloop
  endfacet
  facet normal -0.028699 -0.657236 0.753138
    outer loop
      vertex 44.5038 23.3047 3
      vertex 44.2725 23.3148 3
      vertex 44.2725 22.7533 2.51
    endloop
  endfacet
  facet normal -0.583531 -0.303824 0.753115
    outer loop
      vertex 48.7109 20.1908 2.51
      vertex 49.3193 20.2369 3
      vertex 49.1971 20.4716 3
    endloop
  endfacet
  facet normal -0.583545 -0.303767 0.753127
    outer loop
      vertex 49.3193 20.2369 3
      vertex 48.7109 20.1908 2.51
      vertex 48.9173 19.7943 2.51
    endloop
  endfacet
  facet normal -0.484934 -0.444594 0.75311
    outer loop
      vertex 48.6286 21.2835 3
      vertex 48.4721 21.4542 3
      vertex 48.1985 20.9226 2.51
    endloop
  endfacet
  facet normal -0.642331 -0.14233 0.753095
    outer loop
      vertex 49.8153 18.874 3
      vertex 49.7652 19.1001 3
      vertex 49.2229 18.9548 2.51
    endloop
  endfacet
  facet normal -0.251908 -0.607762 0.753105
    outer loop
      vertex 46.0254 22.4443 2.51
      vertex 46.4618 22.8706 3
      vertex 46.2174 22.9719 3
    endloop
  endfacet
  facet normal -0.251815 -0.60783 0.753082
    outer loop
      vertex 46.4618 22.8706 3
      vertex 46.0254 22.4443 2.51
      vertex 46.4384 22.2732 2.51
    endloop
  endfacet
  facet normal -0.197787 -0.627461 0.753109
    outer loop
      vertex 46.0254 22.4443 2.51
      vertex 46.2174 22.9719 3
      vertex 45.9966 23.0415 3
    endloop
  endfacet
  facet normal 0.657236 0.0286971 0.753138
    outer loop
      vertex 38.5961 17.397 3
      vertex 39.167 17.1817 2.51
      vertex 39.1475 17.6283 2.51
    endloop
  endfacet
  facet normal 0.657266 0.0288471 0.753107
    outer loop
      vertex 39.167 17.1817 2.51
      vertex 38.5961 17.397 3
      vertex 38.6077 17.1327 3
    endloop
  endfacet
  facet normal -0.642222 -0.142523 0.753152
    outer loop
      vertex 49.8153 18.874 3
      vertex 49.3196 18.5183 2.51
      vertex 49.8726 18.6158 3
    endloop
  endfacet
  facet normal -0.642332 -0.142299 0.753101
    outer loop
      vertex 49.3196 18.5183 2.51
      vertex 49.8153 18.874 3
      vertex 49.2229 18.9548 2.51
    endloop
  endfacet
  facet normal -0.485152 -0.44437 0.753102
    outer loop
      vertex 47.8964 21.2523 2.51
      vertex 48.4721 21.4542 3
      vertex 48.2934 21.6493 3
    endloop
  endfacet
  facet normal -0.48509 -0.444482 0.753076
    outer loop
      vertex 48.4721 21.4542 3
      vertex 47.8964 21.2523 2.51
      vertex 48.1985 20.9226 2.51
    endloop
  endfacet
  facet normal -0.583581 -0.303723 0.753117
    outer loop
      vertex 49.4262 20.0315 3
      vertex 49.3193 20.2369 3
      vertex 48.9173 19.7943 2.51
    endloop
  endfacet
  facet normal -0.627427 -0.197952 0.753094
    outer loop
      vertex 49.6856 19.3524 3
      vertex 49.2229 18.9548 2.51
      vertex 49.7652 19.1001 3
    endloop
  endfacet
  facet normal -0.627448 -0.197917 0.753086
    outer loop
      vertex 49.2229 18.9548 2.51
      vertex 49.6856 19.3524 3
      vertex 49.0884 19.3812 2.51
    endloop
  endfacet
  facet normal -0.652226 -0.0857893 0.753154
    outer loop
      vertex 49.9028 18.3862 3
      vertex 49.8726 18.6158 3
      vertex 49.3196 18.5183 2.51
    endloop
  endfacet
  facet normal -0.652287 -0.0857945 0.753101
    outer loop
      vertex 49.9028 18.3862 3
      vertex 49.378 18.075 2.51
      vertex 49.9373 18.1239 3
    endloop
  endfacet
  facet normal -0.652236 -0.0859251 0.75313
    outer loop
      vertex 49.378 18.075 2.51
      vertex 49.9028 18.3862 3
      vertex 49.3196 18.5183 2.51
    endloop
  endfacet
  facet normal 0 -0.923399 -0.383841
    outer loop
      vertex -112.545 -39.4844 6.02883
      vertex -102.545 -39.4932 6.05
      vertex -112.545 -39.4932 6.05
    endloop
  endfacet
  facet normal 0 -0.923399 -0.383841
    outer loop
      vertex -102.545 -39.4932 6.05
      vertex -112.545 -39.4844 6.02883
      vertex -102.545 -39.4844 6.02883
    endloop
  endfacet
  facet normal 0 -0.976356 0.216167
    outer loop
      vertex -112.545 -39.4477 5.18765
      vertex -102.545 -39.4213 5.30689
      vertex -112.545 -39.4213 5.30689
    endloop
  endfacet
  facet normal 0 -0.976356 0.216167
    outer loop
      vertex -102.545 -39.4213 5.30689
      vertex -112.545 -39.4477 5.18765
      vertex -102.545 -39.4477 5.18765
    endloop
  endfacet
  facet normal 0 0.953778 0.300512
    outer loop
      vertex -102.545 -42.1156 5.07117
      vertex -112.545 -42.1523 5.18765
      vertex -102.545 -42.1523 5.18765
    endloop
  endfacet
  facet normal 0 0.953778 0.300512
    outer loop
      vertex -112.545 -42.1523 5.18765
      vertex -102.545 -42.1156 5.07117
      vertex -112.545 -42.1156 5.07117
    endloop
  endfacet
  facet normal 0 0.843483 0.537156
    outer loop
      vertex -102.545 -41.9468 4.74699
      vertex -112.545 -42.0124 4.85
      vertex -102.545 -42.0124 4.85
    endloop
  endfacet
  facet normal 0 0.843483 0.537156
    outer loop
      vertex -112.545 -42.0124 4.85
      vertex -102.545 -41.9468 4.74699
      vertex -112.545 -41.9468 4.74699
    endloop
  endfacet
  facet normal 0 -0.46183 0.886969
    outer loop
      vertex -112.545 -40.1 4.33756
      vertex -102.545 -40.2083 4.28117
      vertex -102.545 -40.1 4.33756
    endloop
  endfacet
  facet normal 0 -0.46183 0.886969
    outer loop
      vertex -102.545 -40.2083 4.28117
      vertex -112.545 -40.1 4.33756
      vertex -112.545 -40.2083 4.28117
    endloop
  endfacet
  facet normal 0 -0.976356 -0.216167
    outer loop
      vertex -112.545 -39.4213 5.79311
      vertex -102.545 -39.4477 5.91235
      vertex -112.545 -39.4477 5.91235
    endloop
  endfacet
  facet normal 0 -0.976356 -0.216167
    outer loop
      vertex -102.545 -39.4477 5.91235
      vertex -112.545 -39.4213 5.79311
      vertex -102.545 -39.4213 5.79311
    endloop
  endfacet
  facet normal 0 0.953778 -0.300512
    outer loop
      vertex -102.545 -42.1523 5.91235
      vertex -112.545 -42.1156 6.02883
      vertex -102.545 -42.1156 6.02883
    endloop
  endfacet
  facet normal 0 0.953778 -0.300512
    outer loop
      vertex -112.545 -42.1156 6.02883
      vertex -102.545 -42.1523 5.91235
      vertex -112.545 -42.1523 5.91235
    endloop
  endfacet
  facet normal 0 0.991383 -0.130995
    outer loop
      vertex -102.545 -42.1947 5.67202
      vertex -112.545 -42.1787 5.79311
      vertex -102.545 -42.1787 5.79311
    endloop
  endfacet
  facet normal 0 0.991383 -0.130995
    outer loop
      vertex -112.545 -42.1787 5.79311
      vertex -102.545 -42.1947 5.67202
      vertex -112.545 -42.1947 5.67202
    endloop
  endfacet
  facet normal 0 0.923399 -0.383841
    outer loop
      vertex -102.545 -42.1156 6.02883
      vertex -112.545 -42.1068 6.05
      vertex -102.545 -42.1068 6.05
    endloop
  endfacet
  facet normal 0 0.923399 -0.383841
    outer loop
      vertex -112.545 -42.1068 6.05
      vertex -102.545 -42.1156 6.02883
      vertex -112.545 -42.1156 6.02883
    endloop
  endfacet
  facet normal 0 -0.793536 0.608523
    outer loop
      vertex -112.545 -39.7275 4.6501
      vertex -102.545 -39.6532 4.74699
      vertex -112.545 -39.6532 4.74699
    endloop
  endfacet
  facet normal 0 -0.793536 0.608523
    outer loop
      vertex -102.545 -39.6532 4.74699
      vertex -112.545 -39.7275 4.6501
      vertex -102.545 -39.7275 4.6501
    endloop
  endfacet
  facet normal 0 -0.736933 0.675965
    outer loop
      vertex -112.545 -39.8101 4.56005
      vertex -102.545 -39.7275 4.6501
      vertex -112.545 -39.7275 4.6501
    endloop
  endfacet
  facet normal 0 -0.736933 0.675965
    outer loop
      vertex -102.545 -39.7275 4.6501
      vertex -112.545 -39.8101 4.56005
      vertex -102.545 -39.8101 4.56005
    endloop
  endfacet
  facet normal 0 -0.537368 0.843348
    outer loop
      vertex -112.545 -39.997 4.40319
      vertex -102.545 -40.1 4.33756
      vertex -102.545 -39.997 4.40319
    endloop
  endfacet
  facet normal 0 -0.537368 0.843348
    outer loop
      vertex -102.545 -40.1 4.33756
      vertex -112.545 -39.997 4.40319
      vertex -112.545 -40.1 4.33756
    endloop
  endfacet
  facet normal 0 -0.886987 0.461794
    outer loop
      vertex -112.545 -39.5876 4.85
      vertex -102.545 -39.5312 4.95833
      vertex -112.545 -39.5312 4.95833
    endloop
  endfacet
  facet normal 0 -0.886987 0.461794
    outer loop
      vertex -102.545 -39.5312 4.95833
      vertex -112.545 -39.5876 4.85
      vertex -102.545 -39.5876 4.85
    endloop
  endfacet
  facet normal 0 0.923705 0.383104
    outer loop
      vertex -102.545 -42.0688 4.95833
      vertex -112.545 -42.1156 5.07117
      vertex -102.545 -42.1156 5.07117
    endloop
  endfacet
  facet normal 0 0.923705 0.383104
    outer loop
      vertex -112.545 -42.1156 5.07117
      vertex -102.545 -42.0688 4.95833
      vertex -112.545 -42.0688 4.95833
    endloop
  endfacet
  facet normal 0 -0.999058 0.0433946
    outer loop
      vertex -112.545 -39.4053 5.42798
      vertex -102.545 -39.4 5.55
      vertex -112.545 -39.4 5.55
    endloop
  endfacet
  facet normal 0 -0.999058 0.0433946
    outer loop
      vertex -102.545 -39.4 5.55
      vertex -112.545 -39.4053 5.42798
      vertex -102.545 -39.4053 5.42798
    endloop
  endfacet
  facet normal 0 -0.923705 0.383104
    outer loop
      vertex -112.545 -39.5312 4.95833
      vertex -102.545 -39.4844 5.07117
      vertex -112.545 -39.4844 5.07117
    endloop
  endfacet
  facet normal 0 -0.923705 0.383104
    outer loop
      vertex -102.545 -39.4844 5.07117
      vertex -112.545 -39.5312 4.95833
      vertex -102.545 -39.5312 4.95833
    endloop
  endfacet
  facet normal 0 -0.0436469 0.999047
    outer loop
      vertex -112.545 -40.678 4.15533
      vertex -102.545 -40.8 4.15
      vertex -102.545 -40.678 4.15533
    endloop
  endfacet
  facet normal 0 -0.0436469 0.999047
    outer loop
      vertex -102.545 -40.8 4.15
      vertex -112.545 -40.678 4.15533
      vertex -112.545 -40.8 4.15
    endloop
  endfacet
  facet normal 0 -0.130501 0.991448
    outer loop
      vertex -112.545 -40.5569 4.17127
      vertex -102.545 -40.678 4.15533
      vertex -102.545 -40.5569 4.17127
    endloop
  endfacet
  facet normal 0 -0.130501 0.991448
    outer loop
      vertex -102.545 -40.678 4.15533
      vertex -112.545 -40.5569 4.17127
      vertex -112.545 -40.678 4.15533
    endloop
  endfacet
  facet normal 0 -0.953778 0.300512
    outer loop
      vertex -112.545 -39.4844 5.07117
      vertex -102.545 -39.4477 5.18765
      vertex -112.545 -39.4477 5.18765
    endloop
  endfacet
  facet normal 0 -0.953778 0.300512
    outer loop
      vertex -102.545 -39.4477 5.18765
      vertex -112.545 -39.4844 5.07117
      vertex -102.545 -39.4844 5.07117
    endloop
  endfacet
  facet normal -0 0.675769 0.737113
    outer loop
      vertex -112.545 -41.6999 4.47754
      vertex -102.545 -41.7899 4.56005
      vertex -102.545 -41.6999 4.47754
    endloop
  endfacet
  facet normal 0 0.675769 0.737113
    outer loop
      vertex -102.545 -41.7899 4.56005
      vertex -112.545 -41.6999 4.47754
      vertex -112.545 -41.7899 4.56005
    endloop
  endfacet
  facet normal 0 -0.991383 -0.130995
    outer loop
      vertex -112.545 -39.4053 5.67202
      vertex -102.545 -39.4213 5.79311
      vertex -112.545 -39.4213 5.79311
    endloop
  endfacet
  facet normal 0 -0.991383 -0.130995
    outer loop
      vertex -102.545 -39.4213 5.79311
      vertex -112.545 -39.4053 5.67202
      vertex -102.545 -39.4053 5.67202
    endloop
  endfacet
  facet normal -0 0.130501 0.991448
    outer loop
      vertex -112.545 -40.922 4.15533
      vertex -102.545 -41.0431 4.17127
      vertex -102.545 -40.922 4.15533
    endloop
  endfacet
  facet normal 0 0.130501 0.991448
    outer loop
      vertex -102.545 -41.0431 4.17127
      vertex -112.545 -40.922 4.15533
      vertex -112.545 -41.0431 4.17127
    endloop
  endfacet
  facet normal -0 0.216471 0.976289
    outer loop
      vertex -112.545 -41.0431 4.17127
      vertex -102.545 -41.1623 4.1977
      vertex -102.545 -41.0431 4.17127
    endloop
  endfacet
  facet normal 0 0.216471 0.976289
    outer loop
      vertex -102.545 -41.1623 4.1977
      vertex -112.545 -41.0431 4.17127
      vertex -112.545 -41.1623 4.1977
    endloop
  endfacet
  facet normal 0 0.886987 0.461794
    outer loop
      vertex -102.545 -42.0124 4.85
      vertex -112.545 -42.0688 4.95833
      vertex -102.545 -42.0688 4.95833
    endloop
  endfacet
  facet normal 0 0.886987 0.461794
    outer loop
      vertex -112.545 -42.0688 4.95833
      vertex -102.545 -42.0124 4.85
      vertex -112.545 -42.0124 4.85
    endloop
  endfacet
  facet normal -0 0.382511 0.923951
    outer loop
      vertex -112.545 -41.2788 4.23443
      vertex -102.545 -41.3917 4.28117
      vertex -102.545 -41.2788 4.23443
    endloop
  endfacet
  facet normal 0 0.382511 0.923951
    outer loop
      vertex -102.545 -41.3917 4.28117
      vertex -112.545 -41.2788 4.23443
      vertex -112.545 -41.3917 4.28117
    endloop
  endfacet
  facet normal -0 0.608741 0.793369
    outer loop
      vertex -112.545 -41.603 4.40319
      vertex -102.545 -41.6999 4.47754
      vertex -102.545 -41.603 4.40319
    endloop
  endfacet
  facet normal 0 0.608741 0.793369
    outer loop
      vertex -102.545 -41.6999 4.47754
      vertex -112.545 -41.603 4.40319
      vertex -112.545 -41.6999 4.47754
    endloop
  endfacet
  facet normal -0 0.300689 0.953722
    outer loop
      vertex -112.545 -41.1623 4.1977
      vertex -102.545 -41.2788 4.23443
      vertex -102.545 -41.1623 4.1977
    endloop
  endfacet
  facet normal 0 0.300689 0.953722
    outer loop
      vertex -102.545 -41.2788 4.23443
      vertex -112.545 -41.1623 4.1977
      vertex -112.545 -41.2788 4.23443
    endloop
  endfacet
  facet normal 0 -0.991383 0.130995
    outer loop
      vertex -112.545 -39.4213 5.30689
      vertex -102.545 -39.4053 5.42798
      vertex -112.545 -39.4053 5.42798
    endloop
  endfacet
  facet normal 0 -0.991383 0.130995
    outer loop
      vertex -102.545 -39.4053 5.42798
      vertex -112.545 -39.4213 5.30689
      vertex -102.545 -39.4213 5.30689
    endloop
  endfacet
  facet normal 0 -0.843483 0.537156
    outer loop
      vertex -112.545 -39.6532 4.74699
      vertex -102.545 -39.5876 4.85
      vertex -112.545 -39.5876 4.85
    endloop
  endfacet
  facet normal 0 -0.843483 0.537156
    outer loop
      vertex -102.545 -39.5876 4.85
      vertex -112.545 -39.6532 4.74699
      vertex -102.545 -39.6532 4.74699
    endloop
  endfacet
  facet normal -0 0.537368 0.843348
    outer loop
      vertex -112.545 -41.5 4.33756
      vertex -102.545 -41.603 4.40319
      vertex -102.545 -41.5 4.33756
    endloop
  endfacet
  facet normal 0 0.537368 0.843348
    outer loop
      vertex -102.545 -41.603 4.40319
      vertex -112.545 -41.5 4.33756
      vertex -112.545 -41.603 4.40319
    endloop
  endfacet
  facet normal 0 -0.675769 0.737113
    outer loop
      vertex -112.545 -39.8101 4.56005
      vertex -102.545 -39.9001 4.47754
      vertex -102.545 -39.8101 4.56005
    endloop
  endfacet
  facet normal 0 -0.675769 0.737113
    outer loop
      vertex -102.545 -39.9001 4.47754
      vertex -112.545 -39.8101 4.56005
      vertex -112.545 -39.9001 4.47754
    endloop
  endfacet
  facet normal -0 0.46183 0.886969
    outer loop
      vertex -112.545 -41.3917 4.28117
      vertex -102.545 -41.5 4.33756
      vertex -102.545 -41.3917 4.28117
    endloop
  endfacet
  facet normal 0 0.46183 0.886969
    outer loop
      vertex -102.545 -41.5 4.33756
      vertex -112.545 -41.3917 4.28117
      vertex -112.545 -41.5 4.33756
    endloop
  endfacet
  facet normal 0 -0.216471 0.976289
    outer loop
      vertex -112.545 -40.4377 4.1977
      vertex -102.545 -40.5569 4.17127
      vertex -102.545 -40.4377 4.1977
    endloop
  endfacet
  facet normal 0 -0.216471 0.976289
    outer loop
      vertex -102.545 -40.5569 4.17127
      vertex -112.545 -40.4377 4.1977
      vertex -112.545 -40.5569 4.17127
    endloop
  endfacet
  facet normal 0 -0.999058 -0.0433946
    outer loop
      vertex -112.545 -39.4 5.55
      vertex -102.545 -39.4053 5.67202
      vertex -112.545 -39.4053 5.67202
    endloop
  endfacet
  facet normal 0 -0.999058 -0.0433946
    outer loop
      vertex -102.545 -39.4053 5.67202
      vertex -112.545 -39.4 5.55
      vertex -102.545 -39.4 5.55
    endloop
  endfacet
  facet normal 0 0.999058 0.0433946
    outer loop
      vertex -102.545 -42.1947 5.42798
      vertex -112.545 -42.2 5.55
      vertex -102.545 -42.2 5.55
    endloop
  endfacet
  facet normal 0 0.999058 0.0433946
    outer loop
      vertex -112.545 -42.2 5.55
      vertex -102.545 -42.1947 5.42798
      vertex -112.545 -42.1947 5.42798
    endloop
  endfacet
  facet normal 0 0.999058 -0.0433946
    outer loop
      vertex -102.545 -42.2 5.55
      vertex -112.545 -42.1947 5.67202
      vertex -102.545 -42.1947 5.67202
    endloop
  endfacet
  facet normal 0 0.999058 -0.0433946
    outer loop
      vertex -112.545 -42.1947 5.67202
      vertex -102.545 -42.2 5.55
      vertex -112.545 -42.2 5.55
    endloop
  endfacet
  facet normal 0 -0.953778 -0.300512
    outer loop
      vertex -112.545 -39.4477 5.91235
      vertex -102.545 -39.4844 6.02883
      vertex -112.545 -39.4844 6.02883
    endloop
  endfacet
  facet normal 0 -0.953778 -0.300512
    outer loop
      vertex -102.545 -39.4844 6.02883
      vertex -112.545 -39.4477 5.91235
      vertex -102.545 -39.4477 5.91235
    endloop
  endfacet
  facet normal 0 0.976356 -0.216167
    outer loop
      vertex -102.545 -42.1787 5.79311
      vertex -112.545 -42.1523 5.91235
      vertex -102.545 -42.1523 5.91235
    endloop
  endfacet
  facet normal 0 0.976356 -0.216167
    outer loop
      vertex -112.545 -42.1523 5.91235
      vertex -102.545 -42.1787 5.79311
      vertex -112.545 -42.1787 5.79311
    endloop
  endfacet
  facet normal 0 -0.382511 0.923951
    outer loop
      vertex -112.545 -40.2083 4.28117
      vertex -102.545 -40.3212 4.23443
      vertex -102.545 -40.2083 4.28117
    endloop
  endfacet
  facet normal 0 -0.382511 0.923951
    outer loop
      vertex -102.545 -40.3212 4.23443
      vertex -112.545 -40.2083 4.28117
      vertex -112.545 -40.3212 4.23443
    endloop
  endfacet
  facet normal 0 0.736933 0.675965
    outer loop
      vertex -102.545 -41.7899 4.56005
      vertex -112.545 -41.8725 4.6501
      vertex -102.545 -41.8725 4.6501
    endloop
  endfacet
  facet normal 0 0.736933 0.675965
    outer loop
      vertex -112.545 -41.8725 4.6501
      vertex -102.545 -41.7899 4.56005
      vertex -112.545 -41.7899 4.56005
    endloop
  endfacet
  facet normal -0 0.0436469 0.999047
    outer loop
      vertex -112.545 -40.8 4.15
      vertex -102.545 -40.922 4.15533
      vertex -102.545 -40.8 4.15
    endloop
  endfacet
  facet normal 0 0.0436469 0.999047
    outer loop
      vertex -102.545 -40.922 4.15533
      vertex -112.545 -40.8 4.15
      vertex -112.545 -40.922 4.15533
    endloop
  endfacet
  facet normal 0 -0.300689 0.953722
    outer loop
      vertex -112.545 -40.3212 4.23443
      vertex -102.545 -40.4377 4.1977
      vertex -102.545 -40.3212 4.23443
    endloop
  endfacet
  facet normal 0 -0.300689 0.953722
    outer loop
      vertex -102.545 -40.4377 4.1977
      vertex -112.545 -40.3212 4.23443
      vertex -112.545 -40.4377 4.1977
    endloop
  endfacet
  facet normal 0 0.793536 0.608523
    outer loop
      vertex -102.545 -41.8725 4.6501
      vertex -112.545 -41.9468 4.74699
      vertex -102.545 -41.9468 4.74699
    endloop
  endfacet
  facet normal 0 0.793536 0.608523
    outer loop
      vertex -112.545 -41.9468 4.74699
      vertex -102.545 -41.8725 4.6501
      vertex -112.545 -41.8725 4.6501
    endloop
  endfacet
  facet normal 0 -0.608741 0.793369
    outer loop
      vertex -112.545 -39.9001 4.47754
      vertex -102.545 -39.997 4.40319
      vertex -102.545 -39.9001 4.47754
    endloop
  endfacet
  facet normal 0 -0.608741 0.793369
    outer loop
      vertex -102.545 -39.997 4.40319
      vertex -112.545 -39.9001 4.47754
      vertex -112.545 -39.997 4.40319
    endloop
  endfacet
  facet normal 0 0.976356 0.216167
    outer loop
      vertex -102.545 -42.1523 5.18765
      vertex -112.545 -42.1787 5.30689
      vertex -102.545 -42.1787 5.30689
    endloop
  endfacet
  facet normal 0 0.976356 0.216167
    outer loop
      vertex -112.545 -42.1787 5.30689
      vertex -102.545 -42.1523 5.18765
      vertex -112.545 -42.1523 5.18765
    endloop
  endfacet
  facet normal 0 0.991383 0.130995
    outer loop
      vertex -102.545 -42.1787 5.30689
      vertex -112.545 -42.1947 5.42798
      vertex -102.545 -42.1947 5.42798
    endloop
  endfacet
  facet normal 0 0.991383 0.130995
    outer loop
      vertex -112.545 -42.1947 5.42798
      vertex -102.545 -42.1787 5.30689
      vertex -112.545 -42.1787 5.30689
    endloop
  endfacet
  facet normal 0 -0.300689 0.953722
    outer loop
      vertex -112.545 41.2788 4.23443
      vertex -102.545 41.1623 4.1977
      vertex -102.545 41.2788 4.23443
    endloop
  endfacet
  facet normal 0 -0.300689 0.953722
    outer loop
      vertex -102.545 41.1623 4.1977
      vertex -112.545 41.2788 4.23443
      vertex -112.545 41.1623 4.1977
    endloop
  endfacet
  facet normal 0 0.976356 -0.216167
    outer loop
      vertex -102.545 39.4213 5.79311
      vertex -112.545 39.4477 5.91235
      vertex -102.545 39.4477 5.91235
    endloop
  endfacet
  facet normal 0 0.976356 -0.216167
    outer loop
      vertex -112.545 39.4477 5.91235
      vertex -102.545 39.4213 5.79311
      vertex -112.545 39.4213 5.79311
    endloop
  endfacet
  facet normal -0 0.537368 0.843348
    outer loop
      vertex -112.545 40.1 4.33756
      vertex -102.545 39.997 4.40319
      vertex -102.545 40.1 4.33756
    endloop
  endfacet
  facet normal 0 0.537368 0.843348
    outer loop
      vertex -102.545 39.997 4.40319
      vertex -112.545 40.1 4.33756
      vertex -112.545 39.997 4.40319
    endloop
  endfacet
  facet normal 0 -0.793536 0.608523
    outer loop
      vertex -112.545 41.8725 4.6501
      vertex -102.545 41.9468 4.74699
      vertex -112.545 41.9468 4.74699
    endloop
  endfacet
  facet normal 0 -0.793536 0.608523
    outer loop
      vertex -102.545 41.9468 4.74699
      vertex -112.545 41.8725 4.6501
      vertex -102.545 41.8725 4.6501
    endloop
  endfacet
  facet normal 0 0.886987 0.461794
    outer loop
      vertex -102.545 39.5876 4.85
      vertex -112.545 39.5312 4.95833
      vertex -102.545 39.5312 4.95833
    endloop
  endfacet
  facet normal 0 0.886987 0.461794
    outer loop
      vertex -112.545 39.5312 4.95833
      vertex -102.545 39.5876 4.85
      vertex -112.545 39.5876 4.85
    endloop
  endfacet
  facet normal 0 -0.953778 0.300512
    outer loop
      vertex -112.545 42.1156 5.07117
      vertex -102.545 42.1523 5.18765
      vertex -112.545 42.1523 5.18765
    endloop
  endfacet
  facet normal 0 -0.953778 0.300512
    outer loop
      vertex -102.545 42.1523 5.18765
      vertex -112.545 42.1156 5.07117
      vertex -102.545 42.1156 5.07117
    endloop
  endfacet
  facet normal 0 -0.843483 0.537156
    outer loop
      vertex -112.545 41.9468 4.74699
      vertex -102.545 42.0124 4.85
      vertex -112.545 42.0124 4.85
    endloop
  endfacet
  facet normal 0 -0.843483 0.537156
    outer loop
      vertex -102.545 42.0124 4.85
      vertex -112.545 41.9468 4.74699
      vertex -102.545 41.9468 4.74699
    endloop
  endfacet
  facet normal -0 0.130501 0.991448
    outer loop
      vertex -112.545 40.678 4.15533
      vertex -102.545 40.5569 4.17127
      vertex -102.545 40.678 4.15533
    endloop
  endfacet
  facet normal 0 0.130501 0.991448
    outer loop
      vertex -102.545 40.5569 4.17127
      vertex -112.545 40.678 4.15533
      vertex -112.545 40.5569 4.17127
    endloop
  endfacet
  facet normal 0 -0.976356 0.216167
    outer loop
      vertex -112.545 42.1523 5.18765
      vertex -102.545 42.1787 5.30689
      vertex -112.545 42.1787 5.30689
    endloop
  endfacet
  facet normal 0 -0.976356 0.216167
    outer loop
      vertex -102.545 42.1787 5.30689
      vertex -112.545 42.1523 5.18765
      vertex -102.545 42.1523 5.18765
    endloop
  endfacet
  facet normal 0 -0.537368 0.843348
    outer loop
      vertex -112.545 41.603 4.40319
      vertex -102.545 41.5 4.33756
      vertex -102.545 41.603 4.40319
    endloop
  endfacet
  facet normal 0 -0.537368 0.843348
    outer loop
      vertex -102.545 41.5 4.33756
      vertex -112.545 41.603 4.40319
      vertex -112.545 41.5 4.33756
    endloop
  endfacet
  facet normal 0 -0.991383 0.130995
    outer loop
      vertex -112.545 42.1787 5.30689
      vertex -102.545 42.1947 5.42798
      vertex -112.545 42.1947 5.42798
    endloop
  endfacet
  facet normal 0 -0.991383 0.130995
    outer loop
      vertex -102.545 42.1947 5.42798
      vertex -112.545 42.1787 5.30689
      vertex -102.545 42.1787 5.30689
    endloop
  endfacet
  facet normal 0 -0.999058 -0.0433946
    outer loop
      vertex -112.545 42.2 5.55
      vertex -102.545 42.1947 5.67202
      vertex -112.545 42.1947 5.67202
    endloop
  endfacet
  facet normal 0 -0.999058 -0.0433946
    outer loop
      vertex -102.545 42.1947 5.67202
      vertex -112.545 42.2 5.55
      vertex -102.545 42.2 5.55
    endloop
  endfacet
  facet normal 0 -0.736933 0.675965
    outer loop
      vertex -112.545 41.7899 4.56005
      vertex -102.545 41.8725 4.6501
      vertex -112.545 41.8725 4.6501
    endloop
  endfacet
  facet normal 0 -0.736933 0.675965
    outer loop
      vertex -102.545 41.8725 4.6501
      vertex -112.545 41.7899 4.56005
      vertex -102.545 41.7899 4.56005
    endloop
  endfacet
  facet normal 0 0.953778 0.300512
    outer loop
      vertex -102.545 39.4844 5.07117
      vertex -112.545 39.4477 5.18765
      vertex -102.545 39.4477 5.18765
    endloop
  endfacet
  facet normal 0 0.953778 0.300512
    outer loop
      vertex -112.545 39.4477 5.18765
      vertex -102.545 39.4844 5.07117
      vertex -112.545 39.4844 5.07117
    endloop
  endfacet
  facet normal 0 -0.675769 0.737113
    outer loop
      vertex -112.545 41.7899 4.56005
      vertex -102.545 41.6999 4.47754
      vertex -102.545 41.7899 4.56005
    endloop
  endfacet
  facet normal 0 -0.675769 0.737113
    outer loop
      vertex -102.545 41.6999 4.47754
      vertex -112.545 41.7899 4.56005
      vertex -112.545 41.6999 4.47754
    endloop
  endfacet
  facet normal 0 -0.953778 -0.300512
    outer loop
      vertex -112.545 42.1523 5.91235
      vertex -102.545 42.1156 6.02883
      vertex -112.545 42.1156 6.02883
    endloop
  endfacet
  facet normal 0 -0.953778 -0.300512
    outer loop
      vertex -102.545 42.1156 6.02883
      vertex -112.545 42.1523 5.91235
      vertex -102.545 42.1523 5.91235
    endloop
  endfacet
  facet normal 0 0.923399 -0.383841
    outer loop
      vertex -102.545 39.4844 6.02883
      vertex -112.545 39.4932 6.05
      vertex -102.545 39.4932 6.05
    endloop
  endfacet
  facet normal 0 0.923399 -0.383841
    outer loop
      vertex -112.545 39.4932 6.05
      vertex -102.545 39.4844 6.02883
      vertex -112.545 39.4844 6.02883
    endloop
  endfacet
  facet normal 0 0.991383 -0.130995
    outer loop
      vertex -102.545 39.4053 5.67202
      vertex -112.545 39.4213 5.79311
      vertex -102.545 39.4213 5.79311
    endloop
  endfacet
  facet normal 0 0.991383 -0.130995
    outer loop
      vertex -112.545 39.4213 5.79311
      vertex -102.545 39.4053 5.67202
      vertex -112.545 39.4053 5.67202
    endloop
  endfacet
  facet normal 0 -0.216471 0.976289
    outer loop
      vertex -112.545 41.1623 4.1977
      vertex -102.545 41.0431 4.17127
      vertex -102.545 41.1623 4.1977
    endloop
  endfacet
  facet normal 0 -0.216471 0.976289
    outer loop
      vertex -102.545 41.0431 4.17127
      vertex -112.545 41.1623 4.1977
      vertex -112.545 41.0431 4.17127
    endloop
  endfacet
  facet normal 0 -0.991383 -0.130995
    outer loop
      vertex -112.545 42.1947 5.67202
      vertex -102.545 42.1787 5.79311
      vertex -112.545 42.1787 5.79311
    endloop
  endfacet
  facet normal 0 -0.991383 -0.130995
    outer loop
      vertex -102.545 42.1787 5.79311
      vertex -112.545 42.1947 5.67202
      vertex -102.545 42.1947 5.67202
    endloop
  endfacet
  facet normal 0 -0.923399 -0.383841
    outer loop
      vertex -112.545 42.1156 6.02883
      vertex -102.545 42.1068 6.05
      vertex -112.545 42.1068 6.05
    endloop
  endfacet
  facet normal 0 -0.923399 -0.383841
    outer loop
      vertex -102.545 42.1068 6.05
      vertex -112.545 42.1156 6.02883
      vertex -102.545 42.1156 6.02883
    endloop
  endfacet
  facet normal 0 0.976356 0.216167
    outer loop
      vertex -102.545 39.4477 5.18765
      vertex -112.545 39.4213 5.30689
      vertex -102.545 39.4213 5.30689
    endloop
  endfacet
  facet normal 0 0.976356 0.216167
    outer loop
      vertex -112.545 39.4213 5.30689
      vertex -102.545 39.4477 5.18765
      vertex -112.545 39.4477 5.18765
    endloop
  endfacet
  facet normal 0 -0.130501 0.991448
    outer loop
      vertex -112.545 41.0431 4.17127
      vertex -102.545 40.922 4.15533
      vertex -102.545 41.0431 4.17127
    endloop
  endfacet
  facet normal 0 -0.130501 0.991448
    outer loop
      vertex -102.545 40.922 4.15533
      vertex -112.545 41.0431 4.17127
      vertex -112.545 40.922 4.15533
    endloop
  endfacet
  facet normal -0 0.608741 0.793369
    outer loop
      vertex -112.545 39.997 4.40319
      vertex -102.545 39.9001 4.47754
      vertex -102.545 39.997 4.40319
    endloop
  endfacet
  facet normal 0 0.608741 0.793369
    outer loop
      vertex -102.545 39.9001 4.47754
      vertex -112.545 39.997 4.40319
      vertex -112.545 39.9001 4.47754
    endloop
  endfacet
  facet normal 0 0.953778 -0.300512
    outer loop
      vertex -102.545 39.4477 5.91235
      vertex -112.545 39.4844 6.02883
      vertex -102.545 39.4844 6.02883
    endloop
  endfacet
  facet normal 0 0.953778 -0.300512
    outer loop
      vertex -112.545 39.4844 6.02883
      vertex -102.545 39.4477 5.91235
      vertex -112.545 39.4477 5.91235
    endloop
  endfacet
  facet normal -0 0.46183 0.886969
    outer loop
      vertex -112.545 40.2083 4.28117
      vertex -102.545 40.1 4.33756
      vertex -102.545 40.2083 4.28117
    endloop
  endfacet
  facet normal 0 0.46183 0.886969
    outer loop
      vertex -102.545 40.1 4.33756
      vertex -112.545 40.2083 4.28117
      vertex -112.545 40.1 4.33756
    endloop
  endfacet
  facet normal 0 -0.923705 0.383104
    outer loop
      vertex -112.545 42.0688 4.95833
      vertex -102.545 42.1156 5.07117
      vertex -112.545 42.1156 5.07117
    endloop
  endfacet
  facet normal 0 -0.923705 0.383104
    outer loop
      vertex -102.545 42.1156 5.07117
      vertex -112.545 42.0688 4.95833
      vertex -102.545 42.0688 4.95833
    endloop
  endfacet
  facet normal 0 0.736933 0.675965
    outer loop
      vertex -102.545 39.8101 4.56005
      vertex -112.545 39.7275 4.6501
      vertex -102.545 39.7275 4.6501
    endloop
  endfacet
  facet normal 0 0.736933 0.675965
    outer loop
      vertex -112.545 39.7275 4.6501
      vertex -102.545 39.8101 4.56005
      vertex -112.545 39.8101 4.56005
    endloop
  endfacet
  facet normal -0 0.675769 0.737113
    outer loop
      vertex -112.545 39.9001 4.47754
      vertex -102.545 39.8101 4.56005
      vertex -102.545 39.9001 4.47754
    endloop
  endfacet
  facet normal 0 0.675769 0.737113
    outer loop
      vertex -102.545 39.8101 4.56005
      vertex -112.545 39.9001 4.47754
      vertex -112.545 39.8101 4.56005
    endloop
  endfacet
  facet normal 0 -0.0436469 0.999047
    outer loop
      vertex -112.545 40.922 4.15533
      vertex -102.545 40.8 4.15
      vertex -102.545 40.922 4.15533
    endloop
  endfacet
  facet normal 0 -0.0436469 0.999047
    outer loop
      vertex -102.545 40.8 4.15
      vertex -112.545 40.922 4.15533
      vertex -112.545 40.8 4.15
    endloop
  endfacet
  facet normal -0 0.0436469 0.999047
    outer loop
      vertex -112.545 40.8 4.15
      vertex -102.545 40.678 4.15533
      vertex -102.545 40.8 4.15
    endloop
  endfacet
  facet normal 0 0.0436469 0.999047
    outer loop
      vertex -102.545 40.678 4.15533
      vertex -112.545 40.8 4.15
      vertex -112.545 40.678 4.15533
    endloop
  endfacet
  facet normal 0 0.999058 0.0433946
    outer loop
      vertex -102.545 39.4053 5.42798
      vertex -112.545 39.4 5.55
      vertex -102.545 39.4 5.55
    endloop
  endfacet
  facet normal 0 0.999058 0.0433946
    outer loop
      vertex -112.545 39.4 5.55
      vertex -102.545 39.4053 5.42798
      vertex -112.545 39.4053 5.42798
    endloop
  endfacet
  facet normal 0 0.793536 0.608523
    outer loop
      vertex -102.545 39.7275 4.6501
      vertex -112.545 39.6532 4.74699
      vertex -102.545 39.6532 4.74699
    endloop
  endfacet
  facet normal 0 0.793536 0.608523
    outer loop
      vertex -112.545 39.6532 4.74699
      vertex -102.545 39.7275 4.6501
      vertex -112.545 39.7275 4.6501
    endloop
  endfacet
  facet normal -0 0.216471 0.976289
    outer loop
      vertex -112.545 40.5569 4.17127
      vertex -102.545 40.4377 4.1977
      vertex -102.545 40.5569 4.17127
    endloop
  endfacet
  facet normal 0 0.216471 0.976289
    outer loop
      vertex -102.545 40.4377 4.1977
      vertex -112.545 40.5569 4.17127
      vertex -112.545 40.4377 4.1977
    endloop
  endfacet
  facet normal 0 -0.999058 0.0433946
    outer loop
      vertex -112.545 42.1947 5.42798
      vertex -102.545 42.2 5.55
      vertex -112.545 42.2 5.55
    endloop
  endfacet
  facet normal 0 -0.999058 0.0433946
    outer loop
      vertex -102.545 42.2 5.55
      vertex -112.545 42.1947 5.42798
      vertex -102.545 42.1947 5.42798
    endloop
  endfacet
  facet normal -0 0.300689 0.953722
    outer loop
      vertex -112.545 40.4377 4.1977
      vertex -102.545 40.3212 4.23443
      vertex -102.545 40.4377 4.1977
    endloop
  endfacet
  facet normal 0 0.300689 0.953722
    outer loop
      vertex -102.545 40.3212 4.23443
      vertex -112.545 40.4377 4.1977
      vertex -112.545 40.3212 4.23443
    endloop
  endfacet
  facet normal -0 0.382511 0.923951
    outer loop
      vertex -112.545 40.3212 4.23443
      vertex -102.545 40.2083 4.28117
      vertex -102.545 40.3212 4.23443
    endloop
  endfacet
  facet normal 0 0.382511 0.923951
    outer loop
      vertex -102.545 40.2083 4.28117
      vertex -112.545 40.3212 4.23443
      vertex -112.545 40.2083 4.28117
    endloop
  endfacet
  facet normal 0 0.999058 -0.0433946
    outer loop
      vertex -102.545 39.4 5.55
      vertex -112.545 39.4053 5.67202
      vertex -102.545 39.4053 5.67202
    endloop
  endfacet
  facet normal 0 0.999058 -0.0433946
    outer loop
      vertex -112.545 39.4053 5.67202
      vertex -102.545 39.4 5.55
      vertex -112.545 39.4 5.55
    endloop
  endfacet
  facet normal 0 -0.886987 0.461794
    outer loop
      vertex -112.545 42.0124 4.85
      vertex -102.545 42.0688 4.95833
      vertex -112.545 42.0688 4.95833
    endloop
  endfacet
  facet normal 0 -0.886987 0.461794
    outer loop
      vertex -102.545 42.0688 4.95833
      vertex -112.545 42.0124 4.85
      vertex -102.545 42.0124 4.85
    endloop
  endfacet
  facet normal 0 0.991383 0.130995
    outer loop
      vertex -102.545 39.4213 5.30689
      vertex -112.545 39.4053 5.42798
      vertex -102.545 39.4053 5.42798
    endloop
  endfacet
  facet normal 0 0.991383 0.130995
    outer loop
      vertex -112.545 39.4053 5.42798
      vertex -102.545 39.4213 5.30689
      vertex -112.545 39.4213 5.30689
    endloop
  endfacet
  facet normal 0 -0.46183 0.886969
    outer loop
      vertex -112.545 41.5 4.33756
      vertex -102.545 41.3917 4.28117
      vertex -102.545 41.5 4.33756
    endloop
  endfacet
  facet normal 0 -0.46183 0.886969
    outer loop
      vertex -102.545 41.3917 4.28117
      vertex -112.545 41.5 4.33756
      vertex -112.545 41.3917 4.28117
    endloop
  endfacet
  facet normal 0 -0.976356 -0.216167
    outer loop
      vertex -112.545 42.1787 5.79311
      vertex -102.545 42.1523 5.91235
      vertex -112.545 42.1523 5.91235
    endloop
  endfacet
  facet normal 0 -0.976356 -0.216167
    outer loop
      vertex -102.545 42.1523 5.91235
      vertex -112.545 42.1787 5.79311
      vertex -102.545 42.1787 5.79311
    endloop
  endfacet
  facet normal 0 -0.608741 0.793369
    outer loop
      vertex -112.545 41.6999 4.47754
      vertex -102.545 41.603 4.40319
      vertex -102.545 41.6999 4.47754
    endloop
  endfacet
  facet normal 0 -0.608741 0.793369
    outer loop
      vertex -102.545 41.603 4.40319
      vertex -112.545 41.6999 4.47754
      vertex -112.545 41.603 4.40319
    endloop
  endfacet
  facet normal 0 0.923705 0.383104
    outer loop
      vertex -102.545 39.5312 4.95833
      vertex -112.545 39.4844 5.07117
      vertex -102.545 39.4844 5.07117
    endloop
  endfacet
  facet normal 0 0.923705 0.383104
    outer loop
      vertex -112.545 39.4844 5.07117
      vertex -102.545 39.5312 4.95833
      vertex -112.545 39.5312 4.95833
    endloop
  endfacet
  facet normal 0 0.843483 0.537156
    outer loop
      vertex -102.545 39.6532 4.74699
      vertex -112.545 39.5876 4.85
      vertex -102.545 39.5876 4.85
    endloop
  endfacet
  facet normal 0 0.843483 0.537156
    outer loop
      vertex -112.545 39.5876 4.85
      vertex -102.545 39.6532 4.74699
      vertex -112.545 39.6532 4.74699
    endloop
  endfacet
  facet normal 0 -0.382511 0.923951
    outer loop
      vertex -112.545 41.3917 4.28117
      vertex -102.545 41.2788 4.23443
      vertex -102.545 41.3917 4.28117
    endloop
  endfacet
  facet normal 0 -0.382511 0.923951
    outer loop
      vertex -102.545 41.2788 4.23443
      vertex -112.545 41.3917 4.28117
      vertex -112.545 41.2788 4.23443
    endloop
  endfacet
  facet normal 0 -0.216471 0.976289
    outer loop
      vertex 102.545 -40.4377 4.1977
      vertex 112.545 -40.5569 4.17127
      vertex 112.545 -40.4377 4.1977
    endloop
  endfacet
  facet normal 0 -0.216471 0.976289
    outer loop
      vertex 112.545 -40.5569 4.17127
      vertex 102.545 -40.4377 4.1977
      vertex 102.545 -40.5569 4.17127
    endloop
  endfacet
  facet normal 0 -0.608741 0.793369
    outer loop
      vertex 102.545 -39.9001 4.47754
      vertex 112.545 -39.997 4.40319
      vertex 112.545 -39.9001 4.47754
    endloop
  endfacet
  facet normal 0 -0.608741 0.793369
    outer loop
      vertex 112.545 -39.997 4.40319
      vertex 102.545 -39.9001 4.47754
      vertex 102.545 -39.997 4.40319
    endloop
  endfacet
  facet normal 0 -0.0436469 0.999047
    outer loop
      vertex 102.545 -40.678 4.15533
      vertex 112.545 -40.8 4.15
      vertex 112.545 -40.678 4.15533
    endloop
  endfacet
  facet normal 0 -0.0436469 0.999047
    outer loop
      vertex 112.545 -40.8 4.15
      vertex 102.545 -40.678 4.15533
      vertex 102.545 -40.8 4.15
    endloop
  endfacet
  facet normal -0 0.382511 0.923951
    outer loop
      vertex 102.545 -41.2788 4.23443
      vertex 112.545 -41.3917 4.28117
      vertex 112.545 -41.2788 4.23443
    endloop
  endfacet
  facet normal 0 0.382511 0.923951
    outer loop
      vertex 112.545 -41.3917 4.28117
      vertex 102.545 -41.2788 4.23443
      vertex 102.545 -41.3917 4.28117
    endloop
  endfacet
  facet normal 0 -0.976356 0.216167
    outer loop
      vertex 102.545 -39.4477 5.18765
      vertex 112.545 -39.4213 5.30689
      vertex 102.545 -39.4213 5.30689
    endloop
  endfacet
  facet normal 0 -0.976356 0.216167
    outer loop
      vertex 112.545 -39.4213 5.30689
      vertex 102.545 -39.4477 5.18765
      vertex 112.545 -39.4477 5.18765
    endloop
  endfacet
  facet normal 0 0.886987 0.461794
    outer loop
      vertex 112.545 -42.0124 4.85
      vertex 102.545 -42.0688 4.95833
      vertex 112.545 -42.0688 4.95833
    endloop
  endfacet
  facet normal 0 0.886987 0.461794
    outer loop
      vertex 102.545 -42.0688 4.95833
      vertex 112.545 -42.0124 4.85
      vertex 102.545 -42.0124 4.85
    endloop
  endfacet
  facet normal 0 0.843483 0.537156
    outer loop
      vertex 112.545 -41.9468 4.74699
      vertex 102.545 -42.0124 4.85
      vertex 112.545 -42.0124 4.85
    endloop
  endfacet
  facet normal 0 0.843483 0.537156
    outer loop
      vertex 102.545 -42.0124 4.85
      vertex 112.545 -41.9468 4.74699
      vertex 102.545 -41.9468 4.74699
    endloop
  endfacet
  facet normal 0 -0.953778 -0.300512
    outer loop
      vertex 102.545 -39.4477 5.91235
      vertex 112.545 -39.4844 6.02883
      vertex 102.545 -39.4844 6.02883
    endloop
  endfacet
  facet normal 0 -0.953778 -0.300512
    outer loop
      vertex 112.545 -39.4844 6.02883
      vertex 102.545 -39.4477 5.91235
      vertex 112.545 -39.4477 5.91235
    endloop
  endfacet
  facet normal 0 -0.843483 0.537156
    outer loop
      vertex 102.545 -39.6532 4.74699
      vertex 112.545 -39.5876 4.85
      vertex 102.545 -39.5876 4.85
    endloop
  endfacet
  facet normal 0 -0.843483 0.537156
    outer loop
      vertex 112.545 -39.5876 4.85
      vertex 102.545 -39.6532 4.74699
      vertex 112.545 -39.6532 4.74699
    endloop
  endfacet
  facet normal 0 -0.976356 -0.216167
    outer loop
      vertex 102.545 -39.4213 5.79311
      vertex 112.545 -39.4477 5.91235
      vertex 102.545 -39.4477 5.91235
    endloop
  endfacet
  facet normal 0 -0.976356 -0.216167
    outer loop
      vertex 112.545 -39.4477 5.91235
      vertex 102.545 -39.4213 5.79311
      vertex 112.545 -39.4213 5.79311
    endloop
  endfacet
  facet normal -0 0.0436469 0.999047
    outer loop
      vertex 102.545 -40.8 4.15
      vertex 112.545 -40.922 4.15533
      vertex 112.545 -40.8 4.15
    endloop
  endfacet
  facet normal 0 0.0436469 0.999047
    outer loop
      vertex 112.545 -40.922 4.15533
      vertex 102.545 -40.8 4.15
      vertex 102.545 -40.922 4.15533
    endloop
  endfacet
  facet normal 0 -0.886987 0.461794
    outer loop
      vertex 102.545 -39.5876 4.85
      vertex 112.545 -39.5312 4.95833
      vertex 102.545 -39.5312 4.95833
    endloop
  endfacet
  facet normal 0 -0.886987 0.461794
    outer loop
      vertex 112.545 -39.5312 4.95833
      vertex 102.545 -39.5876 4.85
      vertex 112.545 -39.5876 4.85
    endloop
  endfacet
  facet normal 0 -0.999058 -0.0433946
    outer loop
      vertex 102.545 -39.4 5.55
      vertex 112.545 -39.4053 5.67202
      vertex 102.545 -39.4053 5.67202
    endloop
  endfacet
  facet normal 0 -0.999058 -0.0433946
    outer loop
      vertex 112.545 -39.4053 5.67202
      vertex 102.545 -39.4 5.55
      vertex 112.545 -39.4 5.55
    endloop
  endfacet
  facet normal -0 0.608741 0.793369
    outer loop
      vertex 102.545 -41.603 4.40319
      vertex 112.545 -41.6999 4.47754
      vertex 112.545 -41.603 4.40319
    endloop
  endfacet
  facet normal 0 0.608741 0.793369
    outer loop
      vertex 112.545 -41.6999 4.47754
      vertex 102.545 -41.603 4.40319
      vertex 102.545 -41.6999 4.47754
    endloop
  endfacet
  facet normal -0 0.130501 0.991448
    outer loop
      vertex 102.545 -40.922 4.15533
      vertex 112.545 -41.0431 4.17127
      vertex 112.545 -40.922 4.15533
    endloop
  endfacet
  facet normal 0 0.130501 0.991448
    outer loop
      vertex 112.545 -41.0431 4.17127
      vertex 102.545 -40.922 4.15533
      vertex 102.545 -41.0431 4.17127
    endloop
  endfacet
  facet normal 0 -0.991383 0.130995
    outer loop
      vertex 102.545 -39.4213 5.30689
      vertex 112.545 -39.4053 5.42798
      vertex 102.545 -39.4053 5.42798
    endloop
  endfacet
  facet normal 0 -0.991383 0.130995
    outer loop
      vertex 112.545 -39.4053 5.42798
      vertex 102.545 -39.4213 5.30689
      vertex 112.545 -39.4213 5.30689
    endloop
  endfacet
  facet normal 0 -0.300689 0.953722
    outer loop
      vertex 102.545 -40.3212 4.23443
      vertex 112.545 -40.4377 4.1977
      vertex 112.545 -40.3212 4.23443
    endloop
  endfacet
  facet normal 0 -0.300689 0.953722
    outer loop
      vertex 112.545 -40.4377 4.1977
      vertex 102.545 -40.3212 4.23443
      vertex 102.545 -40.4377 4.1977
    endloop
  endfacet
  facet normal 0 0.953778 0.300512
    outer loop
      vertex 112.545 -42.1156 5.07117
      vertex 102.545 -42.1523 5.18765
      vertex 112.545 -42.1523 5.18765
    endloop
  endfacet
  facet normal 0 0.953778 0.300512
    outer loop
      vertex 102.545 -42.1523 5.18765
      vertex 112.545 -42.1156 5.07117
      vertex 102.545 -42.1156 5.07117
    endloop
  endfacet
  facet normal 0 0.923399 -0.383841
    outer loop
      vertex 112.545 -42.1156 6.02883
      vertex 102.545 -42.1068 6.05
      vertex 112.545 -42.1068 6.05
    endloop
  endfacet
  facet normal 0 0.923399 -0.383841
    outer loop
      vertex 102.545 -42.1068 6.05
      vertex 112.545 -42.1156 6.02883
      vertex 102.545 -42.1156 6.02883
    endloop
  endfacet
  facet normal 0 -0.130501 0.991448
    outer loop
      vertex 102.545 -40.5569 4.17127
      vertex 112.545 -40.678 4.15533
      vertex 112.545 -40.5569 4.17127
    endloop
  endfacet
  facet normal 0 -0.130501 0.991448
    outer loop
      vertex 112.545 -40.678 4.15533
      vertex 102.545 -40.5569 4.17127
      vertex 102.545 -40.678 4.15533
    endloop
  endfacet
  facet normal 0 0.976356 0.216167
    outer loop
      vertex 112.545 -42.1523 5.18765
      vertex 102.545 -42.1787 5.30689
      vertex 112.545 -42.1787 5.30689
    endloop
  endfacet
  facet normal 0 0.976356 0.216167
    outer loop
      vertex 102.545 -42.1787 5.30689
      vertex 112.545 -42.1523 5.18765
      vertex 102.545 -42.1523 5.18765
    endloop
  endfacet
  facet normal -0 0.216471 0.976289
    outer loop
      vertex 102.545 -41.0431 4.17127
      vertex 112.545 -41.1623 4.1977
      vertex 112.545 -41.0431 4.17127
    endloop
  endfacet
  facet normal 0 0.216471 0.976289
    outer loop
      vertex 112.545 -41.1623 4.1977
      vertex 102.545 -41.0431 4.17127
      vertex 102.545 -41.1623 4.1977
    endloop
  endfacet
  facet normal -0 0.46183 0.886969
    outer loop
      vertex 102.545 -41.3917 4.28117
      vertex 112.545 -41.5 4.33756
      vertex 112.545 -41.3917 4.28117
    endloop
  endfacet
  facet normal 0 0.46183 0.886969
    outer loop
      vertex 112.545 -41.5 4.33756
      vertex 102.545 -41.3917 4.28117
      vertex 102.545 -41.5 4.33756
    endloop
  endfacet
  facet normal 0 0.976356 -0.216167
    outer loop
      vertex 112.545 -42.1787 5.79311
      vertex 102.545 -42.1523 5.91235
      vertex 112.545 -42.1523 5.91235
    endloop
  endfacet
  facet normal 0 0.976356 -0.216167
    outer loop
      vertex 102.545 -42.1523 5.91235
      vertex 112.545 -42.1787 5.79311
      vertex 102.545 -42.1787 5.79311
    endloop
  endfacet
  facet normal 0 -0.793536 0.608523
    outer loop
      vertex 102.545 -39.7275 4.6501
      vertex 112.545 -39.6532 4.74699
      vertex 102.545 -39.6532 4.74699
    endloop
  endfacet
  facet normal 0 -0.793536 0.608523
    outer loop
      vertex 112.545 -39.6532 4.74699
      vertex 102.545 -39.7275 4.6501
      vertex 112.545 -39.7275 4.6501
    endloop
  endfacet
  facet normal 0 -0.953778 0.300512
    outer loop
      vertex 102.545 -39.4844 5.07117
      vertex 112.545 -39.4477 5.18765
      vertex 102.545 -39.4477 5.18765
    endloop
  endfacet
  facet normal 0 -0.953778 0.300512
    outer loop
      vertex 112.545 -39.4477 5.18765
      vertex 102.545 -39.4844 5.07117
      vertex 112.545 -39.4844 5.07117
    endloop
  endfacet
  facet normal 0 -0.923705 0.383104
    outer loop
      vertex 102.545 -39.5312 4.95833
      vertex 112.545 -39.4844 5.07117
      vertex 102.545 -39.4844 5.07117
    endloop
  endfacet
  facet normal 0 -0.923705 0.383104
    outer loop
      vertex 112.545 -39.4844 5.07117
      vertex 102.545 -39.5312 4.95833
      vertex 112.545 -39.5312 4.95833
    endloop
  endfacet
  facet normal -0 0.537368 0.843348
    outer loop
      vertex 102.545 -41.5 4.33756
      vertex 112.545 -41.603 4.40319
      vertex 112.545 -41.5 4.33756
    endloop
  endfacet
  facet normal 0 0.537368 0.843348
    outer loop
      vertex 112.545 -41.603 4.40319
      vertex 102.545 -41.5 4.33756
      vertex 102.545 -41.603 4.40319
    endloop
  endfacet
  facet normal 0 -0.46183 0.886969
    outer loop
      vertex 102.545 -40.1 4.33756
      vertex 112.545 -40.2083 4.28117
      vertex 112.545 -40.1 4.33756
    endloop
  endfacet
  facet normal 0 -0.46183 0.886969
    outer loop
      vertex 112.545 -40.2083 4.28117
      vertex 102.545 -40.1 4.33756
      vertex 102.545 -40.2083 4.28117
    endloop
  endfacet
  facet normal 0 0.999058 0.0433946
    outer loop
      vertex 112.545 -42.1947 5.42798
      vertex 102.545 -42.2 5.55
      vertex 112.545 -42.2 5.55
    endloop
  endfacet
  facet normal 0 0.999058 0.0433946
    outer loop
      vertex 102.545 -42.2 5.55
      vertex 112.545 -42.1947 5.42798
      vertex 102.545 -42.1947 5.42798
    endloop
  endfacet
  facet normal 0 0.923705 0.383104
    outer loop
      vertex 112.545 -42.0688 4.95833
      vertex 102.545 -42.1156 5.07117
      vertex 112.545 -42.1156 5.07117
    endloop
  endfacet
  facet normal 0 0.923705 0.383104
    outer loop
      vertex 102.545 -42.1156 5.07117
      vertex 112.545 -42.0688 4.95833
      vertex 102.545 -42.0688 4.95833
    endloop
  endfacet
  facet normal 0 -0.537368 0.843348
    outer loop
      vertex 102.545 -39.997 4.40319
      vertex 112.545 -40.1 4.33756
      vertex 112.545 -39.997 4.40319
    endloop
  endfacet
  facet normal 0 -0.537368 0.843348
    outer loop
      vertex 112.545 -40.1 4.33756
      vertex 102.545 -39.997 4.40319
      vertex 102.545 -40.1 4.33756
    endloop
  endfacet
  facet normal 0 -0.675769 0.737113
    outer loop
      vertex 102.545 -39.8101 4.56005
      vertex 112.545 -39.9001 4.47754
      vertex 112.545 -39.8101 4.56005
    endloop
  endfacet
  facet normal 0 -0.675769 0.737113
    outer loop
      vertex 112.545 -39.9001 4.47754
      vertex 102.545 -39.8101 4.56005
      vertex 102.545 -39.9001 4.47754
    endloop
  endfacet
  facet normal 0 0.991383 -0.130995
    outer loop
      vertex 112.545 -42.1947 5.67202
      vertex 102.545 -42.1787 5.79311
      vertex 112.545 -42.1787 5.79311
    endloop
  endfacet
  facet normal 0 0.991383 -0.130995
    outer loop
      vertex 102.545 -42.1787 5.79311
      vertex 112.545 -42.1947 5.67202
      vertex 102.545 -42.1947 5.67202
    endloop
  endfacet
  facet normal 0 0.999058 -0.0433946
    outer loop
      vertex 112.545 -42.2 5.55
      vertex 102.545 -42.1947 5.67202
      vertex 112.545 -42.1947 5.67202
    endloop
  endfacet
  facet normal 0 0.999058 -0.0433946
    outer loop
      vertex 102.545 -42.1947 5.67202
      vertex 112.545 -42.2 5.55
      vertex 102.545 -42.2 5.55
    endloop
  endfacet
  facet normal 0 0.991383 0.130995
    outer loop
      vertex 112.545 -42.1787 5.30689
      vertex 102.545 -42.1947 5.42798
      vertex 112.545 -42.1947 5.42798
    endloop
  endfacet
  facet normal 0 0.991383 0.130995
    outer loop
      vertex 102.545 -42.1947 5.42798
      vertex 112.545 -42.1787 5.30689
      vertex 102.545 -42.1787 5.30689
    endloop
  endfacet
  facet normal 0 -0.923399 -0.383841
    outer loop
      vertex 102.545 -39.4844 6.02883
      vertex 112.545 -39.4932 6.05
      vertex 102.545 -39.4932 6.05
    endloop
  endfacet
  facet normal 0 -0.923399 -0.383841
    outer loop
      vertex 112.545 -39.4932 6.05
      vertex 102.545 -39.4844 6.02883
      vertex 112.545 -39.4844 6.02883
    endloop
  endfacet
  facet normal 0 -0.991383 -0.130995
    outer loop
      vertex 102.545 -39.4053 5.67202
      vertex 112.545 -39.4213 5.79311
      vertex 102.545 -39.4213 5.79311
    endloop
  endfacet
  facet normal 0 -0.991383 -0.130995
    outer loop
      vertex 112.545 -39.4213 5.79311
      vertex 102.545 -39.4053 5.67202
      vertex 112.545 -39.4053 5.67202
    endloop
  endfacet
  facet normal 0 -0.999058 0.0433946
    outer loop
      vertex 102.545 -39.4053 5.42798
      vertex 112.545 -39.4 5.55
      vertex 102.545 -39.4 5.55
    endloop
  endfacet
  facet normal 0 -0.999058 0.0433946
    outer loop
      vertex 112.545 -39.4 5.55
      vertex 102.545 -39.4053 5.42798
      vertex 112.545 -39.4053 5.42798
    endloop
  endfacet
  facet normal 0 -0.382511 0.923951
    outer loop
      vertex 102.545 -40.2083 4.28117
      vertex 112.545 -40.3212 4.23443
      vertex 112.545 -40.2083 4.28117
    endloop
  endfacet
  facet normal 0 -0.382511 0.923951
    outer loop
      vertex 112.545 -40.3212 4.23443
      vertex 102.545 -40.2083 4.28117
      vertex 102.545 -40.3212 4.23443
    endloop
  endfacet
  facet normal 0 0.736933 0.675965
    outer loop
      vertex 112.545 -41.7899 4.56005
      vertex 102.545 -41.8725 4.6501
      vertex 112.545 -41.8725 4.6501
    endloop
  endfacet
  facet normal 0 0.736933 0.675965
    outer loop
      vertex 102.545 -41.8725 4.6501
      vertex 112.545 -41.7899 4.56005
      vertex 102.545 -41.7899 4.56005
    endloop
  endfacet
  facet normal 0 -0.736933 0.675965
    outer loop
      vertex 102.545 -39.8101 4.56005
      vertex 112.545 -39.7275 4.6501
      vertex 102.545 -39.7275 4.6501
    endloop
  endfacet
  facet normal 0 -0.736933 0.675965
    outer loop
      vertex 112.545 -39.7275 4.6501
      vertex 102.545 -39.8101 4.56005
      vertex 112.545 -39.8101 4.56005
    endloop
  endfacet
  facet normal 0 0.793536 0.608523
    outer loop
      vertex 112.545 -41.8725 4.6501
      vertex 102.545 -41.9468 4.74699
      vertex 112.545 -41.9468 4.74699
    endloop
  endfacet
  facet normal 0 0.793536 0.608523
    outer loop
      vertex 102.545 -41.9468 4.74699
      vertex 112.545 -41.8725 4.6501
      vertex 102.545 -41.8725 4.6501
    endloop
  endfacet
  facet normal 0 0.953778 -0.300512
    outer loop
      vertex 112.545 -42.1523 5.91235
      vertex 102.545 -42.1156 6.02883
      vertex 112.545 -42.1156 6.02883
    endloop
  endfacet
  facet normal 0 0.953778 -0.300512
    outer loop
      vertex 102.545 -42.1156 6.02883
      vertex 112.545 -42.1523 5.91235
      vertex 102.545 -42.1523 5.91235
    endloop
  endfacet
  facet normal -0 0.675769 0.737113
    outer loop
      vertex 102.545 -41.6999 4.47754
      vertex 112.545 -41.7899 4.56005
      vertex 112.545 -41.6999 4.47754
    endloop
  endfacet
  facet normal 0 0.675769 0.737113
    outer loop
      vertex 112.545 -41.7899 4.56005
      vertex 102.545 -41.6999 4.47754
      vertex 102.545 -41.7899 4.56005
    endloop
  endfacet
  facet normal -0 0.300689 0.953722
    outer loop
      vertex 102.545 -41.1623 4.1977
      vertex 112.545 -41.2788 4.23443
      vertex 112.545 -41.1623 4.1977
    endloop
  endfacet
  facet normal 0 0.300689 0.953722
    outer loop
      vertex 112.545 -41.2788 4.23443
      vertex 102.545 -41.1623 4.1977
      vertex 102.545 -41.2788 4.23443
    endloop
  endfacet
  facet normal 0 -0.793536 0.608523
    outer loop
      vertex 102.545 41.8725 4.6501
      vertex 112.545 41.9468 4.74699
      vertex 102.545 41.9468 4.74699
    endloop
  endfacet
  facet normal 0 -0.793536 0.608523
    outer loop
      vertex 112.545 41.9468 4.74699
      vertex 102.545 41.8725 4.6501
      vertex 112.545 41.8725 4.6501
    endloop
  endfacet
  facet normal 0 -0.216471 0.976289
    outer loop
      vertex 102.545 41.1623 4.1977
      vertex 112.545 41.0431 4.17127
      vertex 112.545 41.1623 4.1977
    endloop
  endfacet
  facet normal 0 -0.216471 0.976289
    outer loop
      vertex 112.545 41.0431 4.17127
      vertex 102.545 41.1623 4.1977
      vertex 102.545 41.0431 4.17127
    endloop
  endfacet
  facet normal -0 0.0436469 0.999047
    outer loop
      vertex 102.545 40.8 4.15
      vertex 112.545 40.678 4.15533
      vertex 112.545 40.8 4.15
    endloop
  endfacet
  facet normal 0 0.0436469 0.999047
    outer loop
      vertex 112.545 40.678 4.15533
      vertex 102.545 40.8 4.15
      vertex 102.545 40.678 4.15533
    endloop
  endfacet
  facet normal -0 0.46183 0.886969
    outer loop
      vertex 102.545 40.2083 4.28117
      vertex 112.545 40.1 4.33756
      vertex 112.545 40.2083 4.28117
    endloop
  endfacet
  facet normal 0 0.46183 0.886969
    outer loop
      vertex 112.545 40.1 4.33756
      vertex 102.545 40.2083 4.28117
      vertex 102.545 40.1 4.33756
    endloop
  endfacet
  facet normal 0 -0.953778 -0.300512
    outer loop
      vertex 102.545 42.1523 5.91235
      vertex 112.545 42.1156 6.02883
      vertex 102.545 42.1156 6.02883
    endloop
  endfacet
  facet normal 0 -0.953778 -0.300512
    outer loop
      vertex 112.545 42.1156 6.02883
      vertex 102.545 42.1523 5.91235
      vertex 112.545 42.1523 5.91235
    endloop
  endfacet
  facet normal -0 0.216471 0.976289
    outer loop
      vertex 102.545 40.5569 4.17127
      vertex 112.545 40.4377 4.1977
      vertex 112.545 40.5569 4.17127
    endloop
  endfacet
  facet normal 0 0.216471 0.976289
    outer loop
      vertex 112.545 40.4377 4.1977
      vertex 102.545 40.5569 4.17127
      vertex 102.545 40.4377 4.1977
    endloop
  endfacet
  facet normal 0 0.999058 0.0433946
    outer loop
      vertex 112.545 39.4053 5.42798
      vertex 102.545 39.4 5.55
      vertex 112.545 39.4 5.55
    endloop
  endfacet
  facet normal 0 0.999058 0.0433946
    outer loop
      vertex 102.545 39.4 5.55
      vertex 112.545 39.4053 5.42798
      vertex 102.545 39.4053 5.42798
    endloop
  endfacet
  facet normal 0 -0.999058 -0.0433946
    outer loop
      vertex 102.545 42.2 5.55
      vertex 112.545 42.1947 5.67202
      vertex 102.545 42.1947 5.67202
    endloop
  endfacet
  facet normal 0 -0.999058 -0.0433946
    outer loop
      vertex 112.545 42.1947 5.67202
      vertex 102.545 42.2 5.55
      vertex 112.545 42.2 5.55
    endloop
  endfacet
  facet normal 0 -0.537368 0.843348
    outer loop
      vertex 102.545 41.603 4.40319
      vertex 112.545 41.5 4.33756
      vertex 112.545 41.603 4.40319
    endloop
  endfacet
  facet normal 0 -0.537368 0.843348
    outer loop
      vertex 112.545 41.5 4.33756
      vertex 102.545 41.603 4.40319
      vertex 102.545 41.5 4.33756
    endloop
  endfacet
  facet normal 0 -0.0436469 0.999047
    outer loop
      vertex 102.545 40.922 4.15533
      vertex 112.545 40.8 4.15
      vertex 112.545 40.922 4.15533
    endloop
  endfacet
  facet normal 0 -0.0436469 0.999047
    outer loop
      vertex 112.545 40.8 4.15
      vertex 102.545 40.922 4.15533
      vertex 102.545 40.8 4.15
    endloop
  endfacet
  facet normal 0 0.991383 -0.130995
    outer loop
      vertex 112.545 39.4053 5.67202
      vertex 102.545 39.4213 5.79311
      vertex 112.545 39.4213 5.79311
    endloop
  endfacet
  facet normal 0 0.991383 -0.130995
    outer loop
      vertex 102.545 39.4213 5.79311
      vertex 112.545 39.4053 5.67202
      vertex 102.545 39.4053 5.67202
    endloop
  endfacet
  facet normal 0 -0.976356 0.216167
    outer loop
      vertex 102.545 42.1523 5.18765
      vertex 112.545 42.1787 5.30689
      vertex 102.545 42.1787 5.30689
    endloop
  endfacet
  facet normal 0 -0.976356 0.216167
    outer loop
      vertex 112.545 42.1787 5.30689
      vertex 102.545 42.1523 5.18765
      vertex 112.545 42.1523 5.18765
    endloop
  endfacet
  facet normal 0 -0.976356 -0.216167
    outer loop
      vertex 102.545 42.1787 5.79311
      vertex 112.545 42.1523 5.91235
      vertex 102.545 42.1523 5.91235
    endloop
  endfacet
  facet normal 0 -0.976356 -0.216167
    outer loop
      vertex 112.545 42.1523 5.91235
      vertex 102.545 42.1787 5.79311
      vertex 112.545 42.1787 5.79311
    endloop
  endfacet
  facet normal 0 0.886987 0.461794
    outer loop
      vertex 112.545 39.5876 4.85
      vertex 102.545 39.5312 4.95833
      vertex 112.545 39.5312 4.95833
    endloop
  endfacet
  facet normal 0 0.886987 0.461794
    outer loop
      vertex 102.545 39.5312 4.95833
      vertex 112.545 39.5876 4.85
      vertex 102.545 39.5876 4.85
    endloop
  endfacet
  facet normal 0 -0.736933 0.675965
    outer loop
      vertex 102.545 41.7899 4.56005
      vertex 112.545 41.8725 4.6501
      vertex 102.545 41.8725 4.6501
    endloop
  endfacet
  facet normal 0 -0.736933 0.675965
    outer loop
      vertex 112.545 41.8725 4.6501
      vertex 102.545 41.7899 4.56005
      vertex 112.545 41.7899 4.56005
    endloop
  endfacet
  facet normal -0 0.130501 0.991448
    outer loop
      vertex 102.545 40.678 4.15533
      vertex 112.545 40.5569 4.17127
      vertex 112.545 40.678 4.15533
    endloop
  endfacet
  facet normal 0 0.130501 0.991448
    outer loop
      vertex 112.545 40.5569 4.17127
      vertex 102.545 40.678 4.15533
      vertex 102.545 40.5569 4.17127
    endloop
  endfacet
  facet normal 0 0.976356 -0.216167
    outer loop
      vertex 112.545 39.4213 5.79311
      vertex 102.545 39.4477 5.91235
      vertex 112.545 39.4477 5.91235
    endloop
  endfacet
  facet normal 0 0.976356 -0.216167
    outer loop
      vertex 102.545 39.4477 5.91235
      vertex 112.545 39.4213 5.79311
      vertex 102.545 39.4213 5.79311
    endloop
  endfacet
  facet normal -0 0.608741 0.793369
    outer loop
      vertex 102.545 39.997 4.40319
      vertex 112.545 39.9001 4.47754
      vertex 112.545 39.997 4.40319
    endloop
  endfacet
  facet normal 0 0.608741 0.793369
    outer loop
      vertex 112.545 39.9001 4.47754
      vertex 102.545 39.997 4.40319
      vertex 102.545 39.9001 4.47754
    endloop
  endfacet
  facet normal 0 -0.130501 0.991448
    outer loop
      vertex 102.545 41.0431 4.17127
      vertex 112.545 40.922 4.15533
      vertex 112.545 41.0431 4.17127
    endloop
  endfacet
  facet normal 0 -0.130501 0.991448
    outer loop
      vertex 112.545 40.922 4.15533
      vertex 102.545 41.0431 4.17127
      vertex 102.545 40.922 4.15533
    endloop
  endfacet
  facet normal 0 0.923399 -0.383841
    outer loop
      vertex 112.545 39.4844 6.02883
      vertex 102.545 39.4932 6.05
      vertex 112.545 39.4932 6.05
    endloop
  endfacet
  facet normal 0 0.923399 -0.383841
    outer loop
      vertex 102.545 39.4932 6.05
      vertex 112.545 39.4844 6.02883
      vertex 102.545 39.4844 6.02883
    endloop
  endfacet
  facet normal 0 0.793536 0.608523
    outer loop
      vertex 112.545 39.7275 4.6501
      vertex 102.545 39.6532 4.74699
      vertex 112.545 39.6532 4.74699
    endloop
  endfacet
  facet normal 0 0.793536 0.608523
    outer loop
      vertex 102.545 39.6532 4.74699
      vertex 112.545 39.7275 4.6501
      vertex 102.545 39.7275 4.6501
    endloop
  endfacet
  facet normal 0 -0.886987 0.461794
    outer loop
      vertex 102.545 42.0124 4.85
      vertex 112.545 42.0688 4.95833
      vertex 102.545 42.0688 4.95833
    endloop
  endfacet
  facet normal 0 -0.886987 0.461794
    outer loop
      vertex 112.545 42.0688 4.95833
      vertex 102.545 42.0124 4.85
      vertex 112.545 42.0124 4.85
    endloop
  endfacet
  facet normal 0 -0.843483 0.537156
    outer loop
      vertex 102.545 41.9468 4.74699
      vertex 112.545 42.0124 4.85
      vertex 102.545 42.0124 4.85
    endloop
  endfacet
  facet normal 0 -0.843483 0.537156
    outer loop
      vertex 112.545 42.0124 4.85
      vertex 102.545 41.9468 4.74699
      vertex 112.545 41.9468 4.74699
    endloop
  endfacet
  facet normal -0 0.537368 0.843348
    outer loop
      vertex 102.545 40.1 4.33756
      vertex 112.545 39.997 4.40319
      vertex 112.545 40.1 4.33756
    endloop
  endfacet
  facet normal 0 0.537368 0.843348
    outer loop
      vertex 112.545 39.997 4.40319
      vertex 102.545 40.1 4.33756
      vertex 102.545 39.997 4.40319
    endloop
  endfacet
  facet normal 0 -0.300689 0.953722
    outer loop
      vertex 102.545 41.2788 4.23443
      vertex 112.545 41.1623 4.1977
      vertex 112.545 41.2788 4.23443
    endloop
  endfacet
  facet normal 0 -0.300689 0.953722
    outer loop
      vertex 112.545 41.1623 4.1977
      vertex 102.545 41.2788 4.23443
      vertex 102.545 41.1623 4.1977
    endloop
  endfacet
  facet normal 0 0.923705 0.383104
    outer loop
      vertex 112.545 39.5312 4.95833
      vertex 102.545 39.4844 5.07117
      vertex 112.545 39.4844 5.07117
    endloop
  endfacet
  facet normal 0 0.923705 0.383104
    outer loop
      vertex 102.545 39.4844 5.07117
      vertex 112.545 39.5312 4.95833
      vertex 102.545 39.5312 4.95833
    endloop
  endfacet
  facet normal 0 -0.999058 0.0433946
    outer loop
      vertex 102.545 42.1947 5.42798
      vertex 112.545 42.2 5.55
      vertex 102.545 42.2 5.55
    endloop
  endfacet
  facet normal 0 -0.999058 0.0433946
    outer loop
      vertex 112.545 42.2 5.55
      vertex 102.545 42.1947 5.42798
      vertex 112.545 42.1947 5.42798
    endloop
  endfacet
  facet normal 0 -0.382511 0.923951
    outer loop
      vertex 102.545 41.3917 4.28117
      vertex 112.545 41.2788 4.23443
      vertex 112.545 41.3917 4.28117
    endloop
  endfacet
  facet normal 0 -0.382511 0.923951
    outer loop
      vertex 112.545 41.2788 4.23443
      vertex 102.545 41.3917 4.28117
      vertex 102.545 41.2788 4.23443
    endloop
  endfacet
  facet normal 0 0.991383 0.130995
    outer loop
      vertex 112.545 39.4213 5.30689
      vertex 102.545 39.4053 5.42798
      vertex 112.545 39.4053 5.42798
    endloop
  endfacet
  facet normal 0 0.991383 0.130995
    outer loop
      vertex 102.545 39.4053 5.42798
      vertex 112.545 39.4213 5.30689
      vertex 102.545 39.4213 5.30689
    endloop
  endfacet
  facet normal 0 -0.608741 0.793369
    outer loop
      vertex 102.545 41.6999 4.47754
      vertex 112.545 41.603 4.40319
      vertex 112.545 41.6999 4.47754
    endloop
  endfacet
  facet normal 0 -0.608741 0.793369
    outer loop
      vertex 112.545 41.603 4.40319
      vertex 102.545 41.6999 4.47754
      vertex 102.545 41.603 4.40319
    endloop
  endfacet
  facet normal 0 -0.991383 0.130995
    outer loop
      vertex 102.545 42.1787 5.30689
      vertex 112.545 42.1947 5.42798
      vertex 102.545 42.1947 5.42798
    endloop
  endfacet
  facet normal 0 -0.991383 0.130995
    outer loop
      vertex 112.545 42.1947 5.42798
      vertex 102.545 42.1787 5.30689
      vertex 112.545 42.1787 5.30689
    endloop
  endfacet
  facet normal -0 0.300689 0.953722
    outer loop
      vertex 102.545 40.4377 4.1977
      vertex 112.545 40.3212 4.23443
      vertex 112.545 40.4377 4.1977
    endloop
  endfacet
  facet normal 0 0.300689 0.953722
    outer loop
      vertex 112.545 40.3212 4.23443
      vertex 102.545 40.4377 4.1977
      vertex 102.545 40.3212 4.23443
    endloop
  endfacet
  facet normal 0 -0.991383 -0.130995
    outer loop
      vertex 102.545 42.1947 5.67202
      vertex 112.545 42.1787 5.79311
      vertex 102.545 42.1787 5.79311
    endloop
  endfacet
  facet normal 0 -0.991383 -0.130995
    outer loop
      vertex 112.545 42.1787 5.79311
      vertex 102.545 42.1947 5.67202
      vertex 112.545 42.1947 5.67202
    endloop
  endfacet
  facet normal 0 -0.923399 -0.383841
    outer loop
      vertex 102.545 42.1156 6.02883
      vertex 112.545 42.1068 6.05
      vertex 102.545 42.1068 6.05
    endloop
  endfacet
  facet normal 0 -0.923399 -0.383841
    outer loop
      vertex 112.545 42.1068 6.05
      vertex 102.545 42.1156 6.02883
      vertex 112.545 42.1156 6.02883
    endloop
  endfacet
  facet normal 0 -0.46183 0.886969
    outer loop
      vertex 102.545 41.5 4.33756
      vertex 112.545 41.3917 4.28117
      vertex 112.545 41.5 4.33756
    endloop
  endfacet
  facet normal 0 -0.46183 0.886969
    outer loop
      vertex 112.545 41.3917 4.28117
      vertex 102.545 41.5 4.33756
      vertex 102.545 41.3917 4.28117
    endloop
  endfacet
  facet normal 0 0.953778 -0.300512
    outer loop
      vertex 112.545 39.4477 5.91235
      vertex 102.545 39.4844 6.02883
      vertex 112.545 39.4844 6.02883
    endloop
  endfacet
  facet normal 0 0.953778 -0.300512
    outer loop
      vertex 102.545 39.4844 6.02883
      vertex 112.545 39.4477 5.91235
      vertex 102.545 39.4477 5.91235
    endloop
  endfacet
  facet normal 0 -0.923705 0.383104
    outer loop
      vertex 102.545 42.0688 4.95833
      vertex 112.545 42.1156 5.07117
      vertex 102.545 42.1156 5.07117
    endloop
  endfacet
  facet normal 0 -0.923705 0.383104
    outer loop
      vertex 112.545 42.1156 5.07117
      vertex 102.545 42.0688 4.95833
      vertex 112.545 42.0688 4.95833
    endloop
  endfacet
  facet normal 0 0.843483 0.537156
    outer loop
      vertex 112.545 39.6532 4.74699
      vertex 102.545 39.5876 4.85
      vertex 112.545 39.5876 4.85
    endloop
  endfacet
  facet normal 0 0.843483 0.537156
    outer loop
      vertex 102.545 39.5876 4.85
      vertex 112.545 39.6532 4.74699
      vertex 102.545 39.6532 4.74699
    endloop
  endfacet
  facet normal 0 0.976356 0.216167
    outer loop
      vertex 112.545 39.4477 5.18765
      vertex 102.545 39.4213 5.30689
      vertex 112.545 39.4213 5.30689
    endloop
  endfacet
  facet normal 0 0.976356 0.216167
    outer loop
      vertex 102.545 39.4213 5.30689
      vertex 112.545 39.4477 5.18765
      vertex 102.545 39.4477 5.18765
    endloop
  endfacet
  facet normal 0 -0.675769 0.737113
    outer loop
      vertex 102.545 41.7899 4.56005
      vertex 112.545 41.6999 4.47754
      vertex 112.545 41.7899 4.56005
    endloop
  endfacet
  facet normal 0 -0.675769 0.737113
    outer loop
      vertex 112.545 41.6999 4.47754
      vertex 102.545 41.7899 4.56005
      vertex 102.545 41.6999 4.47754
    endloop
  endfacet
  facet normal -0 0.382511 0.923951
    outer loop
      vertex 102.545 40.3212 4.23443
      vertex 112.545 40.2083 4.28117
      vertex 112.545 40.3212 4.23443
    endloop
  endfacet
  facet normal 0 0.382511 0.923951
    outer loop
      vertex 112.545 40.2083 4.28117
      vertex 102.545 40.3212 4.23443
      vertex 102.545 40.2083 4.28117
    endloop
  endfacet
  facet normal 0 0.999058 -0.0433946
    outer loop
      vertex 112.545 39.4 5.55
      vertex 102.545 39.4053 5.67202
      vertex 112.545 39.4053 5.67202
    endloop
  endfacet
  facet normal 0 0.999058 -0.0433946
    outer loop
      vertex 102.545 39.4053 5.67202
      vertex 112.545 39.4 5.55
      vertex 102.545 39.4 5.55
    endloop
  endfacet
  facet normal 0 0.953778 0.300512
    outer loop
      vertex 112.545 39.4844 5.07117
      vertex 102.545 39.4477 5.18765
      vertex 112.545 39.4477 5.18765
    endloop
  endfacet
  facet normal 0 0.953778 0.300512
    outer loop
      vertex 102.545 39.4477 5.18765
      vertex 112.545 39.4844 5.07117
      vertex 102.545 39.4844 5.07117
    endloop
  endfacet
  facet normal 0 0.736933 0.675965
    outer loop
      vertex 112.545 39.8101 4.56005
      vertex 102.545 39.7275 4.6501
      vertex 112.545 39.7275 4.6501
    endloop
  endfacet
  facet normal 0 0.736933 0.675965
    outer loop
      vertex 102.545 39.7275 4.6501
      vertex 112.545 39.8101 4.56005
      vertex 102.545 39.8101 4.56005
    endloop
  endfacet
  facet normal -0 0.675769 0.737113
    outer loop
      vertex 102.545 39.9001 4.47754
      vertex 112.545 39.8101 4.56005
      vertex 112.545 39.9001 4.47754
    endloop
  endfacet
  facet normal 0 0.675769 0.737113
    outer loop
      vertex 112.545 39.8101 4.56005
      vertex 102.545 39.9001 4.47754
      vertex 102.545 39.8101 4.56005
    endloop
  endfacet
  facet normal 0 -0.953778 0.300512
    outer loop
      vertex 102.545 42.1156 5.07117
      vertex 112.545 42.1523 5.18765
      vertex 102.545 42.1523 5.18765
    endloop
  endfacet
  facet normal 0 -0.953778 0.300512
    outer loop
      vertex 112.545 42.1523 5.18765
      vertex 102.545 42.1156 5.07117
      vertex 112.545 42.1156 5.07117
    endloop
  endfacet
  facet normal 1 0 0
    outer loop
      vertex 102.545 82.385 14.35
      vertex 102.545 68.385 11.35
      vertex 102.545 82.385 11.35
    endloop
  endfacet
  facet normal 1 -0 0
    outer loop
      vertex 102.545 65.385 14.35
      vertex 102.545 68.385 11.35
      vertex 102.545 82.385 14.35
    endloop
  endfacet
  facet normal 1 0 0
    outer loop
      vertex 102.545 65.385 0
      vertex 102.545 68.385 11.35
      vertex 102.545 65.385 14.35
    endloop
  endfacet
  facet normal 1 0 0
    outer loop
      vertex 102.545 68.385 11.35
      vertex 102.545 65.385 0
      vertex 102.545 68.385 0
    endloop
  endfacet
  facet normal 0 0 -1
    outer loop
      vertex -99.545 68.385 11.35
      vertex -102.545 68.385 11.35
      vertex -99.545 76.3811 11.35
    endloop
  endfacet
  facet normal 0 0 -1
    outer loop
      vertex 99.545 76.3811 11.35
      vertex 102.545 68.385 11.35
      vertex 99.545 68.385 11.35
    endloop
  endfacet
  facet normal 0 0 -1
    outer loop
      vertex 102.545 68.385 11.35
      vertex 99.545 76.3811 11.35
      vertex 102.545 82.385 11.35
    endloop
  endfacet
  facet normal 0 0 -1
    outer loop
      vertex -99.545 76.3811 11.35
      vertex 102.545 82.385 11.35
      vertex 99.545 76.3811 11.35
    endloop
  endfacet
  facet normal 0 0 -1
    outer loop
      vertex -99.545 76.3811 11.35
      vertex -102.545 82.385 11.35
      vertex 102.545 82.385 11.35
    endloop
  endfacet
  facet normal 0 0 -1
    outer loop
      vertex -102.545 82.385 11.35
      vertex -99.545 76.3811 11.35
      vertex -102.545 68.385 11.35
    endloop
  endfacet
  facet normal -1 0 0
    outer loop
      vertex -102.545 68.385 0
      vertex -102.545 65.385 0
      vertex -102.545 68.385 11.35
    endloop
  endfacet
  facet normal -1 0 0
    outer loop
      vertex -102.545 68.385 11.35
      vertex -102.545 82.385 14.35
      vertex -102.545 82.385 11.35
    endloop
  endfacet
  facet normal -1 0 0
    outer loop
      vertex -102.545 68.385 11.35
      vertex -102.545 65.385 14.35
      vertex -102.545 82.385 14.35
    endloop
  endfacet
  facet normal -1 0 0
    outer loop
      vertex -102.545 65.385 14.35
      vertex -102.545 68.385 11.35
      vertex -102.545 65.385 0
    endloop
  endfacet
  facet normal 0 1 0
    outer loop
      vertex 102.545 68.385 11.35
      vertex 99.545 68.385 2.99
      vertex 99.545 68.385 11.35
    endloop
  endfacet
  facet normal 0 1 0
    outer loop
      vertex 99.545 68.385 2.99
      vertex 102.545 68.385 0
      vertex -99.545 68.385 2.99
    endloop
  endfacet
  facet normal 0 1 -0
    outer loop
      vertex 102.545 68.385 0
      vertex 99.545 68.385 2.99
      vertex 102.545 68.385 11.35
    endloop
  endfacet
  facet normal 0 1 -0
    outer loop
      vertex -99.545 68.385 2.99
      vertex -102.545 68.385 11.35
      vertex -99.545 68.385 11.35
    endloop
  endfacet
  facet normal 0 1 0
    outer loop
      vertex -99.545 68.385 2.99
      vertex -102.545 68.385 0
      vertex -102.545 68.385 11.35
    endloop
  endfacet
  facet normal 0 1 0
    outer loop
      vertex -102.545 68.385 0
      vertex -99.545 68.385 2.99
      vertex 102.545 68.385 0
    endloop
  endfacet
  facet normal 0 -1 0
    outer loop
      vertex -102.545 65.385 14.35
      vertex -99.545 65.385 11.5668
      vertex 102.545 65.385 14.35
    endloop
  endfacet
  facet normal 0 -1 0
    outer loop
      vertex -102.545 65.385 14.35
      vertex -99.545 65.385 7.65054
      vertex -99.545 65.385 11.5668
    endloop
  endfacet
  facet normal 0 -1 -0
    outer loop
      vertex -99.545 65.385 7.65054
      vertex -101.113 65.385 3
      vertex 99.545 65.385 7.65054
    endloop
  endfacet
  facet normal 0 -1 0
    outer loop
      vertex -102.545 65.385 14.35
      vertex -101.113 65.385 3
      vertex -99.545 65.385 7.65054
    endloop
  endfacet
  facet normal 0 -1 0
    outer loop
      vertex -102.545 65.385 0
      vertex -101.113 65.385 3
      vertex -102.545 65.385 14.35
    endloop
  endfacet
  facet normal 0 -1 -0
    outer loop
      vertex -101.113 65.385 3
      vertex -102.545 65.385 0
      vertex -101.113 65.385 0
    endloop
  endfacet
  facet normal 0 -1 0
    outer loop
      vertex 99.545 65.385 11.5668
      vertex 102.545 65.385 14.35
      vertex -99.545 65.385 11.5668
    endloop
  endfacet
  facet normal 0 -1 0
    outer loop
      vertex 99.545 65.385 7.65054
      vertex 102.545 65.385 14.35
      vertex 99.545 65.385 11.5668
    endloop
  endfacet
  facet normal 0 -1 0
    outer loop
      vertex 101.113 65.385 3
      vertex 99.545 65.385 7.65054
      vertex -101.113 65.385 3
    endloop
  endfacet
  facet normal 0 -1 0
    outer loop
      vertex 101.113 65.385 3
      vertex 102.545 65.385 14.35
      vertex 99.545 65.385 7.65054
    endloop
  endfacet
  facet normal 0 -1 0
    outer loop
      vertex 102.545 65.385 0
      vertex 101.113 65.385 3
      vertex 101.113 65.385 0
    endloop
  endfacet
  facet normal 0 -1 0
    outer loop
      vertex 101.113 65.385 3
      vertex 102.545 65.385 0
      vertex 102.545 65.385 14.35
    endloop
  endfacet
  facet normal 1 -0 0
    outer loop
      vertex 102.545 79.885 10.15
      vertex 102.545 83.385 0
      vertex 102.545 83.385 10.15
    endloop
  endfacet
  facet normal 1 0 0
    outer loop
      vertex 102.545 83.385 0
      vertex 102.545 79.885 10.15
      vertex 102.545 79.885 0
    endloop
  endfacet
  facet normal -0 0 1
    outer loop
      vertex -102.545 83.385 10.15
      vertex 102.545 79.885 10.15
      vertex 102.545 83.385 10.15
    endloop
  endfacet
  facet normal 0 0 1
    outer loop
      vertex 102.545 79.885 10.15
      vertex -102.545 83.385 10.15
      vertex -102.545 79.885 10.15
    endloop
  endfacet
  facet normal 0 0 -1
    outer loop
      vertex -102.545 79.885 0
      vertex 102.545 83.385 0
      vertex 102.545 79.885 0
    endloop
  endfacet
  facet normal -0 0 -1
    outer loop
      vertex 102.545 83.385 0
      vertex -102.545 79.885 0
      vertex -102.545 83.385 0
    endloop
  endfacet
  facet normal -1 0 0
    outer loop
      vertex -102.545 79.885 0
      vertex -102.545 83.385 10.15
      vertex -102.545 83.385 0
    endloop
  endfacet
  facet normal -1 -0 0
    outer loop
      vertex -102.545 83.385 10.15
      vertex -102.545 79.885 0
      vertex -102.545 79.885 10.15
    endloop
  endfacet
  facet normal 0 1 0
    outer loop
      vertex 102.545 83.385 10.15
      vertex 99.545 83.385 8.36
      vertex -102.545 83.385 10.15
    endloop
  endfacet
  facet normal 0 1 0
    outer loop
      vertex 102.545 83.385 10.15
      vertex 99.545 83.385 2.99
      vertex 99.545 83.385 8.36
    endloop
  endfacet
  facet normal 0 1 0
    outer loop
      vertex 99.545 83.385 2.99
      vertex 102.545 83.385 0
      vertex -99.545 83.385 2.99
    endloop
  endfacet
  facet normal 0 1 -0
    outer loop
      vertex 102.545 83.385 0
      vertex 99.545 83.385 2.99
      vertex 102.545 83.385 10.15
    endloop
  endfacet
  facet normal 0 1 -0
    outer loop
      vertex -99.545 83.385 8.36
      vertex -102.545 83.385 10.15
      vertex 99.545 83.385 8.36
    endloop
  endfacet
  facet normal 0 1 -0
    outer loop
      vertex -99.545 83.385 2.99
      vertex -102.545 83.385 10.15
      vertex -99.545 83.385 8.36
    endloop
  endfacet
  facet normal 0 1 0
    outer loop
      vertex -99.545 83.385 2.99
      vertex -102.545 83.385 0
      vertex -102.545 83.385 10.15
    endloop
  endfacet
  facet normal 0 1 0
    outer loop
      vertex -102.545 83.385 0
      vertex -99.545 83.385 2.99
      vertex 102.545 83.385 0
    endloop
  endfacet
  facet normal 0 -1 0
    outer loop
      vertex -102.545 79.885 10.15
      vertex -99.545 79.885 8.36
      vertex 102.545 79.885 10.15
    endloop
  endfacet
  facet normal 0 -1 0
    outer loop
      vertex -102.545 79.885 10.15
      vertex -99.545 79.885 2.99
      vertex -99.545 79.885 8.36
    endloop
  endfacet
  facet normal 0 -1 -0
    outer loop
      vertex -99.545 79.885 2.99
      vertex -102.545 79.885 0
      vertex 99.545 79.885 2.99
    endloop
  endfacet
  facet normal 0 -1 0
    outer loop
      vertex -102.545 79.885 0
      vertex -99.545 79.885 2.99
      vertex -102.545 79.885 10.15
    endloop
  endfacet
  facet normal 0 -1 0
    outer loop
      vertex 99.545 79.885 8.36
      vertex 102.545 79.885 10.15
      vertex -99.545 79.885 8.36
    endloop
  endfacet
  facet normal 0 -1 0
    outer loop
      vertex 99.545 79.885 2.99
      vertex 102.545 79.885 10.15
      vertex 99.545 79.885 8.36
    endloop
  endfacet
  facet normal 0 -1 0
    outer loop
      vertex 99.545 79.885 2.99
      vertex 102.545 79.885 0
      vertex 102.545 79.885 10.15
    endloop
  endfacet
  facet normal 0 -1 0
    outer loop
      vertex 102.545 79.885 0
      vertex 99.545 79.885 2.99
      vertex -102.545 79.885 0
    endloop
  endfacet
  facet normal 0 0 1
    outer loop
      vertex 102.545 82.385 14.35
      vertex 99.545 69.9476 14.35
      vertex 102.545 65.385 14.35
    endloop
  endfacet
  facet normal 0 0 1
    outer loop
      vertex 102.545 82.385 14.35
      vertex -99.545 69.9476 14.35
      vertex 99.545 69.9476 14.35
    endloop
  endfacet
  facet normal 0 0 1
    outer loop
      vertex -102.545 65.385 14.35
      vertex -99.545 69.9476 14.35
      vertex -102.545 82.385 14.35
    endloop
  endfacet
  facet normal -0 0 1
    outer loop
      vertex -102.545 82.385 14.35
      vertex -99.545 69.9476 14.35
      vertex 102.545 82.385 14.35
    endloop
  endfacet
  facet normal -0 0 1
    outer loop
      vertex 99.545 66.6828 14.35
      vertex 102.545 65.385 14.35
      vertex 99.545 69.9476 14.35
    endloop
  endfacet
  facet normal -0 0 1
    outer loop
      vertex -99.545 66.6828 14.35
      vertex 102.545 65.385 14.35
      vertex 99.545 66.6828 14.35
    endloop
  endfacet
  facet normal 0 0 1
    outer loop
      vertex -99.545 66.6828 14.35
      vertex -102.545 65.385 14.35
      vertex 102.545 65.385 14.35
    endloop
  endfacet
  facet normal 0 0 1
    outer loop
      vertex -99.545 69.9476 14.35
      vertex -102.545 65.385 14.35
      vertex -99.545 66.6828 14.35
    endloop
  endfacet
  facet normal 0 1 -0
    outer loop
      vertex 102.545 82.385 11.35
      vertex -102.545 82.385 14.35
      vertex 102.545 82.385 14.35
    endloop
  endfacet
  facet normal 0 1 0
    outer loop
      vertex -102.545 82.385 14.35
      vertex 102.545 82.385 11.35
      vertex -102.545 82.385 11.35
    endloop
  endfacet
  facet normal -1 0 0
    outer loop
      vertex 99.545 79.885 2.99
      vertex 99.545 83.385 8.36
      vertex 99.545 83.385 2.99
    endloop
  endfacet
  facet normal -1 -0 0
    outer loop
      vertex 99.545 83.385 8.36
      vertex 99.545 79.885 2.99
      vertex 99.545 79.885 8.36
    endloop
  endfacet
  facet normal -1 0 0
    outer loop
      vertex 99.545 67.385 6.71792
      vertex 99.545 68.385 2.99
      vertex 99.545 67.385 2.99
    endloop
  endfacet
  facet normal -1 0 0
    outer loop
      vertex 99.545 68.385 11.35
      vertex 99.545 69.9476 14.35
      vertex 99.545 76.3811 11.35
    endloop
  endfacet
  facet normal -1 0 0
    outer loop
      vertex 99.545 68.385 2.99
      vertex 99.545 67.385 6.71792
      vertex 99.545 68.385 11.35
    endloop
  endfacet
  facet normal -1 0 0
    outer loop
      vertex 99.545 68.385 11.35
      vertex 99.545 66.6828 14.35
      vertex 99.545 69.9476 14.35
    endloop
  endfacet
  facet normal -1 0 0
    outer loop
      vertex 99.545 65.385 7.65054
      vertex 99.545 68.385 11.35
      vertex 99.545 67.385 6.71792
    endloop
  endfacet
  facet normal -1 -0 0
    outer loop
      vertex 99.545 68.385 11.35
      vertex 99.545 65.385 7.65054
      vertex 99.545 65.385 11.5668
    endloop
  endfacet
  facet normal -1 0 0
    outer loop
      vertex 99.545 68.385 11.35
      vertex 99.545 65.385 11.5668
      vertex 99.545 66.6828 14.35
    endloop
  endfacet
  facet normal 0 0 -1
    outer loop
      vertex -99.545 79.885 8.36
      vertex 99.545 83.385 8.36
      vertex 99.545 79.885 8.36
    endloop
  endfacet
  facet normal -0 0 -1
    outer loop
      vertex 99.545 83.385 8.36
      vertex -99.545 79.885 8.36
      vertex -99.545 83.385 8.36
    endloop
  endfacet
  facet normal -0 0 1
    outer loop
      vertex -99.545 83.385 2.99
      vertex 99.545 79.885 2.99
      vertex 99.545 83.385 2.99
    endloop
  endfacet
  facet normal 0 0 1
    outer loop
      vertex 99.545 79.885 2.99
      vertex -99.545 83.385 2.99
      vertex -99.545 79.885 2.99
    endloop
  endfacet
  facet normal -0 0 1
    outer loop
      vertex -99.545 68.385 2.99
      vertex 99.545 67.385 2.99
      vertex 99.545 68.385 2.99
    endloop
  endfacet
  facet normal 0 0 1
    outer loop
      vertex 99.545 67.385 2.99
      vertex -99.545 68.385 2.99
      vertex -99.545 67.385 2.99
    endloop
  endfacet
  facet normal 1 -0 0
    outer loop
      vertex -99.545 79.885 8.36
      vertex -99.545 83.385 2.99
      vertex -99.545 83.385 8.36
    endloop
  endfacet
  facet normal 1 0 0
    outer loop
      vertex -99.545 83.385 2.99
      vertex -99.545 79.885 8.36
      vertex -99.545 79.885 2.99
    endloop
  endfacet
  facet normal 1 0 0
    outer loop
      vertex -99.545 69.9476 14.35
      vertex -99.545 68.385 11.35
      vertex -99.545 76.3811 11.35
    endloop
  endfacet
  facet normal 1 0 0
    outer loop
      vertex -99.545 68.385 11.35
      vertex -99.545 67.385 6.71792
      vertex -99.545 68.385 2.99
    endloop
  endfacet
  facet normal 1 -0 0
    outer loop
      vertex -99.545 66.6828 14.35
      vertex -99.545 68.385 11.35
      vertex -99.545 69.9476 14.35
    endloop
  endfacet
  facet normal 1 -0 0
    outer loop
      vertex -99.545 65.385 11.5668
      vertex -99.545 68.385 11.35
      vertex -99.545 66.6828 14.35
    endloop
  endfacet
  facet normal 1 0 0
    outer loop
      vertex -99.545 65.385 7.65054
      vertex -99.545 68.385 11.35
      vertex -99.545 65.385 11.5668
    endloop
  endfacet
  facet normal 1 0 0
    outer loop
      vertex -99.545 68.385 11.35
      vertex -99.545 65.385 7.65054
      vertex -99.545 67.385 6.71792
    endloop
  endfacet
  facet normal 1 0 0
    outer loop
      vertex -99.545 68.385 2.99
      vertex -99.545 67.385 6.71792
      vertex -99.545 67.385 2.99
    endloop
  endfacet
  facet normal 0 1 -0
    outer loop
      vertex 99.545 67.385 2.99
      vertex -99.545 67.385 6.71792
      vertex 99.545 67.385 6.71792
    endloop
  endfacet
  facet normal 0 1 0
    outer loop
      vertex -99.545 67.385 6.71792
      vertex 99.545 67.385 2.99
      vertex -99.545 67.385 2.99
    endloop
  endfacet
  facet normal -0 0.42262 0.906307
    outer loop
      vertex -99.545 67.385 6.71792
      vertex 99.545 65.385 7.65054
      vertex 99.545 67.385 6.71792
    endloop
  endfacet
  facet normal 0 0.42262 0.906307
    outer loop
      vertex 99.545 65.385 7.65054
      vertex -99.545 67.385 6.71792
      vertex -99.545 65.385 7.65054
    endloop
  endfacet
  facet normal 0 -0.422619 -0.906307
    outer loop
      vertex -99.545 69.9476 14.35
      vertex 99.545 76.3811 11.35
      vertex 99.545 69.9476 14.35
    endloop
  endfacet
  facet normal -0 -0.422619 -0.906307
    outer loop
      vertex 99.545 76.3811 11.35
      vertex -99.545 69.9476 14.35
      vertex -99.545 76.3811 11.35
    endloop
  endfacet
  facet normal 0 0.906311 -0.422611
    outer loop
      vertex 99.545 65.385 11.5668
      vertex -99.545 66.6828 14.35
      vertex 99.545 66.6828 14.35
    endloop
  endfacet
  facet normal 0 0.906311 -0.422611
    outer loop
      vertex -99.545 66.6828 14.35
      vertex 99.545 65.385 11.5668
      vertex -99.545 65.385 11.5668
    endloop
  endfacet
  facet normal 0 0 -1
    outer loop
      vertex -99.545 -62.385 11.35
      vertex -102.545 -62.385 11.35
      vertex -99.545 -57.4515 11.35
    endloop
  endfacet
  facet normal 0 0 -1
    outer loop
      vertex 99.545 -57.4515 11.35
      vertex 102.545 -62.385 11.35
      vertex 99.545 -62.385 11.35
    endloop
  endfacet
  facet normal 0 0 -1
    outer loop
      vertex 102.545 -62.385 11.35
      vertex 99.545 -57.4515 11.35
      vertex 102.545 -48.385 11.35
    endloop
  endfacet
  facet normal 0 0 -1
    outer loop
      vertex -99.545 -57.4515 11.35
      vertex 102.545 -48.385 11.35
      vertex 99.545 -57.4515 11.35
    endloop
  endfacet
  facet normal 0 0 -1
    outer loop
      vertex -99.545 -57.4515 11.35
      vertex -102.545 -48.385 11.35
      vertex 102.545 -48.385 11.35
    endloop
  endfacet
  facet normal 0 0 -1
    outer loop
      vertex -102.545 -48.385 11.35
      vertex -99.545 -57.4515 11.35
      vertex -102.545 -62.385 11.35
    endloop
  endfacet
  facet normal 0 1 -0
    outer loop
      vertex 102.545 -62.385 0
      vertex 102.518 -62.385 3
      vertex 102.545 -62.385 6.05
    endloop
  endfacet
  facet normal 0 1 0
    outer loop
      vertex 102.518 -62.385 3
      vertex 102.545 -62.385 0
      vertex 102.518 -62.385 0
    endloop
  endfacet
  facet normal 0 1 0
    outer loop
      vertex 102.545 -62.385 11.35
      vertex 99.545 -62.385 9.04946
      vertex 99.545 -62.385 11.35
    endloop
  endfacet
  facet normal 0 1 0
    outer loop
      vertex 99.545 -62.385 9.04946
      vertex 99.545 -62.385 8.36
      vertex -99.545 -62.385 9.04946
    endloop
  endfacet
  facet normal 0 1 0
    outer loop
      vertex 102.545 -62.385 11.35
      vertex 99.545 -62.385 8.36
      vertex 99.545 -62.385 9.04946
    endloop
  endfacet
  facet normal 0 1 -0
    outer loop
      vertex 102.545 -62.385 6.05
      vertex 99.545 -62.385 8.36
      vertex 102.545 -62.385 11.35
    endloop
  endfacet
  facet normal 0 1 0
    outer loop
      vertex 99.545 -62.385 3
      vertex 102.545 -62.385 6.05
      vertex 102.518 -62.385 3
    endloop
  endfacet
  facet normal 0 1 0
    outer loop
      vertex 102.545 -62.385 6.05
      vertex 99.545 -62.385 3
      vertex 99.545 -62.385 8.36
    endloop
  endfacet
  facet normal 0 1 -0
    outer loop
      vertex -99.545 -62.385 9.04946
      vertex -102.545 -62.385 11.35
      vertex -99.545 -62.385 11.35
    endloop
  endfacet
  facet normal 0 1 0
    outer loop
      vertex -99.545 -62.385 8.36
      vertex -99.545 -62.385 9.04946
      vertex 99.545 -62.385 8.36
    endloop
  endfacet
  facet normal 0 1 -0
    outer loop
      vertex -99.545 -62.385 8.36
      vertex -102.545 -62.385 11.35
      vertex -99.545 -62.385 9.04946
    endloop
  endfacet
  facet normal 0 1 0
    outer loop
      vertex -99.545 -62.385 8.36
      vertex -102.545 -62.385 6.05
      vertex -102.545 -62.385 11.35
    endloop
  endfacet
  facet normal 0 1 -0
    outer loop
      vertex -99.545 -62.385 3
      vertex -102.545 -62.385 6.05
      vertex -99.545 -62.385 8.36
    endloop
  endfacet
  facet normal 0 1 -0
    outer loop
      vertex -102.518 -62.385 3
      vertex -102.545 -62.385 6.05
      vertex -99.545 -62.385 3
    endloop
  endfacet
  facet normal 0 1 0
    outer loop
      vertex -102.545 -62.385 0
      vertex -102.518 -62.385 3
      vertex -102.518 -62.385 0
    endloop
  endfacet
  facet normal 0 1 0
    outer loop
      vertex -102.518 -62.385 3
      vertex -102.545 -62.385 0
      vertex -102.545 -62.385 6.05
    endloop
  endfacet
  facet normal 0 -1 0
    outer loop
      vertex -102.545 -65.385 14.35
      vertex -99.545 -65.385 11.5668
      vertex -99.545 -65.385 14.35
    endloop
  endfacet
  facet normal 0 -1 0
    outer loop
      vertex -99.545 -65.385 11.5668
      vertex -99.545 -65.385 8.36
      vertex 99.545 -65.385 11.5668
    endloop
  endfacet
  facet normal 0 -1 0
    outer loop
      vertex -102.545 -65.385 14.35
      vertex -99.545 -65.385 8.36
      vertex -99.545 -65.385 11.5668
    endloop
  endfacet
  facet normal 0 -1 0
    outer loop
      vertex -102.545 -65.385 14.35
      vertex -101.113 -65.385 3
      vertex -99.545 -65.385 8.36
    endloop
  endfacet
  facet normal 0 -1 0
    outer loop
      vertex -102.545 -65.385 0
      vertex -101.113 -65.385 3
      vertex -102.545 -65.385 14.35
    endloop
  endfacet
  facet normal 0 -1 -0
    outer loop
      vertex -101.113 -65.385 3
      vertex -102.545 -65.385 0
      vertex -101.113 -65.385 0
    endloop
  endfacet
  facet normal 0 -1 0
    outer loop
      vertex 99.545 -65.385 11.5668
      vertex 102.545 -65.385 14.35
      vertex 99.545 -65.385 14.35
    endloop
  endfacet
  facet normal 0 -1 0
    outer loop
      vertex 99.545 -65.385 8.36
      vertex 99.545 -65.385 11.5668
      vertex -99.545 -65.385 8.36
    endloop
  endfacet
  facet normal 0 -1 0
    outer loop
      vertex 99.545 -65.385 8.36
      vertex 102.545 -65.385 14.35
      vertex 99.545 -65.385 11.5668
    endloop
  endfacet
  facet normal 0 -1 0
    outer loop
      vertex 101.113 -65.385 3
      vertex 99.545 -65.385 8.36
      vertex 99.545 -65.385 3
    endloop
  endfacet
  facet normal 0 -1 0
    outer loop
      vertex 99.545 -65.385 8.36
      vertex 101.113 -65.385 3
      vertex 102.545 -65.385 14.35
    endloop
  endfacet
  facet normal 0 -1 0
    outer loop
      vertex 102.545 -65.385 0
      vertex 101.113 -65.385 3
      vertex 101.113 -65.385 0
    endloop
  endfacet
  facet normal 0 -1 0
    outer loop
      vertex 101.113 -65.385 3
      vertex 102.545 -65.385 0
      vertex 102.545 -65.385 14.35
    endloop
  endfacet
  facet normal 0 -1 -0
    outer loop
      vertex -99.545 -65.385 8.36
      vertex -101.113 -65.385 3
      vertex -99.545 -65.385 3
    endloop
  endfacet
  facet normal 1 -0 0
    outer loop
      vertex 102.545 -79.885 10.15
      vertex 102.545 -76.385 0
      vertex 102.545 -76.385 10.15
    endloop
  endfacet
  facet normal 1 0 0
    outer loop
      vertex 102.545 -76.385 0
      vertex 102.545 -79.885 10.15
      vertex 102.545 -79.885 0
    endloop
  endfacet
  facet normal -0 0 1
    outer loop
      vertex -102.545 -76.385 10.15
      vertex 102.545 -79.885 10.15
      vertex 102.545 -76.385 10.15
    endloop
  endfacet
  facet normal 0 0 1
    outer loop
      vertex 102.545 -79.885 10.15
      vertex -102.545 -76.385 10.15
      vertex -102.545 -79.885 10.15
    endloop
  endfacet
  facet normal 0 0 -1
    outer loop
      vertex -102.545 -79.885 0
      vertex 102.545 -76.385 0
      vertex 102.545 -79.885 0
    endloop
  endfacet
  facet normal -0 0 -1
    outer loop
      vertex 102.545 -76.385 0
      vertex -102.545 -79.885 0
      vertex -102.545 -76.385 0
    endloop
  endfacet
  facet normal -1 0 0
    outer loop
      vertex -102.545 -79.885 0
      vertex -102.545 -76.385 10.15
      vertex -102.545 -76.385 0
    endloop
  endfacet
  facet normal -1 -0 0
    outer loop
      vertex -102.545 -76.385 10.15
      vertex -102.545 -79.885 0
      vertex -102.545 -79.885 10.15
    endloop
  endfacet
  facet normal 0 1 -0
    outer loop
      vertex 102.545 -76.385 0
      vertex -102.545 -76.385 10.15
      vertex 102.545 -76.385 10.15
    endloop
  endfacet
  facet normal 0 1 0
    outer loop
      vertex -102.545 -76.385 10.15
      vertex 102.545 -76.385 0
      vertex -102.545 -76.385 0
    endloop
  endfacet
  facet normal 0 -1 0
    outer loop
      vertex -102.545 -79.885 0
      vertex 102.545 -79.885 10.15
      vertex -102.545 -79.885 10.15
    endloop
  endfacet
  facet normal 0 -1 -0
    outer loop
      vertex 102.545 -79.885 10.15
      vertex -102.545 -79.885 0
      vertex 102.545 -79.885 0
    endloop
  endfacet
  facet normal 0 0 1
    outer loop
      vertex 102.545 -48.385 14.35
      vertex 99.545 -53.4423 14.35
      vertex 102.545 -65.385 14.35
    endloop
  endfacet
  facet normal 0 0 1
    outer loop
      vertex 102.545 -48.385 14.35
      vertex -99.545 -53.4423 14.35
      vertex 99.545 -53.4423 14.35
    endloop
  endfacet
  facet normal -0 0 1
    outer loop
      vertex -102.545 -48.385 14.35
      vertex -99.545 -53.4423 14.35
      vertex 102.545 -48.385 14.35
    endloop
  endfacet
  facet normal 0 0 1
    outer loop
      vertex -102.545 -65.385 14.35
      vertex -99.545 -53.4423 14.35
      vertex -102.545 -48.385 14.35
    endloop
  endfacet
  facet normal 0 0 1
    outer loop
      vertex -99.545 -53.4423 14.35
      vertex -102.545 -65.385 14.35
      vertex -99.545 -65.385 14.35
    endloop
  endfacet
  facet normal 0 0 1
    outer loop
      vertex 102.545 -65.385 14.35
      vertex 99.545 -53.4423 14.35
      vertex 99.545 -65.385 14.35
    endloop
  endfacet
  facet normal 0 1 -0
    outer loop
      vertex 102.545 -48.385 11.35
      vertex -102.545 -48.385 14.35
      vertex 102.545 -48.385 14.35
    endloop
  endfacet
  facet normal 0 1 0
    outer loop
      vertex -102.545 -48.385 14.35
      vertex 102.545 -48.385 11.35
      vertex -102.545 -48.385 11.35
    endloop
  endfacet
  facet normal -1 0 0
    outer loop
      vertex 99.545 -62.385 3
      vertex 99.545 -63.8636 8.36
      vertex 99.545 -62.385 8.36
    endloop
  endfacet
  facet normal -1 0 0
    outer loop
      vertex 99.545 -62.385 3
      vertex 99.545 -63.8897 8.36
      vertex 99.545 -63.8636 8.36
    endloop
  endfacet
  facet normal -1 0 0
    outer loop
      vertex 99.545 -65.385 3
      vertex 99.545 -63.8897 8.36
      vertex 99.545 -62.385 3
    endloop
  endfacet
  facet normal -1 -0 0
    outer loop
      vertex 99.545 -63.8897 8.36
      vertex 99.545 -65.385 3
      vertex 99.545 -65.385 8.36
    endloop
  endfacet
  facet normal -1 -0 0
    outer loop
      vertex 99.545 -62.385 9.04946
      vertex 99.545 -63.8636 8.36
      vertex 99.545 -62.385 11.35
    endloop
  endfacet
  facet normal -1 0 0
    outer loop
      vertex 99.545 -57.4515 11.35
      vertex 99.545 -53.4423 14.35
      vertex 99.545 -53.0093 13.4214
    endloop
  endfacet
  facet normal -1 0 0
    outer loop
      vertex 99.545 -65.385 14.35
      vertex 99.545 -57.4515 11.35
      vertex 99.545 -62.385 11.35
    endloop
  endfacet
  facet normal -1 0 0
    outer loop
      vertex 99.545 -63.8897 8.36
      vertex 99.545 -62.385 11.35
      vertex 99.545 -63.8636 8.36
    endloop
  endfacet
  facet normal -1 0 0
    outer loop
      vertex 99.545 -65.385 11.5668
      vertex 99.545 -62.385 11.35
      vertex 99.545 -63.8897 8.36
    endloop
  endfacet
  facet normal -1 0 0
    outer loop
      vertex 99.545 -65.385 14.35
      vertex 99.545 -62.385 11.35
      vertex 99.545 -65.385 11.5668
    endloop
  endfacet
  facet normal -1 0 0
    outer loop
      vertex 99.545 -57.4515 11.35
      vertex 99.545 -65.385 14.35
      vertex 99.545 -53.4423 14.35
    endloop
  endfacet
  facet normal 0 0 -1
    outer loop
      vertex -99.545 -63.8636 8.36
      vertex 99.545 -62.385 8.36
      vertex 99.545 -63.8636 8.36
    endloop
  endfacet
  facet normal -0 0 -1
    outer loop
      vertex 99.545 -62.385 8.36
      vertex -99.545 -63.8636 8.36
      vertex -99.545 -62.385 8.36
    endloop
  endfacet
  facet normal 0 0 -1
    outer loop
      vertex -99.545 -65.385 8.36
      vertex 99.545 -63.8897 8.36
      vertex 99.545 -65.385 8.36
    endloop
  endfacet
  facet normal -0 0 -1
    outer loop
      vertex 99.545 -63.8897 8.36
      vertex -99.545 -65.385 8.36
      vertex -99.545 -63.8897 8.36
    endloop
  endfacet
  facet normal 1 0 0
    outer loop
      vertex -99.545 -53.4423 14.35
      vertex -99.545 -57.4515 11.35
      vertex -99.545 -53.0093 13.4214
    endloop
  endfacet
  facet normal 1 -0 0
    outer loop
      vertex -99.545 -65.385 14.35
      vertex -99.545 -57.4515 11.35
      vertex -99.545 -53.4423 14.35
    endloop
  endfacet
  facet normal 1 0 0
    outer loop
      vertex -99.545 -62.385 11.35
      vertex -99.545 -63.8636 8.36
      vertex -99.545 -62.385 9.04946
    endloop
  endfacet
  facet normal 1 0 0
    outer loop
      vertex -99.545 -62.385 11.35
      vertex -99.545 -63.8897 8.36
      vertex -99.545 -63.8636 8.36
    endloop
  endfacet
  facet normal 1 0 0
    outer loop
      vertex -99.545 -57.4515 11.35
      vertex -99.545 -65.385 14.35
      vertex -99.545 -62.385 11.35
    endloop
  endfacet
  facet normal 1 -0 0
    outer loop
      vertex -99.545 -65.385 11.5668
      vertex -99.545 -62.385 11.35
      vertex -99.545 -65.385 14.35
    endloop
  endfacet
  facet normal 1 0 0
    outer loop
      vertex -99.545 -62.385 11.35
      vertex -99.545 -65.385 11.5668
      vertex -99.545 -63.8897 8.36
    endloop
  endfacet
  facet normal 1 -0 0
    outer loop
      vertex -99.545 -63.8636 8.36
      vertex -99.545 -62.385 3
      vertex -99.545 -62.385 8.36
    endloop
  endfacet
  facet normal 1 -0 0
    outer loop
      vertex -99.545 -63.8897 8.36
      vertex -99.545 -62.385 3
      vertex -99.545 -63.8636 8.36
    endloop
  endfacet
  facet normal 1 0 0
    outer loop
      vertex -99.545 -65.385 3
      vertex -99.545 -63.8897 8.36
      vertex -99.545 -65.385 8.36
    endloop
  endfacet
  facet normal 1 0 0
    outer loop
      vertex -99.545 -63.8897 8.36
      vertex -99.545 -65.385 3
      vertex -99.545 -62.385 3
    endloop
  endfacet
  facet normal 0 -0.422613 0.90631
    outer loop
      vertex -99.545 -53.0093 13.4214
      vertex 99.545 -57.4515 11.35
      vertex 99.545 -53.0093 13.4214
    endloop
  endfacet
  facet normal 0 -0.422613 0.90631
    outer loop
      vertex 99.545 -57.4515 11.35
      vertex -99.545 -53.0093 13.4214
      vertex -99.545 -57.4515 11.35
    endloop
  endfacet
  facet normal 0 -0.422607 0.906313
    outer loop
      vertex -99.545 -62.385 9.04946
      vertex 99.545 -63.8636 8.36
      vertex 99.545 -62.385 9.04946
    endloop
  endfacet
  facet normal 0 -0.422607 0.906313
    outer loop
      vertex 99.545 -63.8636 8.36
      vertex -99.545 -62.385 9.04946
      vertex -99.545 -63.8636 8.36
    endloop
  endfacet
  facet normal 0 0.906314 0.422605
    outer loop
      vertex 99.545 -63.8897 8.36
      vertex -99.545 -65.385 11.5668
      vertex 99.545 -65.385 11.5668
    endloop
  endfacet
  facet normal 0 0.906314 0.422605
    outer loop
      vertex -99.545 -65.385 11.5668
      vertex 99.545 -63.8897 8.36
      vertex -99.545 -63.8897 8.36
    endloop
  endfacet
  facet normal 0 -0.906313 -0.422608
    outer loop
      vertex -99.545 -53.0093 13.4214
      vertex 99.545 -53.4423 14.35
      vertex -99.545 -53.4423 14.35
    endloop
  endfacet
  facet normal 0 -0.906313 -0.422608
    outer loop
      vertex 99.545 -53.4423 14.35
      vertex -99.545 -53.0093 13.4214
      vertex 99.545 -53.0093 13.4214
    endloop
  endfacet
endsolid OpenSCAD_Model
