solid OpenSCAD_Model
  facet normal 1 -0 0
    outer loop
      vertex 133.545 -14.75 -55
      vertex 133.545 3.65 -59
      vertex 133.545 3.65 -55
    endloop
  endfacet
  facet normal 1 0 0
    outer loop
      vertex 133.545 3.65 -59
      vertex 133.545 -14.75 -55
      vertex 133.545 -14.75 -59
    endloop
  endfacet
  facet normal 0 -1 0
    outer loop
      vertex 121.545 -14.75 -59
      vertex 127.545 -14.75 -55
      vertex 121.545 -14.75 -55
    endloop
  endfacet
  facet normal 0 -1 0
    outer loop
      vertex 133.545 -14.75 -59
      vertex 127.545 -14.75 -55
      vertex 121.545 -14.75 -59
    endloop
  endfacet
  facet normal 0 -1 0
    outer loop
      vertex 127.545 -14.75 -55
      vertex 133.545 -14.75 -59
      vertex 129.545 -14.75 -55
    endloop
  endfacet
  facet normal 0 -1 0
    outer loop
      vertex 129.545 -14.75 -55
      vertex 133.545 -14.75 -59
      vertex 133.545 -14.75 -55
    endloop
  endfacet
  facet normal 0 -1 0
    outer loop
      vertex 127.545 -14.75 -55
      vertex 129.545 -14.75 55
      vertex 127.545 -14.75 55
    endloop
  endfacet
  facet normal 0 -1 -0
    outer loop
      vertex 129.545 -14.75 55
      vertex 127.545 -14.75 -55
      vertex 129.545 -14.75 -55
    endloop
  endfacet
  facet normal 0 -1 0
    outer loop
      vertex 127.545 -14.75 55
      vertex 121.545 -14.75 59
      vertex 121.545 -14.75 55
    endloop
  endfacet
  facet normal 0 -1 0
    outer loop
      vertex 121.545 -14.75 59
      vertex 127.545 -14.75 55
      vertex 133.545 -14.75 59
    endloop
  endfacet
  facet normal 0 -1 0
    outer loop
      vertex 129.545 -14.75 55
      vertex 133.545 -14.75 59
      vertex 127.545 -14.75 55
    endloop
  endfacet
  facet normal 0 -1 -0
    outer loop
      vertex 133.545 -14.75 59
      vertex 129.545 -14.75 55
      vertex 133.545 -14.75 55
    endloop
  endfacet
  facet normal 0 1 -0
    outer loop
      vertex 133.545 3.65 -59
      vertex 129.545 3.65 -55
      vertex 133.545 3.65 -55
    endloop
  endfacet
  facet normal 0 1 0
    outer loop
      vertex 129.545 3.65 -55
      vertex 133.545 3.65 -59
      vertex 127.545 3.65 -55
    endloop
  endfacet
  facet normal 0 1 0
    outer loop
      vertex 121.545 3.65 -59
      vertex 127.545 3.65 -55
      vertex 133.545 3.65 -59
    endloop
  endfacet
  facet normal 0 1 0
    outer loop
      vertex 127.545 3.65 -55
      vertex 121.545 3.65 -59
      vertex 121.545 3.65 -55
    endloop
  endfacet
  facet normal 0 1 -0
    outer loop
      vertex 129.545 3.65 -55
      vertex 127.545 3.65 55
      vertex 129.545 3.65 55
    endloop
  endfacet
  facet normal 0 1 0
    outer loop
      vertex 127.545 3.65 55
      vertex 129.545 3.65 -55
      vertex 127.545 3.65 -55
    endloop
  endfacet
  facet normal 0 1 0
    outer loop
      vertex 129.545 3.65 55
      vertex 133.545 3.65 59
      vertex 133.545 3.65 55
    endloop
  endfacet
  facet normal 0 1 0
    outer loop
      vertex 133.545 3.65 59
      vertex 129.545 3.65 55
      vertex 126.545 3.65 59
    endloop
  endfacet
  facet normal 0 1 -0
    outer loop
      vertex 127.545 3.65 55
      vertex 126.545 3.65 59
      vertex 129.545 3.65 55
    endloop
  endfacet
  facet normal 0 1 0
    outer loop
      vertex 126.545 3.65 59
      vertex 127.545 3.65 55
      vertex 126.545 3.65 55
    endloop
  endfacet
  facet normal -1 0 0
    outer loop
      vertex 121.545 -14.75 -59
      vertex 121.545 -14 -55
      vertex 121.545 -14 -59
    endloop
  endfacet
  facet normal -1 -0 0
    outer loop
      vertex 121.545 -14 -55
      vertex 121.545 -14.75 -59
      vertex 121.545 -14.75 -55
    endloop
  endfacet
  facet normal -1 0 0
    outer loop
      vertex 121.545 0 -59
      vertex 121.545 3.65 -55
      vertex 121.545 3.65 -59
    endloop
  endfacet
  facet normal -1 -0 0
    outer loop
      vertex 121.545 3.65 -55
      vertex 121.545 0 -59
      vertex 121.545 0 -55
    endloop
  endfacet
  facet normal -0 0 1
    outer loop
      vertex 121.545 -14 -55
      vertex 127.545 -14.75 -55
      vertex 127.545 -14 -55
    endloop
  endfacet
  facet normal 0 0 1
    outer loop
      vertex 127.545 -14.75 -55
      vertex 121.545 -14 -55
      vertex 121.545 -14.75 -55
    endloop
  endfacet
  facet normal -0 0 1
    outer loop
      vertex 129.545 3.65 -55
      vertex 133.545 -14.75 -55
      vertex 133.545 3.65 -55
    endloop
  endfacet
  facet normal 0 0 1
    outer loop
      vertex 133.545 -14.75 -55
      vertex 129.545 3.65 -55
      vertex 129.545 -14.75 -55
    endloop
  endfacet
  facet normal -0 0 1
    outer loop
      vertex 121.545 3.65 -55
      vertex 127.545 0 -55
      vertex 127.545 3.65 -55
    endloop
  endfacet
  facet normal 0 0 1
    outer loop
      vertex 127.545 0 -55
      vertex 121.545 3.65 -55
      vertex 121.545 0 -55
    endloop
  endfacet
  facet normal 0 0 -1
    outer loop
      vertex 127.545 0 -59
      vertex 133.545 -14.75 -59
      vertex 127.545 -14 -59
    endloop
  endfacet
  facet normal 0 0 -1
    outer loop
      vertex 121.545 -14.75 -59
      vertex 127.545 -14 -59
      vertex 133.545 -14.75 -59
    endloop
  endfacet
  facet normal -0 0 -1
    outer loop
      vertex 127.545 -14 -59
      vertex 121.545 -14.75 -59
      vertex 121.545 -14 -59
    endloop
  endfacet
  facet normal 0 0 -1
    outer loop
      vertex 133.545 -14.75 -59
      vertex 127.545 0 -59
      vertex 133.545 3.65 -59
    endloop
  endfacet
  facet normal 0 0 -1
    outer loop
      vertex 121.545 3.65 -59
      vertex 127.545 0 -59
      vertex 121.545 0 -59
    endloop
  endfacet
  facet normal 0 0 -1
    outer loop
      vertex 127.545 0 -59
      vertex 121.545 3.65 -59
      vertex 133.545 3.65 -59
    endloop
  endfacet
  facet normal 1 -0 0
    outer loop
      vertex 133.545 -14.75 59
      vertex 133.545 3.65 55
      vertex 133.545 3.65 59
    endloop
  endfacet
  facet normal 1 0 0
    outer loop
      vertex 133.545 3.65 55
      vertex 133.545 -14.75 59
      vertex 133.545 -14.75 55
    endloop
  endfacet
  facet normal -1 0 0
    outer loop
      vertex 121.545 -14.75 55
      vertex 121.545 -14 59
      vertex 121.545 -14 55
    endloop
  endfacet
  facet normal -1 -0 0
    outer loop
      vertex 121.545 -14 59
      vertex 121.545 -14.75 55
      vertex 121.545 -14.75 59
    endloop
  endfacet
  facet normal 0 0 1
    outer loop
      vertex 127.545 -1.05 59
      vertex 133.545 3.65 59
      vertex 127.545 2.95 59
    endloop
  endfacet
  facet normal -0 0 1
    outer loop
      vertex 126.545 3.65 59
      vertex 127.545 2.95 59
      vertex 133.545 3.65 59
    endloop
  endfacet
  facet normal 0 0 1
    outer loop
      vertex 127.545 2.95 59
      vertex 126.545 3.65 59
      vertex 126.545 2.95 59
    endloop
  endfacet
  facet normal 0 0 1
    outer loop
      vertex 133.545 3.65 59
      vertex 127.545 -1.05 59
      vertex 133.545 -14.75 59
    endloop
  endfacet
  facet normal -0 0 1
    outer loop
      vertex 127.545 -14 59
      vertex 133.545 -14.75 59
      vertex 127.545 -1.05 59
    endloop
  endfacet
  facet normal 0 0 1
    outer loop
      vertex 121.545 -14.75 59
      vertex 127.545 -14 59
      vertex 121.545 -14 59
    endloop
  endfacet
  facet normal 0 0 1
    outer loop
      vertex 127.545 -14 59
      vertex 121.545 -14.75 59
      vertex 133.545 -14.75 59
    endloop
  endfacet
  facet normal 0 0 -1
    outer loop
      vertex 121.545 -14.75 55
      vertex 127.545 -14 55
      vertex 127.545 -14.75 55
    endloop
  endfacet
  facet normal -0 0 -1
    outer loop
      vertex 127.545 -14 55
      vertex 121.545 -14.75 55
      vertex 121.545 -14 55
    endloop
  endfacet
  facet normal 0 0 -1
    outer loop
      vertex 129.545 -14.75 55
      vertex 133.545 3.65 55
      vertex 133.545 -14.75 55
    endloop
  endfacet
  facet normal -0 0 -1
    outer loop
      vertex 133.545 3.65 55
      vertex 129.545 -14.75 55
      vertex 129.545 3.65 55
    endloop
  endfacet
  facet normal 0 0 -1
    outer loop
      vertex 126.545 2.95 55
      vertex 127.545 3.65 55
      vertex 127.545 2.95 55
    endloop
  endfacet
  facet normal -0 0 -1
    outer loop
      vertex 127.545 3.65 55
      vertex 126.545 2.95 55
      vertex 126.545 3.65 55
    endloop
  endfacet
  facet normal 1 0 0
    outer loop
      vertex 127.545 0 68
      vertex 127.545 -1.05 61
      vertex 127.545 0 61
    endloop
  endfacet
  facet normal 1 -0 0
    outer loop
      vertex 127.545 -14 68
      vertex 127.545 -1.05 61
      vertex 127.545 0 68
    endloop
  endfacet
  facet normal 1 0 0
    outer loop
      vertex 127.545 -14 59
      vertex 127.545 -1.05 61
      vertex 127.545 -14 68
    endloop
  endfacet
  facet normal 1 0 0
    outer loop
      vertex 127.545 -1.05 61
      vertex 127.545 -14 59
      vertex 127.545 -1.05 59
    endloop
  endfacet
  facet normal 1 -0 0
    outer loop
      vertex 127.545 -14 -59
      vertex 127.545 0 -68
      vertex 127.545 0 -59
    endloop
  endfacet
  facet normal 1 0 0
    outer loop
      vertex 127.545 0 -68
      vertex 127.545 -14 -59
      vertex 127.545 -14 -68
    endloop
  endfacet
  facet normal -1 0 0
    outer loop
      vertex 127.545 2.95 -39
      vertex 127.545 3.65 -55
      vertex 127.545 2.95 -43
    endloop
  endfacet
  facet normal -1 0 0
    outer loop
      vertex 127.545 0 -55
      vertex 127.545 2.95 -43
      vertex 127.545 3.65 -55
    endloop
  endfacet
  facet normal -1 -0 0
    outer loop
      vertex 127.545 2.95 -43
      vertex 127.545 0 -55
      vertex 127.545 0 -43
    endloop
  endfacet
  facet normal -1 0 0
    outer loop
      vertex 127.545 2.95 -25
      vertex 127.545 3.65 -55
      vertex 127.545 2.95 -39
    endloop
  endfacet
  facet normal -1 0 0
    outer loop
      vertex 127.545 3.65 -55
      vertex 127.545 2.95 -25
      vertex 127.545 3.65 55
    endloop
  endfacet
  facet normal -1 -0 0
    outer loop
      vertex 127.545 3.65 55
      vertex 127.545 2.95 -25
      vertex 127.545 2.95 55
    endloop
  endfacet
  facet normal -1 0 0
    outer loop
      vertex 127.545 -14.75 -55
      vertex 127.545 -14 55
      vertex 127.545 -14 -55
    endloop
  endfacet
  facet normal -1 -0 0
    outer loop
      vertex 127.545 -14 55
      vertex 127.545 -14.75 -55
      vertex 127.545 -14.75 55
    endloop
  endfacet
  facet normal -1 0 0
    outer loop
      vertex 127.545 0 -43
      vertex 127.545 2.95 -39
      vertex 127.545 2.95 -43
    endloop
  endfacet
  facet normal -1 0 0
    outer loop
      vertex 127.545 -1.05 -39
      vertex 127.545 0 -43
      vertex 127.545 -1.05 -43
    endloop
  endfacet
  facet normal -1 0 0
    outer loop
      vertex 127.545 0 -43
      vertex 127.545 -1.05 -39
      vertex 127.545 2.95 -39
    endloop
  endfacet
  facet normal -1 0 0
    outer loop
      vertex 127.545 -1.05 -25
      vertex 127.545 2.95 55
      vertex 127.545 2.95 -25
    endloop
  endfacet
  facet normal -1 0 0
    outer loop
      vertex 127.545 -1.05 59
      vertex 127.545 2.95 55
      vertex 127.545 -1.05 -25
    endloop
  endfacet
  facet normal -1 0 0
    outer loop
      vertex 127.545 2.95 55
      vertex 127.545 -1.05 59
      vertex 127.545 2.95 59
    endloop
  endfacet
  facet normal 0 -1 0
    outer loop
      vertex 117.545 -14 68
      vertex 121.545 -14 59
      vertex 127.545 -14 68
    endloop
  endfacet
  facet normal 0 -1 0
    outer loop
      vertex 117.545 -14 68
      vertex 121.545 -14 55
      vertex 121.545 -14 59
    endloop
  endfacet
  facet normal 0 -1 0
    outer loop
      vertex 121.545 -14 55
      vertex 121.545 -14 -55
      vertex 127.545 -14 55
    endloop
  endfacet
  facet normal 0 -1 0
    outer loop
      vertex 117.545 -14 68
      vertex 121.545 -14 -55
      vertex 121.545 -14 55
    endloop
  endfacet
  facet normal 0 -1 0
    outer loop
      vertex 117.545 -14 -68
      vertex 121.545 -14 -55
      vertex 117.545 -14 68
    endloop
  endfacet
  facet normal 0 -1 -0
    outer loop
      vertex 121.545 -14 -55
      vertex 117.545 -14 -68
      vertex 121.545 -14 -59
    endloop
  endfacet
  facet normal 0 -1 0
    outer loop
      vertex 127.545 -14 -68
      vertex 121.545 -14 -59
      vertex 117.545 -14 -68
    endloop
  endfacet
  facet normal 0 -1 0
    outer loop
      vertex 121.545 -14 -59
      vertex 127.545 -14 -68
      vertex 127.545 -14 -59
    endloop
  endfacet
  facet normal 0 -1 -0
    outer loop
      vertex 127.545 -14 68
      vertex 121.545 -14 59
      vertex 127.545 -14 59
    endloop
  endfacet
  facet normal 0 -1 -0
    outer loop
      vertex 127.545 -14 55
      vertex 121.545 -14 -55
      vertex 127.545 -14 -55
    endloop
  endfacet
  facet normal 0 1 0
    outer loop
      vertex 127.545 0 68
      vertex 126.545 0 66
      vertex 117.545 0 68
    endloop
  endfacet
  facet normal 0 1 -0
    outer loop
      vertex 127.545 0 61
      vertex 126.545 0 66
      vertex 127.545 0 68
    endloop
  endfacet
  facet normal 0 1 0
    outer loop
      vertex 126.545 0 66
      vertex 127.545 0 61
      vertex 126.545 0 61
    endloop
  endfacet
  facet normal 0 1 -0
    outer loop
      vertex 118.545 0 66
      vertex 117.545 0 68
      vertex 126.545 0 66
    endloop
  endfacet
  facet normal 0 1 0
    outer loop
      vertex 117.545 0 61
      vertex 118.545 0 66
      vertex 118.545 0 61
    endloop
  endfacet
  facet normal 0 1 0
    outer loop
      vertex 118.545 0 66
      vertex 117.545 0 61
      vertex 117.545 0 68
    endloop
  endfacet
  facet normal 0 1 0
    outer loop
      vertex 127.545 0 -59
      vertex 127.545 0 -68
      vertex 121.545 0 -59
    endloop
  endfacet
  facet normal 0 1 0
    outer loop
      vertex 121.545 0 -55
      vertex 127.545 0 -43
      vertex 127.545 0 -55
    endloop
  endfacet
  facet normal 0 1 0
    outer loop
      vertex 127.545 0 -43
      vertex 121.545 0 -55
      vertex 117.545 0 -43
    endloop
  endfacet
  facet normal 0 1 0
    outer loop
      vertex 117.545 0 -68
      vertex 121.545 0 -55
      vertex 121.545 0 -59
    endloop
  endfacet
  facet normal 0 1 0
    outer loop
      vertex 121.545 0 -55
      vertex 117.545 0 -68
      vertex 117.545 0 -43
    endloop
  endfacet
  facet normal 0 1 0
    outer loop
      vertex 117.545 0 -68
      vertex 121.545 0 -59
      vertex 127.545 0 -68
    endloop
  endfacet
  facet normal -1 0 0
    outer loop
      vertex 117.545 0 -68
      vertex 117.545 -1.05 -43
      vertex 117.545 0 -43
    endloop
  endfacet
  facet normal -1 0 0
    outer loop
      vertex 117.545 -3.90628 -40.9438
      vertex 117.545 -1.05 -39
      vertex 117.545 -1.05 -43
    endloop
  endfacet
  facet normal -1 0 0
    outer loop
      vertex 117.545 -5.40619 -42.4437
      vertex 117.545 -1.05 -43
      vertex 117.545 0 -68
    endloop
  endfacet
  facet normal -1 0 0
    outer loop
      vertex 117.545 -1.05 -39
      vertex 117.545 -3.90628 -40.9438
      vertex 117.545 -3.9 -40.8
    endloop
  endfacet
  facet normal -1 0 0
    outer loop
      vertex 117.545 -1.05 -43
      vertex 117.545 -3.92507 -41.0865
      vertex 117.545 -3.90628 -40.9438
    endloop
  endfacet
  facet normal -1 0 0
    outer loop
      vertex 117.545 -1.05 -43
      vertex 117.545 -3.95622 -41.2271
      vertex 117.545 -3.92507 -41.0865
    endloop
  endfacet
  facet normal -1 0 0
    outer loop
      vertex 117.545 -1.05 -43
      vertex 117.545 -3.99951 -41.3643
      vertex 117.545 -3.95622 -41.2271
    endloop
  endfacet
  facet normal -1 0 0
    outer loop
      vertex 117.545 -1.05 -43
      vertex 117.545 -4.05459 -41.4973
      vertex 117.545 -3.99951 -41.3643
    endloop
  endfacet
  facet normal -1 0 0
    outer loop
      vertex 117.545 -1.05 -43
      vertex 117.545 -4.12106 -41.625
      vertex 117.545 -4.05459 -41.4973
    endloop
  endfacet
  facet normal -1 0 0
    outer loop
      vertex 117.545 -1.05 -43
      vertex 117.545 -4.1984 -41.7464
      vertex 117.545 -4.12106 -41.625
    endloop
  endfacet
  facet normal -1 0 0
    outer loop
      vertex 117.545 -1.05 -43
      vertex 117.545 -4.28603 -41.8606
      vertex 117.545 -4.1984 -41.7464
    endloop
  endfacet
  facet normal -1 0 0
    outer loop
      vertex 117.545 -1.05 -43
      vertex 117.545 -4.38327 -41.9667
      vertex 117.545 -4.28603 -41.8606
    endloop
  endfacet
  facet normal -1 0 0
    outer loop
      vertex 117.545 -1.05 -43
      vertex 117.545 -4.4894 -42.064
      vertex 117.545 -4.38327 -41.9667
    endloop
  endfacet
  facet normal -1 0 0
    outer loop
      vertex 117.545 -1.05 -43
      vertex 117.545 -4.6036 -42.1516
      vertex 117.545 -4.4894 -42.064
    endloop
  endfacet
  facet normal -1 0 0
    outer loop
      vertex 117.545 -1.05 -43
      vertex 117.545 -4.725 -42.2289
      vertex 117.545 -4.6036 -42.1516
    endloop
  endfacet
  facet normal -1 0 0
    outer loop
      vertex 117.545 -1.05 -43
      vertex 117.545 -4.85268 -42.2954
      vertex 117.545 -4.725 -42.2289
    endloop
  endfacet
  facet normal -1 0 0
    outer loop
      vertex 117.545 -1.05 -43
      vertex 117.545 -4.98567 -42.3505
      vertex 117.545 -4.85268 -42.2954
    endloop
  endfacet
  facet normal -1 0 0
    outer loop
      vertex 117.545 -1.05 -43
      vertex 117.545 -5.12295 -42.3938
      vertex 117.545 -4.98567 -42.3505
    endloop
  endfacet
  facet normal -1 0 0
    outer loop
      vertex 117.545 -1.05 -43
      vertex 117.545 -5.26348 -42.4249
      vertex 117.545 -5.12295 -42.3938
    endloop
  endfacet
  facet normal -1 0 0
    outer loop
      vertex 117.545 -1.05 -43
      vertex 117.545 -5.40619 -42.4437
      vertex 117.545 -5.26348 -42.4249
    endloop
  endfacet
  facet normal -1 0 0
    outer loop
      vertex 117.545 0 -68
      vertex 117.545 -5.55 -42.45
      vertex 117.545 -5.40619 -42.4437
    endloop
  endfacet
  facet normal -1 0 0
    outer loop
      vertex 117.545 0 -68
      vertex 117.545 -5.69381 -42.4437
      vertex 117.545 -5.55 -42.45
    endloop
  endfacet
  facet normal -1 0 0
    outer loop
      vertex 117.545 -14 -68
      vertex 117.545 -5.69381 -42.4437
      vertex 117.545 0 -68
    endloop
  endfacet
  facet normal -1 -0 0
    outer loop
      vertex 117.545 -5.69381 -42.4437
      vertex 117.545 -14 -68
      vertex 117.545 -5.83652 -42.4249
    endloop
  endfacet
  facet normal -1 -0 0
    outer loop
      vertex 117.545 -5.83652 -42.4249
      vertex 117.545 -14 -68
      vertex 117.545 -5.97705 -42.3938
    endloop
  endfacet
  facet normal -1 -0 0
    outer loop
      vertex 117.545 -5.97705 -42.3938
      vertex 117.545 -14 -68
      vertex 117.545 -6.11433 -42.3505
    endloop
  endfacet
  facet normal -1 -0 0
    outer loop
      vertex 117.545 -6.11433 -42.3505
      vertex 117.545 -14 -68
      vertex 117.545 -6.24732 -42.2954
    endloop
  endfacet
  facet normal -1 -0 0
    outer loop
      vertex 117.545 -6.24732 -42.2954
      vertex 117.545 -14 -68
      vertex 117.545 -6.375 -42.2289
    endloop
  endfacet
  facet normal -1 -0 0
    outer loop
      vertex 117.545 -6.375 -42.2289
      vertex 117.545 -14 -68
      vertex 117.545 -6.4964 -42.1516
    endloop
  endfacet
  facet normal -1 -0 0
    outer loop
      vertex 117.545 -6.4964 -42.1516
      vertex 117.545 -14 -68
      vertex 117.545 -6.6106 -42.064
    endloop
  endfacet
  facet normal -1 -0 0
    outer loop
      vertex 117.545 -6.6106 -42.064
      vertex 117.545 -14 -68
      vertex 117.545 -6.71673 -41.9667
    endloop
  endfacet
  facet normal -1 -0 0
    outer loop
      vertex 117.545 -6.71673 -41.9667
      vertex 117.545 -14 -68
      vertex 117.545 -6.81397 -41.8606
    endloop
  endfacet
  facet normal -1 -0 0
    outer loop
      vertex 117.545 -6.81397 -41.8606
      vertex 117.545 -14 -68
      vertex 117.545 -6.9016 -41.7464
    endloop
  endfacet
  facet normal -1 -0 0
    outer loop
      vertex 117.545 -6.9016 -41.7464
      vertex 117.545 -14 -68
      vertex 117.545 -6.97894 -41.625
    endloop
  endfacet
  facet normal -1 -0 0
    outer loop
      vertex 117.545 -6.97894 -41.625
      vertex 117.545 -14 -68
      vertex 117.545 -7.04541 -41.4973
    endloop
  endfacet
  facet normal -1 -0 0
    outer loop
      vertex 117.545 -7.04541 -41.4973
      vertex 117.545 -14 -68
      vertex 117.545 -7.10049 -41.3643
    endloop
  endfacet
  facet normal -1 0 0
    outer loop
      vertex 117.545 -7.17493 40.5135
      vertex 117.545 -14 68
      vertex 117.545 -7.19372 40.6562
    endloop
  endfacet
  facet normal -1 -0 0
    outer loop
      vertex 117.545 -7.19372 -40.9438
      vertex 117.545 -14 -68
      vertex 117.545 -7.2 -40.8
    endloop
  endfacet
  facet normal -1 -0 0
    outer loop
      vertex 117.545 -7.17493 -41.0865
      vertex 117.545 -14 -68
      vertex 117.545 -7.19372 -40.9438
    endloop
  endfacet
  facet normal -1 -0 0
    outer loop
      vertex 117.545 -7.14378 -41.2271
      vertex 117.545 -14 -68
      vertex 117.545 -7.17493 -41.0865
    endloop
  endfacet
  facet normal -1 -0 0
    outer loop
      vertex 117.545 -7.10049 -41.3643
      vertex 117.545 -14 -68
      vertex 117.545 -7.14378 -41.2271
    endloop
  endfacet
  facet normal -1 0 0
    outer loop
      vertex 117.545 -3.90628 -40.6562
      vertex 117.545 -1.05 -39
      vertex 117.545 -3.9 -40.8
    endloop
  endfacet
  facet normal -1 0 0
    outer loop
      vertex 117.545 -3.92507 -40.5135
      vertex 117.545 -1.05 -39
      vertex 117.545 -3.90628 -40.6562
    endloop
  endfacet
  facet normal -1 0 0
    outer loop
      vertex 117.545 -3.95622 -40.3729
      vertex 117.545 -1.05 -39
      vertex 117.545 -3.92507 -40.5135
    endloop
  endfacet
  facet normal -1 0 0
    outer loop
      vertex 117.545 -3.99951 -40.2357
      vertex 117.545 -1.05 -39
      vertex 117.545 -3.95622 -40.3729
    endloop
  endfacet
  facet normal -1 0 0
    outer loop
      vertex 117.545 -3.99951 -40.2357
      vertex 117.545 -4.05 -39
      vertex 117.545 -1.05 -39
    endloop
  endfacet
  facet normal -1 0 0
    outer loop
      vertex 117.545 -4.12106 -39.975
      vertex 117.545 -4.05 -39
      vertex 117.545 -4.05459 -40.1027
    endloop
  endfacet
  facet normal -1 0 0
    outer loop
      vertex 117.545 -4.05459 -40.1027
      vertex 117.545 -4.05 -39
      vertex 117.545 -3.99951 -40.2357
    endloop
  endfacet
  facet normal -1 0 0
    outer loop
      vertex 117.545 -3.90628 40.6562
      vertex 117.545 -1.05 61
      vertex 117.545 -1.05 -25
    endloop
  endfacet
  facet normal -1 0 0
    outer loop
      vertex 117.545 -1.05 61
      vertex 117.545 -3.90628 40.6562
      vertex 117.545 -3.9 40.8
    endloop
  endfacet
  facet normal -1 0 0
    outer loop
      vertex 117.545 -1.05 -25
      vertex 117.545 -3.92507 40.5135
      vertex 117.545 -3.90628 40.6562
    endloop
  endfacet
  facet normal -1 0 0
    outer loop
      vertex 117.545 -1.05 -25
      vertex 117.545 -3.95622 40.3729
      vertex 117.545 -3.92507 40.5135
    endloop
  endfacet
  facet normal -1 0 0
    outer loop
      vertex 117.545 -1.05 -25
      vertex 117.545 -3.99951 40.2357
      vertex 117.545 -3.95622 40.3729
    endloop
  endfacet
  facet normal -1 0 0
    outer loop
      vertex 117.545 -5.40619 39.1563
      vertex 117.545 -1.05 -25
      vertex 117.545 -4.05 -25
    endloop
  endfacet
  facet normal -1 0 0
    outer loop
      vertex 117.545 -1.05 -25
      vertex 117.545 -4.05459 40.1027
      vertex 117.545 -3.99951 40.2357
    endloop
  endfacet
  facet normal -1 0 0
    outer loop
      vertex 117.545 -4.1984 -39.8536
      vertex 117.545 -4.05 -39
      vertex 117.545 -4.12106 -39.975
    endloop
  endfacet
  facet normal -1 0 0
    outer loop
      vertex 117.545 -4.28603 -39.7394
      vertex 117.545 -4.05 -39
      vertex 117.545 -4.1984 -39.8536
    endloop
  endfacet
  facet normal -1 0 0
    outer loop
      vertex 117.545 -1.05 -25
      vertex 117.545 -4.12106 39.975
      vertex 117.545 -4.05459 40.1027
    endloop
  endfacet
  facet normal -1 0 0
    outer loop
      vertex 117.545 -4.38327 -39.6333
      vertex 117.545 -4.05 -39
      vertex 117.545 -4.28603 -39.7394
    endloop
  endfacet
  facet normal -1 0 0
    outer loop
      vertex 117.545 -1.05 -25
      vertex 117.545 -4.1984 39.8536
      vertex 117.545 -4.12106 39.975
    endloop
  endfacet
  facet normal -1 0 0
    outer loop
      vertex 117.545 -4.4894 -39.536
      vertex 117.545 -4.05 -39
      vertex 117.545 -4.38327 -39.6333
    endloop
  endfacet
  facet normal -1 0 0
    outer loop
      vertex 117.545 -1.05 -25
      vertex 117.545 -4.28603 39.7394
      vertex 117.545 -4.1984 39.8536
    endloop
  endfacet
  facet normal -1 0 0
    outer loop
      vertex 117.545 -4.6036 -39.4484
      vertex 117.545 -4.05 -39
      vertex 117.545 -4.4894 -39.536
    endloop
  endfacet
  facet normal -1 0 0
    outer loop
      vertex 117.545 -1.05 -25
      vertex 117.545 -4.38327 39.6333
      vertex 117.545 -4.28603 39.7394
    endloop
  endfacet
  facet normal -1 0 0
    outer loop
      vertex 117.545 -4.725 -39.3711
      vertex 117.545 -4.05 -39
      vertex 117.545 -4.6036 -39.4484
    endloop
  endfacet
  facet normal -1 0 0
    outer loop
      vertex 117.545 -1.05 -25
      vertex 117.545 -4.4894 39.536
      vertex 117.545 -4.38327 39.6333
    endloop
  endfacet
  facet normal -1 0 0
    outer loop
      vertex 117.545 -4.85268 -39.3046
      vertex 117.545 -4.05 -39
      vertex 117.545 -4.725 -39.3711
    endloop
  endfacet
  facet normal -1 0 0
    outer loop
      vertex 117.545 -1.05 -25
      vertex 117.545 -4.6036 39.4484
      vertex 117.545 -4.4894 39.536
    endloop
  endfacet
  facet normal -1 0 0
    outer loop
      vertex 117.545 -4.98567 -39.2495
      vertex 117.545 -4.05 -39
      vertex 117.545 -4.85268 -39.3046
    endloop
  endfacet
  facet normal -1 0 0
    outer loop
      vertex 117.545 -1.05 -25
      vertex 117.545 -4.725 39.3711
      vertex 117.545 -4.6036 39.4484
    endloop
  endfacet
  facet normal -1 0 0
    outer loop
      vertex 117.545 -5.12295 -39.2062
      vertex 117.545 -4.05 -39
      vertex 117.545 -4.98567 -39.2495
    endloop
  endfacet
  facet normal -1 0 0
    outer loop
      vertex 117.545 -1.05 -25
      vertex 117.545 -4.85268 39.3046
      vertex 117.545 -4.725 39.3711
    endloop
  endfacet
  facet normal -1 0 0
    outer loop
      vertex 117.545 -5.26348 -39.1751
      vertex 117.545 -4.05 -39
      vertex 117.545 -5.12295 -39.2062
    endloop
  endfacet
  facet normal -1 0 0
    outer loop
      vertex 117.545 -1.05 -25
      vertex 117.545 -4.98567 39.2495
      vertex 117.545 -4.85268 39.3046
    endloop
  endfacet
  facet normal -1 0 0
    outer loop
      vertex 117.545 -5.40619 -39.1563
      vertex 117.545 -4.05 -39
      vertex 117.545 -5.26348 -39.1751
    endloop
  endfacet
  facet normal -1 0 0
    outer loop
      vertex 117.545 -1.05 -25
      vertex 117.545 -5.12295 39.2062
      vertex 117.545 -4.98567 39.2495
    endloop
  endfacet
  facet normal -1 0 0
    outer loop
      vertex 117.545 -5.55 -39.15
      vertex 117.545 -4.05 -39
      vertex 117.545 -5.40619 -39.1563
    endloop
  endfacet
  facet normal -1 0 0
    outer loop
      vertex 117.545 -1.05 -25
      vertex 117.545 -5.26348 39.1751
      vertex 117.545 -5.12295 39.2062
    endloop
  endfacet
  facet normal -1 -0 0
    outer loop
      vertex 117.545 -4.05 -39
      vertex 117.545 -5.55 -39.15
      vertex 117.545 -4.05 -25
    endloop
  endfacet
  facet normal -1 0 0
    outer loop
      vertex 117.545 -1.05 -25
      vertex 117.545 -5.40619 39.1563
      vertex 117.545 -5.26348 39.1751
    endloop
  endfacet
  facet normal -1 0 0
    outer loop
      vertex 117.545 -5.69381 -39.1563
      vertex 117.545 -4.05 -25
      vertex 117.545 -5.55 -39.15
    endloop
  endfacet
  facet normal -1 0 0
    outer loop
      vertex 117.545 -4.05 -25
      vertex 117.545 -5.55 39.15
      vertex 117.545 -5.40619 39.1563
    endloop
  endfacet
  facet normal -1 0 0
    outer loop
      vertex 117.545 -5.83652 -39.1751
      vertex 117.545 -4.05 -25
      vertex 117.545 -5.69381 -39.1563
    endloop
  endfacet
  facet normal -1 0 0
    outer loop
      vertex 117.545 -4.05 -25
      vertex 117.545 -5.69381 39.1563
      vertex 117.545 -5.55 39.15
    endloop
  endfacet
  facet normal -1 0 0
    outer loop
      vertex 117.545 -5.97705 -39.2062
      vertex 117.545 -4.05 -25
      vertex 117.545 -5.83652 -39.1751
    endloop
  endfacet
  facet normal -1 0 0
    outer loop
      vertex 117.545 -4.05 -25
      vertex 117.545 -5.83652 39.1751
      vertex 117.545 -5.69381 39.1563
    endloop
  endfacet
  facet normal -1 0 0
    outer loop
      vertex 117.545 -6.11433 -39.2495
      vertex 117.545 -4.05 -25
      vertex 117.545 -5.97705 -39.2062
    endloop
  endfacet
  facet normal -1 0 0
    outer loop
      vertex 117.545 -4.05 -25
      vertex 117.545 -5.97705 39.2062
      vertex 117.545 -5.83652 39.1751
    endloop
  endfacet
  facet normal -1 0 0
    outer loop
      vertex 117.545 -6.24732 -39.3046
      vertex 117.545 -4.05 -25
      vertex 117.545 -6.11433 -39.2495
    endloop
  endfacet
  facet normal -1 0 0
    outer loop
      vertex 117.545 -4.05 -25
      vertex 117.545 -6.11433 39.2495
      vertex 117.545 -5.97705 39.2062
    endloop
  endfacet
  facet normal -1 0 0
    outer loop
      vertex 117.545 -6.375 -39.3711
      vertex 117.545 -4.05 -25
      vertex 117.545 -6.24732 -39.3046
    endloop
  endfacet
  facet normal -1 0 0
    outer loop
      vertex 117.545 -4.05 -25
      vertex 117.545 -6.24732 39.3046
      vertex 117.545 -6.11433 39.2495
    endloop
  endfacet
  facet normal -1 0 0
    outer loop
      vertex 117.545 -6.4964 -39.4484
      vertex 117.545 -4.05 -25
      vertex 117.545 -6.375 -39.3711
    endloop
  endfacet
  facet normal -1 0 0
    outer loop
      vertex 117.545 -4.05 -25
      vertex 117.545 -6.375 39.3711
      vertex 117.545 -6.24732 39.3046
    endloop
  endfacet
  facet normal -1 0 0
    outer loop
      vertex 117.545 -6.6106 -39.536
      vertex 117.545 -4.05 -25
      vertex 117.545 -6.4964 -39.4484
    endloop
  endfacet
  facet normal -1 0 0
    outer loop
      vertex 117.545 -4.05 -25
      vertex 117.545 -6.4964 39.4484
      vertex 117.545 -6.375 39.3711
    endloop
  endfacet
  facet normal -1 0 0
    outer loop
      vertex 117.545 -6.71673 -39.6333
      vertex 117.545 -4.05 -25
      vertex 117.545 -6.6106 -39.536
    endloop
  endfacet
  facet normal -1 0 0
    outer loop
      vertex 117.545 -4.05 -25
      vertex 117.545 -6.6106 39.536
      vertex 117.545 -6.4964 39.4484
    endloop
  endfacet
  facet normal -1 0 0
    outer loop
      vertex 117.545 -6.81397 -39.7394
      vertex 117.545 -4.05 -25
      vertex 117.545 -6.71673 -39.6333
    endloop
  endfacet
  facet normal -1 0 0
    outer loop
      vertex 117.545 -4.05 -25
      vertex 117.545 -6.71673 39.6333
      vertex 117.545 -6.6106 39.536
    endloop
  endfacet
  facet normal -1 0 0
    outer loop
      vertex 117.545 -6.9016 -39.8536
      vertex 117.545 -4.05 -25
      vertex 117.545 -6.81397 -39.7394
    endloop
  endfacet
  facet normal -1 0 0
    outer loop
      vertex 117.545 -4.05 -25
      vertex 117.545 -6.81397 39.7394
      vertex 117.545 -6.71673 39.6333
    endloop
  endfacet
  facet normal -1 0 0
    outer loop
      vertex 117.545 -6.97894 -39.975
      vertex 117.545 -4.05 -25
      vertex 117.545 -6.9016 -39.8536
    endloop
  endfacet
  facet normal -1 0 0
    outer loop
      vertex 117.545 -4.05 -25
      vertex 117.545 -6.9016 39.8536
      vertex 117.545 -6.81397 39.7394
    endloop
  endfacet
  facet normal -1 0 0
    outer loop
      vertex 117.545 -7.04541 -40.1027
      vertex 117.545 -4.05 -25
      vertex 117.545 -6.97894 -39.975
    endloop
  endfacet
  facet normal -1 0 0
    outer loop
      vertex 117.545 -4.05 -25
      vertex 117.545 -6.97894 39.975
      vertex 117.545 -6.9016 39.8536
    endloop
  endfacet
  facet normal -1 0 0
    outer loop
      vertex 117.545 -7.10049 -40.2357
      vertex 117.545 -4.05 -25
      vertex 117.545 -7.04541 -40.1027
    endloop
  endfacet
  facet normal -1 0 0
    outer loop
      vertex 117.545 -4.05 -25
      vertex 117.545 -7.04541 40.1027
      vertex 117.545 -6.97894 39.975
    endloop
  endfacet
  facet normal -1 0 0
    outer loop
      vertex 117.545 -7.14378 -40.3729
      vertex 117.545 -4.05 -25
      vertex 117.545 -7.10049 -40.2357
    endloop
  endfacet
  facet normal -1 0 0
    outer loop
      vertex 117.545 -4.05 -25
      vertex 117.545 -7.10049 40.2357
      vertex 117.545 -7.04541 40.1027
    endloop
  endfacet
  facet normal -1 0 0
    outer loop
      vertex 117.545 -7.14378 40.3729
      vertex 117.545 -4.05 -25
      vertex 117.545 -7.14378 -40.3729
    endloop
  endfacet
  facet normal -1 0 0
    outer loop
      vertex 117.545 -4.05 -25
      vertex 117.545 -7.14378 40.3729
      vertex 117.545 -7.10049 40.2357
    endloop
  endfacet
  facet normal -1 0 0
    outer loop
      vertex 117.545 -7.17493 -40.5135
      vertex 117.545 -7.14378 40.3729
      vertex 117.545 -7.14378 -40.3729
    endloop
  endfacet
  facet normal -1 0 0
    outer loop
      vertex 117.545 -7.17493 -40.5135
      vertex 117.545 -7.17493 40.5135
      vertex 117.545 -7.14378 40.3729
    endloop
  endfacet
  facet normal -1 0 0
    outer loop
      vertex 117.545 -14 -68
      vertex 117.545 -7.17493 -40.5135
      vertex 117.545 -7.19372 -40.6562
    endloop
  endfacet
  facet normal -1 -0 0
    outer loop
      vertex 117.545 -7.17493 -40.5135
      vertex 117.545 -14 -68
      vertex 117.545 -7.17493 40.5135
    endloop
  endfacet
  facet normal -1 0 0
    outer loop
      vertex 117.545 -14 -68
      vertex 117.545 -7.19372 -40.6562
      vertex 117.545 -7.2 -40.8
    endloop
  endfacet
  facet normal -1 0 0
    outer loop
      vertex 117.545 -14 68
      vertex 117.545 -7.17493 40.5135
      vertex 117.545 -14 -68
    endloop
  endfacet
  facet normal -1 0 0
    outer loop
      vertex 117.545 -1.05 61
      vertex 117.545 0 68
      vertex 117.545 0 61
    endloop
  endfacet
  facet normal -1 0 0
    outer loop
      vertex 117.545 -3.90628 40.9438
      vertex 117.545 -1.05 61
      vertex 117.545 -3.9 40.8
    endloop
  endfacet
  facet normal -1 0 0
    outer loop
      vertex 117.545 -3.92507 41.0865
      vertex 117.545 -1.05 61
      vertex 117.545 -3.90628 40.9438
    endloop
  endfacet
  facet normal -1 0 0
    outer loop
      vertex 117.545 -3.95622 41.2271
      vertex 117.545 -1.05 61
      vertex 117.545 -3.92507 41.0865
    endloop
  endfacet
  facet normal -1 0 0
    outer loop
      vertex 117.545 -3.99951 41.3643
      vertex 117.545 -1.05 61
      vertex 117.545 -3.95622 41.2271
    endloop
  endfacet
  facet normal -1 0 0
    outer loop
      vertex 117.545 -4.05459 41.4973
      vertex 117.545 -1.05 61
      vertex 117.545 -3.99951 41.3643
    endloop
  endfacet
  facet normal -1 0 0
    outer loop
      vertex 117.545 -4.12106 41.625
      vertex 117.545 -1.05 61
      vertex 117.545 -4.05459 41.4973
    endloop
  endfacet
  facet normal -1 0 0
    outer loop
      vertex 117.545 -4.1984 41.7464
      vertex 117.545 -1.05 61
      vertex 117.545 -4.12106 41.625
    endloop
  endfacet
  facet normal -1 0 0
    outer loop
      vertex 117.545 -4.28603 41.8606
      vertex 117.545 -1.05 61
      vertex 117.545 -4.1984 41.7464
    endloop
  endfacet
  facet normal -1 0 0
    outer loop
      vertex 117.545 -4.38327 41.9667
      vertex 117.545 -1.05 61
      vertex 117.545 -4.28603 41.8606
    endloop
  endfacet
  facet normal -1 0 0
    outer loop
      vertex 117.545 -4.4894 42.064
      vertex 117.545 -1.05 61
      vertex 117.545 -4.38327 41.9667
    endloop
  endfacet
  facet normal -1 0 0
    outer loop
      vertex 117.545 -4.6036 42.1516
      vertex 117.545 -1.05 61
      vertex 117.545 -4.4894 42.064
    endloop
  endfacet
  facet normal -1 0 0
    outer loop
      vertex 117.545 -4.725 42.2289
      vertex 117.545 -1.05 61
      vertex 117.545 -4.6036 42.1516
    endloop
  endfacet
  facet normal -1 0 0
    outer loop
      vertex 117.545 -4.85268 42.2954
      vertex 117.545 -1.05 61
      vertex 117.545 -4.725 42.2289
    endloop
  endfacet
  facet normal -1 0 0
    outer loop
      vertex 117.545 -4.98567 42.3505
      vertex 117.545 -1.05 61
      vertex 117.545 -4.85268 42.2954
    endloop
  endfacet
  facet normal -1 0 0
    outer loop
      vertex 117.545 -5.12295 42.3938
      vertex 117.545 -1.05 61
      vertex 117.545 -4.98567 42.3505
    endloop
  endfacet
  facet normal -1 0 0
    outer loop
      vertex 117.545 -5.26348 42.4249
      vertex 117.545 -1.05 61
      vertex 117.545 -5.12295 42.3938
    endloop
  endfacet
  facet normal -1 0 0
    outer loop
      vertex 117.545 -5.40619 42.4437
      vertex 117.545 -1.05 61
      vertex 117.545 -5.26348 42.4249
    endloop
  endfacet
  facet normal -1 0 0
    outer loop
      vertex 117.545 -5.55 42.45
      vertex 117.545 -1.05 61
      vertex 117.545 -5.40619 42.4437
    endloop
  endfacet
  facet normal -1 0 0
    outer loop
      vertex 117.545 -5.69381 42.4437
      vertex 117.545 -1.05 61
      vertex 117.545 -5.55 42.45
    endloop
  endfacet
  facet normal -1 0 0
    outer loop
      vertex 117.545 -5.83652 42.4249
      vertex 117.545 -1.05 61
      vertex 117.545 -5.69381 42.4437
    endloop
  endfacet
  facet normal -1 0 0
    outer loop
      vertex 117.545 -5.97705 42.3938
      vertex 117.545 -1.05 61
      vertex 117.545 -5.83652 42.4249
    endloop
  endfacet
  facet normal -1 0 0
    outer loop
      vertex 117.545 -6.11433 42.3505
      vertex 117.545 -1.05 61
      vertex 117.545 -5.97705 42.3938
    endloop
  endfacet
  facet normal -1 0 0
    outer loop
      vertex 117.545 -6.24732 42.2954
      vertex 117.545 -1.05 61
      vertex 117.545 -6.11433 42.3505
    endloop
  endfacet
  facet normal -1 0 0
    outer loop
      vertex 117.545 -6.375 42.2289
      vertex 117.545 -1.05 61
      vertex 117.545 -6.24732 42.2954
    endloop
  endfacet
  facet normal -1 -0 0
    outer loop
      vertex 117.545 -1.05 61
      vertex 117.545 -6.375 42.2289
      vertex 117.545 -14 68
    endloop
  endfacet
  facet normal -1 0 0
    outer loop
      vertex 117.545 -14 68
      vertex 117.545 -6.375 42.2289
      vertex 117.545 -6.4964 42.1516
    endloop
  endfacet
  facet normal -1 0 0
    outer loop
      vertex 117.545 -14 68
      vertex 117.545 -6.4964 42.1516
      vertex 117.545 -6.6106 42.064
    endloop
  endfacet
  facet normal -1 0 0
    outer loop
      vertex 117.545 -14 68
      vertex 117.545 -6.6106 42.064
      vertex 117.545 -6.71673 41.9667
    endloop
  endfacet
  facet normal -1 0 0
    outer loop
      vertex 117.545 -14 68
      vertex 117.545 -6.71673 41.9667
      vertex 117.545 -6.81397 41.8606
    endloop
  endfacet
  facet normal -1 0 0
    outer loop
      vertex 117.545 -14 68
      vertex 117.545 -6.81397 41.8606
      vertex 117.545 -6.9016 41.7464
    endloop
  endfacet
  facet normal -1 0 0
    outer loop
      vertex 117.545 -14 68
      vertex 117.545 -6.9016 41.7464
      vertex 117.545 -6.97894 41.625
    endloop
  endfacet
  facet normal -1 0 0
    outer loop
      vertex 117.545 -14 68
      vertex 117.545 -6.97894 41.625
      vertex 117.545 -7.04541 41.4973
    endloop
  endfacet
  facet normal -1 0 0
    outer loop
      vertex 117.545 -14 68
      vertex 117.545 -7.04541 41.4973
      vertex 117.545 -7.10049 41.3643
    endloop
  endfacet
  facet normal -1 0 0
    outer loop
      vertex 117.545 -14 68
      vertex 117.545 -7.10049 41.3643
      vertex 117.545 -7.14378 41.2271
    endloop
  endfacet
  facet normal -1 0 0
    outer loop
      vertex 117.545 -7.19372 40.6562
      vertex 117.545 -14 68
      vertex 117.545 -7.2 40.8
    endloop
  endfacet
  facet normal -1 0 0
    outer loop
      vertex 117.545 -1.05 61
      vertex 117.545 -14 68
      vertex 117.545 0 68
    endloop
  endfacet
  facet normal -1 0 0
    outer loop
      vertex 117.545 -7.17493 41.0865
      vertex 117.545 -14 68
      vertex 117.545 -7.14378 41.2271
    endloop
  endfacet
  facet normal -1 0 0
    outer loop
      vertex 117.545 -7.19372 40.9438
      vertex 117.545 -14 68
      vertex 117.545 -7.17493 41.0865
    endloop
  endfacet
  facet normal -1 0 0
    outer loop
      vertex 117.545 -7.2 40.8
      vertex 117.545 -14 68
      vertex 117.545 -7.19372 40.9438
    endloop
  endfacet
  facet normal -0 0 1
    outer loop
      vertex 117.545 0 68
      vertex 127.545 -14 68
      vertex 127.545 0 68
    endloop
  endfacet
  facet normal 0 0 1
    outer loop
      vertex 127.545 -14 68
      vertex 117.545 0 68
      vertex 117.545 -14 68
    endloop
  endfacet
  facet normal 0 0 -1
    outer loop
      vertex 117.545 -14 -68
      vertex 127.545 0 -68
      vertex 127.545 -14 -68
    endloop
  endfacet
  facet normal -0 0 -1
    outer loop
      vertex 127.545 0 -68
      vertex 117.545 -14 -68
      vertex 117.545 0 -68
    endloop
  endfacet
  facet normal 1 0 0
    outer loop
      vertex 129.545 2.95 -39
      vertex 129.545 -1.4407 -42.6405
      vertex 129.545 -1.425 -43
    endloop
  endfacet
  facet normal 1 0 0
    outer loop
      vertex 129.545 2.95 -39
      vertex 129.545 -1.48767 -42.2837
      vertex 129.545 -1.4407 -42.6405
    endloop
  endfacet
  facet normal 1 0 0
    outer loop
      vertex 129.545 2.95 -39
      vertex 129.545 -1.56556 -41.9324
      vertex 129.545 -1.48767 -42.2837
    endloop
  endfacet
  facet normal 1 0 0
    outer loop
      vertex 129.545 2.95 -39
      vertex 129.545 -1.67377 -41.5892
      vertex 129.545 -1.56556 -41.9324
    endloop
  endfacet
  facet normal 1 0 0
    outer loop
      vertex 129.545 2.95 -39
      vertex 129.545 -1.81148 -41.2567
      vertex 129.545 -1.67377 -41.5892
    endloop
  endfacet
  facet normal 1 0 0
    outer loop
      vertex 129.545 2.95 -39
      vertex 129.545 -1.97764 -40.9375
      vertex 129.545 -1.81148 -41.2567
    endloop
  endfacet
  facet normal 1 0 0
    outer loop
      vertex 129.545 2.95 -39
      vertex 129.545 -2.171 -40.634
      vertex 129.545 -1.97764 -40.9375
    endloop
  endfacet
  facet normal 1 0 0
    outer loop
      vertex 129.545 2.95 -39
      vertex 129.545 -2.39007 -40.3485
      vertex 129.545 -2.171 -40.634
    endloop
  endfacet
  facet normal 1 -0 0
    outer loop
      vertex 129.545 -2.73092 -39.7739
      vertex 129.545 -2.39007 -40.3485
      vertex 129.545 2.95 -39
    endloop
  endfacet
  facet normal 1 0 0
    outer loop
      vertex 129.545 -2.39007 -40.3485
      vertex 129.545 -2.65222 -40.0235
      vertex 129.545 -2.63318 -40.0832
    endloop
  endfacet
  facet normal 1 0 0
    outer loop
      vertex 129.545 -2.63318 -40.0832
      vertex 129.545 -2.65222 -40.0235
      vertex 129.545 -2.64048 -40.0765
    endloop
  endfacet
  facet normal 1 0 0
    outer loop
      vertex 129.545 -2.39007 -40.3485
      vertex 129.545 -2.73092 -39.7739
      vertex 129.545 -2.65222 -40.0235
    endloop
  endfacet
  facet normal 1 0 0
    outer loop
      vertex 129.545 2.95 -39
      vertex 129.545 -2.83108 -39.5321
      vertex 129.545 -2.73092 -39.7739
    endloop
  endfacet
  facet normal 1 0 0
    outer loop
      vertex 129.545 2.95 -39
      vertex 129.545 -2.95192 -39.3
      vertex 129.545 -2.83108 -39.5321
    endloop
  endfacet
  facet normal 1 0 0
    outer loop
      vertex 129.545 2.95 -39
      vertex 129.545 -3.09254 -39.0793
      vertex 129.545 -2.95192 -39.3
    endloop
  endfacet
  facet normal 1 0 -0
    outer loop
      vertex 129.545 -3.09254 -39.0793
      vertex 129.545 2.95 -39
      vertex 129.545 -3.15337 -39
    endloop
  endfacet
  facet normal 1 0 0
    outer loop
      vertex 129.545 3.65 55
      vertex 129.545 2.95 -25
      vertex 129.545 3.65 -55
    endloop
  endfacet
  facet normal 1 0 0
    outer loop
      vertex 129.545 -1.4407 42.6405
      vertex 129.545 3.65 55
      vertex 129.545 -1.425 43
    endloop
  endfacet
  facet normal 1 0 0
    outer loop
      vertex 129.545 3.65 55
      vertex 129.545 -1.4407 43.3595
      vertex 129.545 -1.425 43
    endloop
  endfacet
  facet normal 1 0 0
    outer loop
      vertex 129.545 3.65 55
      vertex 129.545 -1.48767 43.7163
      vertex 129.545 -1.4407 43.3595
    endloop
  endfacet
  facet normal 1 0 0
    outer loop
      vertex 129.545 3.65 55
      vertex 129.545 -1.56556 44.0676
      vertex 129.545 -1.48767 43.7163
    endloop
  endfacet
  facet normal 1 0 0
    outer loop
      vertex 129.545 3.65 55
      vertex 129.545 -1.67377 44.4108
      vertex 129.545 -1.56556 44.0676
    endloop
  endfacet
  facet normal 1 0 0
    outer loop
      vertex 129.545 3.65 55
      vertex 129.545 -1.81148 44.7433
      vertex 129.545 -1.67377 44.4108
    endloop
  endfacet
  facet normal 1 0 0
    outer loop
      vertex 129.545 3.65 55
      vertex 129.545 -1.97764 45.0625
      vertex 129.545 -1.81148 44.7433
    endloop
  endfacet
  facet normal 1 0 0
    outer loop
      vertex 129.545 3.65 55
      vertex 129.545 -2.171 45.366
      vertex 129.545 -1.97764 45.0625
    endloop
  endfacet
  facet normal 1 0 0
    outer loop
      vertex 129.545 3.65 55
      vertex 129.545 -2.39007 45.6515
      vertex 129.545 -2.171 45.366
    endloop
  endfacet
  facet normal 1 0 0
    outer loop
      vertex 129.545 3.65 55
      vertex 129.545 -2.63318 45.9168
      vertex 129.545 -2.39007 45.6515
    endloop
  endfacet
  facet normal 1 0 0
    outer loop
      vertex 129.545 3.65 55
      vertex 129.545 -2.8985 46.1599
      vertex 129.545 -2.63318 45.9168
    endloop
  endfacet
  facet normal 1 0 0
    outer loop
      vertex 129.545 3.65 55
      vertex 129.545 -3.184 46.379
      vertex 129.545 -2.8985 46.1599
    endloop
  endfacet
  facet normal 1 0 0
    outer loop
      vertex 129.545 3.65 55
      vertex 129.545 -3.4875 46.5724
      vertex 129.545 -3.184 46.379
    endloop
  endfacet
  facet normal 1 0 0
    outer loop
      vertex 129.545 3.65 55
      vertex 129.545 -3.8067 46.7385
      vertex 129.545 -3.4875 46.5724
    endloop
  endfacet
  facet normal 1 0 0
    outer loop
      vertex 129.545 3.65 55
      vertex 129.545 -4.13917 46.8762
      vertex 129.545 -3.8067 46.7385
    endloop
  endfacet
  facet normal 1 0 0
    outer loop
      vertex 129.545 3.65 55
      vertex 129.545 -4.48237 46.9844
      vertex 129.545 -4.13917 46.8762
    endloop
  endfacet
  facet normal 1 0 0
    outer loop
      vertex 129.545 3.65 55
      vertex 129.545 -4.8337 47.0623
      vertex 129.545 -4.48237 46.9844
    endloop
  endfacet
  facet normal 1 0 0
    outer loop
      vertex 129.545 3.65 55
      vertex 129.545 -5.19048 47.1093
      vertex 129.545 -4.8337 47.0623
    endloop
  endfacet
  facet normal 1 0 0
    outer loop
      vertex 129.545 3.65 55
      vertex 129.545 -5.55 47.125
      vertex 129.545 -5.19048 47.1093
    endloop
  endfacet
  facet normal 1 -0 0
    outer loop
      vertex 129.545 -14.75 55
      vertex 129.545 -5.55 47.125
      vertex 129.545 3.65 55
    endloop
  endfacet
  facet normal 1 0 0
    outer loop
      vertex 129.545 -5.55 47.125
      vertex 129.545 -14.75 55
      vertex 129.545 -5.90952 47.1093
    endloop
  endfacet
  facet normal 1 0 0
    outer loop
      vertex 129.545 -5.90952 47.1093
      vertex 129.545 -14.75 55
      vertex 129.545 -6.2663 47.0623
    endloop
  endfacet
  facet normal 1 0 0
    outer loop
      vertex 129.545 -6.2663 47.0623
      vertex 129.545 -14.75 55
      vertex 129.545 -6.61763 46.9844
    endloop
  endfacet
  facet normal 1 0 0
    outer loop
      vertex 129.545 -6.61763 46.9844
      vertex 129.545 -14.75 55
      vertex 129.545 -6.96083 46.8762
    endloop
  endfacet
  facet normal 1 0 0
    outer loop
      vertex 129.545 -6.96083 46.8762
      vertex 129.545 -14.75 55
      vertex 129.545 -7.2933 46.7385
    endloop
  endfacet
  facet normal 1 0 0
    outer loop
      vertex 129.545 -7.2933 46.7385
      vertex 129.545 -14.75 55
      vertex 129.545 -7.6125 46.5724
    endloop
  endfacet
  facet normal 1 0 0
    outer loop
      vertex 129.545 -9.61233 -42.2837
      vertex 129.545 -14.75 -55
      vertex 129.545 -9.6593 -42.6405
    endloop
  endfacet
  facet normal 1 0 0
    outer loop
      vertex 129.545 -9.6593 43.3595
      vertex 129.545 -14.75 55
      vertex 129.545 -9.675 43
    endloop
  endfacet
  facet normal 1 0 0
    outer loop
      vertex 129.545 -9.61233 43.7163
      vertex 129.545 -14.75 55
      vertex 129.545 -9.6593 43.3595
    endloop
  endfacet
  facet normal 1 0 0
    outer loop
      vertex 129.545 -9.53444 44.0676
      vertex 129.545 -14.75 55
      vertex 129.545 -9.61233 43.7163
    endloop
  endfacet
  facet normal 1 0 0
    outer loop
      vertex 129.545 -9.42623 44.4108
      vertex 129.545 -14.75 55
      vertex 129.545 -9.53444 44.0676
    endloop
  endfacet
  facet normal 1 0 0
    outer loop
      vertex 129.545 -9.28852 44.7433
      vertex 129.545 -14.75 55
      vertex 129.545 -9.42623 44.4108
    endloop
  endfacet
  facet normal 1 0 0
    outer loop
      vertex 129.545 -9.12235 45.0625
      vertex 129.545 -14.75 55
      vertex 129.545 -9.28852 44.7433
    endloop
  endfacet
  facet normal 1 0 0
    outer loop
      vertex 129.545 -8.929 45.366
      vertex 129.545 -14.75 55
      vertex 129.545 -9.12235 45.0625
    endloop
  endfacet
  facet normal 1 0 0
    outer loop
      vertex 129.545 -8.70993 45.6515
      vertex 129.545 -14.75 55
      vertex 129.545 -8.929 45.366
    endloop
  endfacet
  facet normal 1 0 0
    outer loop
      vertex 129.545 -8.46681 45.9168
      vertex 129.545 -14.75 55
      vertex 129.545 -8.70993 45.6515
    endloop
  endfacet
  facet normal 1 0 0
    outer loop
      vertex 129.545 -8.2015 46.1599
      vertex 129.545 -14.75 55
      vertex 129.545 -8.46681 45.9168
    endloop
  endfacet
  facet normal 1 0 0
    outer loop
      vertex 129.545 -7.916 46.379
      vertex 129.545 -14.75 55
      vertex 129.545 -8.2015 46.1599
    endloop
  endfacet
  facet normal 1 0 0
    outer loop
      vertex 129.545 -7.6125 46.5724
      vertex 129.545 -14.75 55
      vertex 129.545 -7.916 46.379
    endloop
  endfacet
  facet normal 1 -0 0
    outer loop
      vertex 129.545 2.95 -39
      vertex 129.545 3.65 -55
      vertex 129.545 2.95 -25
    endloop
  endfacet
  facet normal 1 0 0
    outer loop
      vertex 129.545 -1.4407 -43.3595
      vertex 129.545 2.95 -39
      vertex 129.545 -1.425 -43
    endloop
  endfacet
  facet normal 1 0 0
    outer loop
      vertex 129.545 -1.48767 -43.7163
      vertex 129.545 2.95 -39
      vertex 129.545 -1.4407 -43.3595
    endloop
  endfacet
  facet normal 1 0 0
    outer loop
      vertex 129.545 -1.56556 -44.0676
      vertex 129.545 2.95 -39
      vertex 129.545 -1.48767 -43.7163
    endloop
  endfacet
  facet normal 1 0 0
    outer loop
      vertex 129.545 2.95 -39
      vertex 129.545 -1.56556 -44.0676
      vertex 129.545 3.65 -55
    endloop
  endfacet
  facet normal 1 -0 0
    outer loop
      vertex 129.545 -1.67377 -44.4108
      vertex 129.545 3.65 -55
      vertex 129.545 -1.56556 -44.0676
    endloop
  endfacet
  facet normal 1 -0 0
    outer loop
      vertex 129.545 -1.81148 -44.7433
      vertex 129.545 3.65 -55
      vertex 129.545 -1.67377 -44.4108
    endloop
  endfacet
  facet normal 1 -0 0
    outer loop
      vertex 129.545 -1.97764 -45.0625
      vertex 129.545 3.65 -55
      vertex 129.545 -1.81148 -44.7433
    endloop
  endfacet
  facet normal 1 -0 0
    outer loop
      vertex 129.545 -2.171 -45.366
      vertex 129.545 3.65 -55
      vertex 129.545 -1.97764 -45.0625
    endloop
  endfacet
  facet normal 1 -0 0
    outer loop
      vertex 129.545 -2.39007 -45.6515
      vertex 129.545 3.65 -55
      vertex 129.545 -2.171 -45.366
    endloop
  endfacet
  facet normal 1 -0 0
    outer loop
      vertex 129.545 -2.63318 -45.9168
      vertex 129.545 3.65 -55
      vertex 129.545 -2.39007 -45.6515
    endloop
  endfacet
  facet normal 1 -0 0
    outer loop
      vertex 129.545 -2.8985 -46.1599
      vertex 129.545 3.65 -55
      vertex 129.545 -2.63318 -45.9168
    endloop
  endfacet
  facet normal 1 -0 0
    outer loop
      vertex 129.545 -3.184 -46.379
      vertex 129.545 3.65 -55
      vertex 129.545 -2.8985 -46.1599
    endloop
  endfacet
  facet normal 1 -0 0
    outer loop
      vertex 129.545 -3.4875 -46.5724
      vertex 129.545 3.65 -55
      vertex 129.545 -3.184 -46.379
    endloop
  endfacet
  facet normal 1 -0 0
    outer loop
      vertex 129.545 -3.8067 -46.7385
      vertex 129.545 3.65 -55
      vertex 129.545 -3.4875 -46.5724
    endloop
  endfacet
  facet normal 1 -0 0
    outer loop
      vertex 129.545 -4.13917 -46.8762
      vertex 129.545 3.65 -55
      vertex 129.545 -3.8067 -46.7385
    endloop
  endfacet
  facet normal 1 -0 0
    outer loop
      vertex 129.545 -4.48237 -46.9844
      vertex 129.545 3.65 -55
      vertex 129.545 -4.13917 -46.8762
    endloop
  endfacet
  facet normal 1 -0 0
    outer loop
      vertex 129.545 -4.8337 -47.0623
      vertex 129.545 3.65 -55
      vertex 129.545 -4.48237 -46.9844
    endloop
  endfacet
  facet normal 1 -0 0
    outer loop
      vertex 129.545 -5.19048 -47.1093
      vertex 129.545 3.65 -55
      vertex 129.545 -4.8337 -47.0623
    endloop
  endfacet
  facet normal 1 -0 0
    outer loop
      vertex 129.545 -5.55 -47.125
      vertex 129.545 3.65 -55
      vertex 129.545 -5.19048 -47.1093
    endloop
  endfacet
  facet normal 1 0 0
    outer loop
      vertex 129.545 -14.75 -55
      vertex 129.545 -5.55 -47.125
      vertex 129.545 -5.90952 -47.1093
    endloop
  endfacet
  facet normal 1 0 0
    outer loop
      vertex 129.545 -14.75 -55
      vertex 129.545 -5.90952 -47.1093
      vertex 129.545 -6.2663 -47.0623
    endloop
  endfacet
  facet normal 1 0 0
    outer loop
      vertex 129.545 -14.75 -55
      vertex 129.545 -6.2663 -47.0623
      vertex 129.545 -6.61763 -46.9844
    endloop
  endfacet
  facet normal 1 0 0
    outer loop
      vertex 129.545 -14.75 -55
      vertex 129.545 -6.61763 -46.9844
      vertex 129.545 -6.96083 -46.8762
    endloop
  endfacet
  facet normal 1 0 0
    outer loop
      vertex 129.545 -14.75 -55
      vertex 129.545 -6.96083 -46.8762
      vertex 129.545 -7.2933 -46.7385
    endloop
  endfacet
  facet normal 1 0 0
    outer loop
      vertex 129.545 -14.75 -55
      vertex 129.545 -7.2933 -46.7385
      vertex 129.545 -7.6125 -46.5724
    endloop
  endfacet
  facet normal 1 0 0
    outer loop
      vertex 129.545 -14.75 -55
      vertex 129.545 -7.6125 -46.5724
      vertex 129.545 -7.916 -46.379
    endloop
  endfacet
  facet normal 1 0 0
    outer loop
      vertex 129.545 -9.6593 -42.6405
      vertex 129.545 -14.75 -55
      vertex 129.545 -9.675 -43
    endloop
  endfacet
  facet normal 1 0 0
    outer loop
      vertex 129.545 -5.55 -47.125
      vertex 129.545 -14.75 -55
      vertex 129.545 3.65 -55
    endloop
  endfacet
  facet normal 1 0 0
    outer loop
      vertex 129.545 -8.2015 -46.1599
      vertex 129.545 -14.75 -55
      vertex 129.545 -7.916 -46.379
    endloop
  endfacet
  facet normal 1 0 0
    outer loop
      vertex 129.545 -8.46681 -45.9168
      vertex 129.545 -14.75 -55
      vertex 129.545 -8.2015 -46.1599
    endloop
  endfacet
  facet normal 1 0 0
    outer loop
      vertex 129.545 -8.70993 -45.6515
      vertex 129.545 -14.75 -55
      vertex 129.545 -8.46681 -45.9168
    endloop
  endfacet
  facet normal 1 0 0
    outer loop
      vertex 129.545 -8.929 -45.366
      vertex 129.545 -14.75 -55
      vertex 129.545 -8.70993 -45.6515
    endloop
  endfacet
  facet normal 1 0 0
    outer loop
      vertex 129.545 -9.12235 -45.0625
      vertex 129.545 -14.75 -55
      vertex 129.545 -8.929 -45.366
    endloop
  endfacet
  facet normal 1 0 0
    outer loop
      vertex 129.545 -9.28852 -44.7433
      vertex 129.545 -14.75 -55
      vertex 129.545 -9.12235 -45.0625
    endloop
  endfacet
  facet normal 1 0 0
    outer loop
      vertex 129.545 -9.42623 -44.4108
      vertex 129.545 -14.75 -55
      vertex 129.545 -9.28852 -44.7433
    endloop
  endfacet
  facet normal 1 0 0
    outer loop
      vertex 129.545 -9.53444 -44.0676
      vertex 129.545 -14.75 -55
      vertex 129.545 -9.42623 -44.4108
    endloop
  endfacet
  facet normal 1 0 0
    outer loop
      vertex 129.545 -9.61233 -43.7163
      vertex 129.545 -14.75 -55
      vertex 129.545 -9.53444 -44.0676
    endloop
  endfacet
  facet normal 1 0 0
    outer loop
      vertex 129.545 -9.6593 -43.3595
      vertex 129.545 -14.75 -55
      vertex 129.545 -9.61233 -43.7163
    endloop
  endfacet
  facet normal 1 0 0
    outer loop
      vertex 129.545 -9.675 -43
      vertex 129.545 -14.75 -55
      vertex 129.545 -9.6593 -43.3595
    endloop
  endfacet
  facet normal 1 0 0
    outer loop
      vertex 129.545 -1.48767 42.2837
      vertex 129.545 3.65 55
      vertex 129.545 -1.4407 42.6405
    endloop
  endfacet
  facet normal 1 0 0
    outer loop
      vertex 129.545 -1.56556 41.9324
      vertex 129.545 3.65 55
      vertex 129.545 -1.48767 42.2837
    endloop
  endfacet
  facet normal 1 0 0
    outer loop
      vertex 129.545 3.65 55
      vertex 129.545 -1.56556 41.9324
      vertex 129.545 2.95 -25
    endloop
  endfacet
  facet normal 1 -0 0
    outer loop
      vertex 129.545 -1.67377 41.5892
      vertex 129.545 2.95 -25
      vertex 129.545 -1.56556 41.9324
    endloop
  endfacet
  facet normal 1 -0 0
    outer loop
      vertex 129.545 -1.81148 41.2567
      vertex 129.545 2.95 -25
      vertex 129.545 -1.67377 41.5892
    endloop
  endfacet
  facet normal 1 -0 0
    outer loop
      vertex 129.545 -1.97764 40.9375
      vertex 129.545 2.95 -25
      vertex 129.545 -1.81148 41.2567
    endloop
  endfacet
  facet normal 1 0 0
    outer loop
      vertex 129.545 -2.95192 39.3
      vertex 129.545 -1.97764 40.9375
      vertex 129.545 -2.171 40.634
    endloop
  endfacet
  facet normal 1 0 0
    outer loop
      vertex 129.545 -2.83108 39.5321
      vertex 129.545 -2.171 40.634
      vertex 129.545 -2.39007 40.3485
    endloop
  endfacet
  facet normal 1 0 0
    outer loop
      vertex 129.545 -2.65222 40.0235
      vertex 129.545 -2.39007 40.3485
      vertex 129.545 -2.63318 40.0832
    endloop
  endfacet
  facet normal 1 0 0
    outer loop
      vertex 129.545 -2.65222 40.0235
      vertex 129.545 -2.63318 40.0832
      vertex 129.545 -2.64048 40.0765
    endloop
  endfacet
  facet normal 1 0 0
    outer loop
      vertex 129.545 -2.73092 39.7739
      vertex 129.545 -2.39007 40.3485
      vertex 129.545 -2.65222 40.0235
    endloop
  endfacet
  facet normal 1 0 0
    outer loop
      vertex 129.545 -2.83108 39.5321
      vertex 129.545 -2.39007 40.3485
      vertex 129.545 -2.73092 39.7739
    endloop
  endfacet
  facet normal 1 0 0
    outer loop
      vertex 129.545 -2.95192 39.3
      vertex 129.545 -2.171 40.634
      vertex 129.545 -2.83108 39.5321
    endloop
  endfacet
  facet normal 1 0 0
    outer loop
      vertex 129.545 -1.97764 40.9375
      vertex 129.545 -2.95192 39.3
      vertex 129.545 2.95 -25
    endloop
  endfacet
  facet normal 1 -0 0
    outer loop
      vertex 129.545 -3.09254 39.0793
      vertex 129.545 2.95 -25
      vertex 129.545 -2.95192 39.3
    endloop
  endfacet
  facet normal 1 -0 0
    outer loop
      vertex 129.545 -3.25187 38.8716
      vertex 129.545 2.95 -25
      vertex 129.545 -3.09254 39.0793
    endloop
  endfacet
  facet normal 1 -0 0
    outer loop
      vertex 129.545 -3.42868 38.6787
      vertex 129.545 2.95 -25
      vertex 129.545 -3.25187 38.8716
    endloop
  endfacet
  facet normal 1 -0 0
    outer loop
      vertex 129.545 -3.62164 38.5019
      vertex 129.545 2.95 -25
      vertex 129.545 -3.42868 38.6787
    endloop
  endfacet
  facet normal 1 -0 0
    outer loop
      vertex 129.545 -3.82927 38.3425
      vertex 129.545 2.95 -25
      vertex 129.545 -3.62164 38.5019
    endloop
  endfacet
  facet normal 1 -0 0
    outer loop
      vertex 129.545 -4.05 38.2019
      vertex 129.545 2.95 -25
      vertex 129.545 -3.82927 38.3425
    endloop
  endfacet
  facet normal 1 -0 0
    outer loop
      vertex 129.545 -4.28214 38.0811
      vertex 129.545 2.95 -25
      vertex 129.545 -4.05 38.2019
    endloop
  endfacet
  facet normal 1 -0 0
    outer loop
      vertex 129.545 -4.52394 37.9809
      vertex 129.545 2.95 -25
      vertex 129.545 -4.28214 38.0811
    endloop
  endfacet
  facet normal 1 -0 0
    outer loop
      vertex 129.545 -4.77354 37.9022
      vertex 129.545 2.95 -25
      vertex 129.545 -4.52394 37.9809
    endloop
  endfacet
  facet normal 1 0 0
    outer loop
      vertex 129.545 -4.05 -25
      vertex 129.545 -4.28214 -38.0811
      vertex 129.545 -4.05 -38.2019
    endloop
  endfacet
  facet normal 1 -0 0
    outer loop
      vertex 129.545 -5.02905 37.8456
      vertex 129.545 2.95 -25
      vertex 129.545 -4.77354 37.9022
    endloop
  endfacet
  facet normal 1 0 0
    outer loop
      vertex 129.545 -4.05 -25
      vertex 129.545 -4.52394 -37.9809
      vertex 129.545 -4.28214 -38.0811
    endloop
  endfacet
  facet normal 1 0 0
    outer loop
      vertex 129.545 2.95 -25
      vertex 129.545 -5.02905 37.8456
      vertex 129.545 -4.05 -25
    endloop
  endfacet
  facet normal 1 0 0
    outer loop
      vertex 129.545 -4.05 -25
      vertex 129.545 -4.77354 -37.9022
      vertex 129.545 -4.52394 -37.9809
    endloop
  endfacet
  facet normal 1 -0 0
    outer loop
      vertex 129.545 -5.28853 37.8114
      vertex 129.545 -4.05 -25
      vertex 129.545 -5.02905 37.8456
    endloop
  endfacet
  facet normal 1 0 0
    outer loop
      vertex 129.545 -4.05 -25
      vertex 129.545 -5.02905 -37.8456
      vertex 129.545 -4.77354 -37.9022
    endloop
  endfacet
  facet normal 1 -0 0
    outer loop
      vertex 129.545 -5.55 37.8
      vertex 129.545 -4.05 -25
      vertex 129.545 -5.28853 37.8114
    endloop
  endfacet
  facet normal 1 0 0
    outer loop
      vertex 129.545 -4.05 -25
      vertex 129.545 -5.28853 -37.8114
      vertex 129.545 -5.02905 -37.8456
    endloop
  endfacet
  facet normal 1 0 0
    outer loop
      vertex 129.545 -5.81147 37.8114
      vertex 129.545 -4.05 -25
      vertex 129.545 -5.55 37.8
    endloop
  endfacet
  facet normal 1 0 0
    outer loop
      vertex 129.545 -4.05 -25
      vertex 129.545 -5.55 -37.8
      vertex 129.545 -5.28853 -37.8114
    endloop
  endfacet
  facet normal 1 0 0
    outer loop
      vertex 129.545 -6.07094 37.8456
      vertex 129.545 -4.05 -25
      vertex 129.545 -5.81147 37.8114
    endloop
  endfacet
  facet normal 1 0 0
    outer loop
      vertex 129.545 -4.05 -25
      vertex 129.545 -5.81147 -37.8114
      vertex 129.545 -5.55 -37.8
    endloop
  endfacet
  facet normal 1 0 0
    outer loop
      vertex 129.545 -6.32646 37.9022
      vertex 129.545 -4.05 -25
      vertex 129.545 -6.07094 37.8456
    endloop
  endfacet
  facet normal 1 0 0
    outer loop
      vertex 129.545 -4.05 -25
      vertex 129.545 -6.07094 -37.8456
      vertex 129.545 -5.81147 -37.8114
    endloop
  endfacet
  facet normal 1 0 0
    outer loop
      vertex 129.545 -6.57606 37.9809
      vertex 129.545 -4.05 -25
      vertex 129.545 -6.32646 37.9022
    endloop
  endfacet
  facet normal 1 0 0
    outer loop
      vertex 129.545 -4.05 -25
      vertex 129.545 -6.32646 -37.9022
      vertex 129.545 -6.07094 -37.8456
    endloop
  endfacet
  facet normal 1 0 0
    outer loop
      vertex 129.545 -6.81785 38.0811
      vertex 129.545 -4.05 -25
      vertex 129.545 -6.57606 37.9809
    endloop
  endfacet
  facet normal 1 0 0
    outer loop
      vertex 129.545 -4.05 -25
      vertex 129.545 -6.57606 -37.9809
      vertex 129.545 -6.32646 -37.9022
    endloop
  endfacet
  facet normal 1 0 0
    outer loop
      vertex 129.545 -7.05 38.2019
      vertex 129.545 -4.05 -25
      vertex 129.545 -6.81785 38.0811
    endloop
  endfacet
  facet normal 1 0 0
    outer loop
      vertex 129.545 -4.05 -25
      vertex 129.545 -6.81785 -38.0811
      vertex 129.545 -6.57606 -37.9809
    endloop
  endfacet
  facet normal 1 0 0
    outer loop
      vertex 129.545 -7.27073 38.3425
      vertex 129.545 -4.05 -25
      vertex 129.545 -7.05 38.2019
    endloop
  endfacet
  facet normal 1 0 0
    outer loop
      vertex 129.545 -4.05 -25
      vertex 129.545 -7.05 -38.2019
      vertex 129.545 -6.81785 -38.0811
    endloop
  endfacet
  facet normal 1 0 0
    outer loop
      vertex 129.545 -7.47836 38.5019
      vertex 129.545 -4.05 -25
      vertex 129.545 -7.27073 38.3425
    endloop
  endfacet
  facet normal 1 0 0
    outer loop
      vertex 129.545 -4.05 -25
      vertex 129.545 -7.27073 -38.3425
      vertex 129.545 -7.05 -38.2019
    endloop
  endfacet
  facet normal 1 0 0
    outer loop
      vertex 129.545 -7.67132 38.6787
      vertex 129.545 -4.05 -25
      vertex 129.545 -7.47836 38.5019
    endloop
  endfacet
  facet normal 1 0 0
    outer loop
      vertex 129.545 -4.05 -25
      vertex 129.545 -7.47836 -38.5019
      vertex 129.545 -7.27073 -38.3425
    endloop
  endfacet
  facet normal 1 0 0
    outer loop
      vertex 129.545 -7.84813 38.8716
      vertex 129.545 -4.05 -25
      vertex 129.545 -7.67132 38.6787
    endloop
  endfacet
  facet normal 1 0 0
    outer loop
      vertex 129.545 -4.05 -25
      vertex 129.545 -7.67132 -38.6787
      vertex 129.545 -7.47836 -38.5019
    endloop
  endfacet
  facet normal 1 0 0
    outer loop
      vertex 129.545 -8.00746 39.0793
      vertex 129.545 -4.05 -25
      vertex 129.545 -7.84813 38.8716
    endloop
  endfacet
  facet normal 1 0 0
    outer loop
      vertex 129.545 -4.05 -25
      vertex 129.545 -7.84813 -38.8716
      vertex 129.545 -7.67132 -38.6787
    endloop
  endfacet
  facet normal 1 0 0
    outer loop
      vertex 129.545 -8.14808 39.3
      vertex 129.545 -4.05 -25
      vertex 129.545 -8.00746 39.0793
    endloop
  endfacet
  facet normal 1 0 0
    outer loop
      vertex 129.545 -4.05 -25
      vertex 129.545 -8.00746 -39.0793
      vertex 129.545 -7.84813 -38.8716
    endloop
  endfacet
  facet normal 1 0 0
    outer loop
      vertex 129.545 -9.12235 40.9375
      vertex 129.545 -4.05 -25
      vertex 129.545 -8.14808 39.3
    endloop
  endfacet
  facet normal 1 0 0
    outer loop
      vertex 129.545 -4.05 -25
      vertex 129.545 -8.14808 -39.3
      vertex 129.545 -8.00746 -39.0793
    endloop
  endfacet
  facet normal 1 0 0
    outer loop
      vertex 129.545 -8.929 40.634
      vertex 129.545 -8.14808 39.3
      vertex 129.545 -8.26892 39.5321
    endloop
  endfacet
  facet normal 1 0 0
    outer loop
      vertex 129.545 -9.28852 41.2567
      vertex 129.545 -4.05 -25
      vertex 129.545 -9.12235 40.9375
    endloop
  endfacet
  facet normal 1 0 0
    outer loop
      vertex 129.545 -8.70993 40.3485
      vertex 129.545 -8.26892 39.5321
      vertex 129.545 -8.36908 39.7739
    endloop
  endfacet
  facet normal 1 0 0
    outer loop
      vertex 129.545 -8.14808 39.3
      vertex 129.545 -8.929 40.634
      vertex 129.545 -9.12235 40.9375
    endloop
  endfacet
  facet normal 1 0 0
    outer loop
      vertex 129.545 -8.70993 40.3485
      vertex 129.545 -8.36908 39.7739
      vertex 129.545 -8.44778 40.0235
    endloop
  endfacet
  facet normal 1 0 0
    outer loop
      vertex 129.545 -8.26892 39.5321
      vertex 129.545 -8.70993 40.3485
      vertex 129.545 -8.929 40.634
    endloop
  endfacet
  facet normal 1 0 0
    outer loop
      vertex 129.545 -8.46681 40.0832
      vertex 129.545 -8.44778 40.0235
      vertex 129.545 -8.45952 40.0765
    endloop
  endfacet
  facet normal 1 0 0
    outer loop
      vertex 129.545 -8.70993 40.3485
      vertex 129.545 -8.44778 40.0235
      vertex 129.545 -8.46681 40.0832
    endloop
  endfacet
  facet normal 1 0 0
    outer loop
      vertex 129.545 -4.05 -25
      vertex 129.545 -9.12235 -40.9375
      vertex 129.545 -8.14808 -39.3
    endloop
  endfacet
  facet normal 1 0 0
    outer loop
      vertex 129.545 -8.44778 -40.0235
      vertex 129.545 -8.46681 -40.0832
      vertex 129.545 -8.45952 -40.0765
    endloop
  endfacet
  facet normal 1 0 0
    outer loop
      vertex 129.545 -8.36908 -39.7739
      vertex 129.545 -8.70993 -40.3485
      vertex 129.545 -8.44778 -40.0235
    endloop
  endfacet
  facet normal 1 0 0
    outer loop
      vertex 129.545 -8.44778 -40.0235
      vertex 129.545 -8.70993 -40.3485
      vertex 129.545 -8.46681 -40.0832
    endloop
  endfacet
  facet normal 1 0 -0
    outer loop
      vertex 129.545 -8.70993 -40.3485
      vertex 129.545 -8.26892 -39.5321
      vertex 129.545 -8.929 -40.634
    endloop
  endfacet
  facet normal 1 0 0
    outer loop
      vertex 129.545 -8.26892 -39.5321
      vertex 129.545 -8.70993 -40.3485
      vertex 129.545 -8.36908 -39.7739
    endloop
  endfacet
  facet normal 1 0 -0
    outer loop
      vertex 129.545 -8.929 -40.634
      vertex 129.545 -8.14808 -39.3
      vertex 129.545 -9.12235 -40.9375
    endloop
  endfacet
  facet normal 1 0 0
    outer loop
      vertex 129.545 -8.14808 -39.3
      vertex 129.545 -8.929 -40.634
      vertex 129.545 -8.26892 -39.5321
    endloop
  endfacet
  facet normal 1 0 0
    outer loop
      vertex 129.545 -9.28852 -41.2567
      vertex 129.545 -4.05 -25
      vertex 129.545 -9.28852 41.2567
    endloop
  endfacet
  facet normal 1 0 0
    outer loop
      vertex 129.545 -4.05 -25
      vertex 129.545 -9.28852 -41.2567
      vertex 129.545 -9.12235 -40.9375
    endloop
  endfacet
  facet normal 1 0 0
    outer loop
      vertex 129.545 -9.42623 41.5892
      vertex 129.545 -9.28852 -41.2567
      vertex 129.545 -9.28852 41.2567
    endloop
  endfacet
  facet normal 1 0 0
    outer loop
      vertex 129.545 -9.42623 41.5892
      vertex 129.545 -9.42623 -41.5892
      vertex 129.545 -9.28852 -41.2567
    endloop
  endfacet
  facet normal 1 0 0
    outer loop
      vertex 129.545 -14.75 55
      vertex 129.545 -9.42623 41.5892
      vertex 129.545 -9.53444 41.9324
    endloop
  endfacet
  facet normal 1 0 0
    outer loop
      vertex 129.545 -9.42623 41.5892
      vertex 129.545 -14.75 55
      vertex 129.545 -9.42623 -41.5892
    endloop
  endfacet
  facet normal 1 0 0
    outer loop
      vertex 129.545 -14.75 55
      vertex 129.545 -9.53444 41.9324
      vertex 129.545 -9.61233 42.2837
    endloop
  endfacet
  facet normal 1 0 0
    outer loop
      vertex 129.545 -14.75 -55
      vertex 129.545 -9.42623 -41.5892
      vertex 129.545 -14.75 55
    endloop
  endfacet
  facet normal 1 0 0
    outer loop
      vertex 129.545 -14.75 55
      vertex 129.545 -9.61233 42.2837
      vertex 129.545 -9.6593 42.6405
    endloop
  endfacet
  facet normal 1 0 0
    outer loop
      vertex 129.545 -9.42623 -41.5892
      vertex 129.545 -14.75 -55
      vertex 129.545 -9.53444 -41.9324
    endloop
  endfacet
  facet normal 1 0 0
    outer loop
      vertex 129.545 -14.75 55
      vertex 129.545 -9.6593 42.6405
      vertex 129.545 -9.675 43
    endloop
  endfacet
  facet normal 1 0 0
    outer loop
      vertex 129.545 -9.53444 -41.9324
      vertex 129.545 -14.75 -55
      vertex 129.545 -9.61233 -42.2837
    endloop
  endfacet
  facet normal 0 -0.976291 0.216463
    outer loop
      vertex 127.555 -1.56556 41.9324
      vertex 129.545 -1.48767 42.2837
      vertex 127.555 -1.48767 42.2837
    endloop
  endfacet
  facet normal 0 -0.976291 0.216463
    outer loop
      vertex 129.545 -1.48767 42.2837
      vertex 127.555 -1.56556 41.9324
      vertex 129.545 -1.56556 41.9324
    endloop
  endfacet
  facet normal 0 -0.923895 0.382645
    outer loop
      vertex 127.555 -1.81148 41.2567
      vertex 129.545 -1.67377 41.5892
      vertex 127.555 -1.67377 41.5892
    endloop
  endfacet
  facet normal 0 -0.923895 0.382645
    outer loop
      vertex 129.545 -1.67377 41.5892
      vertex 127.555 -1.81148 41.2567
      vertex 129.545 -1.81148 41.2567
    endloop
  endfacet
  facet normal 0 0.991446 0.130516
    outer loop
      vertex 129.545 -9.61233 42.2837
      vertex 127.555 -9.6593 42.6405
      vertex 129.545 -9.6593 42.6405
    endloop
  endfacet
  facet normal 0 0.991446 0.130516
    outer loop
      vertex 127.555 -9.6593 42.6405
      vertex 129.545 -9.61233 42.2837
      vertex 127.555 -9.61233 42.2837
    endloop
  endfacet
  facet normal 0 0.216471 -0.976289
    outer loop
      vertex 127.555 -6.61763 46.9844
      vertex 129.545 -6.2663 47.0623
      vertex 129.545 -6.61763 46.9844
    endloop
  endfacet
  facet normal 0 0.216471 -0.976289
    outer loop
      vertex 129.545 -6.2663 47.0623
      vertex 127.555 -6.61763 46.9844
      vertex 127.555 -6.2663 47.0623
    endloop
  endfacet
  facet normal 0 -0.953717 -0.300704
    outer loop
      vertex 127.555 -1.56556 44.0676
      vertex 129.545 -1.67377 44.4108
      vertex 127.555 -1.67377 44.4108
    endloop
  endfacet
  facet normal 0 -0.953717 -0.300704
    outer loop
      vertex 129.545 -1.67377 44.4108
      vertex 127.555 -1.56556 44.0676
      vertex 129.545 -1.56556 44.0676
    endloop
  endfacet
  facet normal 0 -0.461606 -0.887085
    outer loop
      vertex 127.555 -3.8067 46.7385
      vertex 129.545 -3.4875 46.5724
      vertex 129.545 -3.8067 46.7385
    endloop
  endfacet
  facet normal -0 -0.461606 -0.887085
    outer loop
      vertex 129.545 -3.4875 46.5724
      vertex 127.555 -3.8067 46.7385
      vertex 127.555 -3.4875 46.5724
    endloop
  endfacet
  facet normal 0 -0.999048 0.0436302
    outer loop
      vertex 127.555 -1.4407 42.6405
      vertex 129.545 -1.425 43
      vertex 127.555 -1.425 43
    endloop
  endfacet
  facet normal 0 -0.999048 0.0436302
    outer loop
      vertex 129.545 -1.425 43
      vertex 127.555 -1.4407 42.6405
      vertex 129.545 -1.4407 42.6405
    endloop
  endfacet
  facet normal 0 0.843392 0.537298
    outer loop
      vertex 129.545 -8.929 40.634
      vertex 127.555 -9.12235 40.9375
      vertex 129.545 -9.12235 40.9375
    endloop
  endfacet
  facet normal 0 0.843392 0.537298
    outer loop
      vertex 127.555 -9.12235 40.9375
      vertex 129.545 -8.929 40.634
      vertex 127.555 -8.929 40.634
    endloop
  endfacet
  facet normal 0 0.675572 -0.737294
    outer loop
      vertex 127.555 -8.46681 45.9168
      vertex 129.545 -8.2015 46.1599
      vertex 129.545 -8.46681 45.9168
    endloop
  endfacet
  facet normal 0 0.675572 -0.737294
    outer loop
      vertex 129.545 -8.2015 46.1599
      vertex 127.555 -8.46681 45.9168
      vertex 127.555 -8.2015 46.1599
    endloop
  endfacet
  facet normal 0 -0.991446 -0.130516
    outer loop
      vertex 127.555 -1.4407 43.3595
      vertex 129.545 -1.48767 43.7163
      vertex 127.555 -1.48767 43.7163
    endloop
  endfacet
  facet normal 0 -0.991446 -0.130516
    outer loop
      vertex 129.545 -1.48767 43.7163
      vertex 127.555 -1.4407 43.3595
      vertex 129.545 -1.4407 43.3595
    endloop
  endfacet
  facet normal 0 -0.999048 -0.0436302
    outer loop
      vertex 127.555 -1.425 43
      vertex 129.545 -1.4407 43.3595
      vertex 127.555 -1.4407 43.3595
    endloop
  endfacet
  facet normal 0 -0.999048 -0.0436302
    outer loop
      vertex 129.545 -1.4407 43.3595
      vertex 127.555 -1.425 43
      vertex 129.545 -1.425 43
    endloop
  endfacet
  facet normal 0 -0.793356 0.608758
    outer loop
      vertex 127.555 -2.39007 40.3485
      vertex 129.545 -2.171 40.634
      vertex 127.555 -2.171 40.634
    endloop
  endfacet
  facet normal 0 -0.793356 0.608758
    outer loop
      vertex 129.545 -2.171 40.634
      vertex 127.555 -2.39007 40.3485
      vertex 129.545 -2.39007 40.3485
    endloop
  endfacet
  facet normal 0 0.382651 -0.923893
    outer loop
      vertex 127.555 -7.2933 46.7385
      vertex 129.545 -6.96083 46.8762
      vertex 129.545 -7.2933 46.7385
    endloop
  endfacet
  facet normal 0 0.382651 -0.923893
    outer loop
      vertex 129.545 -6.96083 46.8762
      vertex 127.555 -7.2933 46.7385
      vertex 127.555 -6.96083 46.8762
    endloop
  endfacet
  facet normal 0 -0.382651 -0.923893
    outer loop
      vertex 127.555 -4.13917 46.8762
      vertex 129.545 -3.8067 46.7385
      vertex 129.545 -4.13917 46.8762
    endloop
  endfacet
  facet normal -0 -0.382651 -0.923893
    outer loop
      vertex 129.545 -3.8067 46.7385
      vertex 127.555 -4.13917 46.8762
      vertex 127.555 -3.8067 46.7385
    endloop
  endfacet
  facet normal 0 -0.0436278 -0.999048
    outer loop
      vertex 127.555 -5.55 47.125
      vertex 129.545 -5.19048 47.1093
      vertex 129.545 -5.55 47.125
    endloop
  endfacet
  facet normal -0 -0.0436278 -0.999048
    outer loop
      vertex 129.545 -5.19048 47.1093
      vertex 127.555 -5.55 47.125
      vertex 127.555 -5.19048 47.1093
    endloop
  endfacet
  facet normal 0 -0.216471 -0.976289
    outer loop
      vertex 127.555 -4.8337 47.0623
      vertex 129.545 -4.48237 46.9844
      vertex 129.545 -4.8337 47.0623
    endloop
  endfacet
  facet normal -0 -0.216471 -0.976289
    outer loop
      vertex 129.545 -4.48237 46.9844
      vertex 127.555 -4.8337 47.0623
      vertex 127.555 -4.48237 46.9844
    endloop
  endfacet
  facet normal 0 -0.953717 0.300704
    outer loop
      vertex 127.555 -1.67377 41.5892
      vertex 129.545 -1.56556 41.9324
      vertex 127.555 -1.56556 41.9324
    endloop
  endfacet
  facet normal 0 -0.953717 0.300704
    outer loop
      vertex 129.545 -1.56556 41.9324
      vertex 127.555 -1.67377 41.5892
      vertex 129.545 -1.67377 41.5892
    endloop
  endfacet
  facet normal 0 -0.976291 -0.216463
    outer loop
      vertex 127.555 -1.48767 43.7163
      vertex 129.545 -1.56556 44.0676
      vertex 127.555 -1.56556 44.0676
    endloop
  endfacet
  facet normal 0 -0.976291 -0.216463
    outer loop
      vertex 129.545 -1.56556 44.0676
      vertex 127.555 -1.48767 43.7163
      vertex 129.545 -1.48767 43.7163
    endloop
  endfacet
  facet normal 0 0.300679 -0.953725
    outer loop
      vertex 127.555 -6.96083 46.8762
      vertex 129.545 -6.61763 46.9844
      vertex 129.545 -6.96083 46.8762
    endloop
  endfacet
  facet normal 0 0.300679 -0.953725
    outer loop
      vertex 129.545 -6.61763 46.9844
      vertex 127.555 -6.96083 46.8762
      vertex 127.555 -6.61763 46.9844
    endloop
  endfacet
  facet normal 0 0.976291 -0.216463
    outer loop
      vertex 129.545 -9.61233 43.7163
      vertex 127.555 -9.53444 44.0676
      vertex 129.545 -9.53444 44.0676
    endloop
  endfacet
  facet normal 0 0.976291 -0.216463
    outer loop
      vertex 127.555 -9.53444 44.0676
      vertex 129.545 -9.61233 43.7163
      vertex 127.555 -9.61233 43.7163
    endloop
  endfacet
  facet normal 0 -0.300679 -0.953725
    outer loop
      vertex 127.555 -4.48237 46.9844
      vertex 129.545 -4.13917 46.8762
      vertex 129.545 -4.48237 46.9844
    endloop
  endfacet
  facet normal -0 -0.300679 -0.953725
    outer loop
      vertex 129.545 -4.13917 46.8762
      vertex 127.555 -4.48237 46.9844
      vertex 127.555 -4.13917 46.8762
    endloop
  endfacet
  facet normal 0 0.843392 -0.537298
    outer loop
      vertex 129.545 -9.12235 45.0625
      vertex 127.555 -8.929 45.366
      vertex 129.545 -8.929 45.366
    endloop
  endfacet
  facet normal 0 0.843392 -0.537298
    outer loop
      vertex 127.555 -8.929 45.366
      vertex 129.545 -9.12235 45.0625
      vertex 127.555 -9.12235 45.0625
    endloop
  endfacet
  facet normal 0 0.793356 -0.608758
    outer loop
      vertex 129.545 -8.929 45.366
      vertex 127.555 -8.70993 45.6515
      vertex 129.545 -8.70993 45.6515
    endloop
  endfacet
  facet normal 0 0.793356 -0.608758
    outer loop
      vertex 127.555 -8.70993 45.6515
      vertex 129.545 -8.929 45.366
      vertex 127.555 -8.929 45.366
    endloop
  endfacet
  facet normal 0 0.461606 -0.887085
    outer loop
      vertex 127.555 -7.6125 46.5724
      vertex 129.545 -7.2933 46.7385
      vertex 129.545 -7.6125 46.5724
    endloop
  endfacet
  facet normal 0 0.461606 -0.887085
    outer loop
      vertex 129.545 -7.2933 46.7385
      vertex 127.555 -7.6125 46.5724
      vertex 127.555 -7.2933 46.7385
    endloop
  endfacet
  facet normal 0 0.537397 -0.84333
    outer loop
      vertex 127.555 -7.916 46.379
      vertex 129.545 -7.6125 46.5724
      vertex 129.545 -7.916 46.379
    endloop
  endfacet
  facet normal 0 0.537397 -0.84333
    outer loop
      vertex 129.545 -7.6125 46.5724
      vertex 127.555 -7.916 46.379
      vertex 127.555 -7.6125 46.5724
    endloop
  endfacet
  facet normal 0 0.923895 -0.382645
    outer loop
      vertex 129.545 -9.42623 44.4108
      vertex 127.555 -9.28852 44.7433
      vertex 129.545 -9.28852 44.7433
    endloop
  endfacet
  facet normal 0 0.923895 -0.382645
    outer loop
      vertex 127.555 -9.28852 44.7433
      vertex 129.545 -9.42623 44.4108
      vertex 127.555 -9.42623 44.4108
    endloop
  endfacet
  facet normal 0 -0.537397 -0.84333
    outer loop
      vertex 127.555 -3.4875 46.5724
      vertex 129.545 -3.184 46.379
      vertex 129.545 -3.4875 46.5724
    endloop
  endfacet
  facet normal -0 -0.537397 -0.84333
    outer loop
      vertex 129.545 -3.184 46.379
      vertex 127.555 -3.4875 46.5724
      vertex 127.555 -3.184 46.379
    endloop
  endfacet
  facet normal 0 -0.608811 -0.793316
    outer loop
      vertex 127.555 -3.184 46.379
      vertex 129.545 -2.8985 46.1599
      vertex 129.545 -3.184 46.379
    endloop
  endfacet
  facet normal -0 -0.608811 -0.793316
    outer loop
      vertex 129.545 -2.8985 46.1599
      vertex 127.555 -3.184 46.379
      vertex 127.555 -2.8985 46.1599
    endloop
  endfacet
  facet normal 0 0.0436278 -0.999048
    outer loop
      vertex 127.555 -5.90952 47.1093
      vertex 129.545 -5.55 47.125
      vertex 129.545 -5.90952 47.1093
    endloop
  endfacet
  facet normal 0 0.0436278 -0.999048
    outer loop
      vertex 129.545 -5.55 47.125
      vertex 127.555 -5.90952 47.1093
      vertex 127.555 -5.55 47.125
    endloop
  endfacet
  facet normal 0 0.976291 0.216463
    outer loop
      vertex 129.545 -9.53444 41.9324
      vertex 127.555 -9.61233 42.2837
      vertex 129.545 -9.61233 42.2837
    endloop
  endfacet
  facet normal 0 0.976291 0.216463
    outer loop
      vertex 127.555 -9.61233 42.2837
      vertex 129.545 -9.53444 41.9324
      vertex 127.555 -9.53444 41.9324
    endloop
  endfacet
  facet normal 0 0.991446 -0.130516
    outer loop
      vertex 129.545 -9.6593 43.3595
      vertex 127.555 -9.61233 43.7163
      vertex 129.545 -9.61233 43.7163
    endloop
  endfacet
  facet normal 0 0.991446 -0.130516
    outer loop
      vertex 127.555 -9.61233 43.7163
      vertex 129.545 -9.6593 43.3595
      vertex 127.555 -9.6593 43.3595
    endloop
  endfacet
  facet normal 0 -0.887017 -0.461738
    outer loop
      vertex 127.555 -1.81148 44.7433
      vertex 129.545 -1.97764 45.0625
      vertex 127.555 -1.97764 45.0625
    endloop
  endfacet
  facet normal 0 -0.887017 -0.461738
    outer loop
      vertex 129.545 -1.97764 45.0625
      vertex 127.555 -1.81148 44.7433
      vertex 129.545 -1.81148 44.7433
    endloop
  endfacet
  facet normal 0 -0.991446 0.130516
    outer loop
      vertex 127.555 -1.48767 42.2837
      vertex 129.545 -1.4407 42.6405
      vertex 127.555 -1.4407 42.6405
    endloop
  endfacet
  facet normal 0 -0.991446 0.130516
    outer loop
      vertex 129.545 -1.4407 42.6405
      vertex 127.555 -1.48767 42.2837
      vertex 129.545 -1.48767 42.2837
    endloop
  endfacet
  facet normal 0 0.923895 0.382645
    outer loop
      vertex 129.545 -9.28852 41.2567
      vertex 127.555 -9.42623 41.5892
      vertex 129.545 -9.42623 41.5892
    endloop
  endfacet
  facet normal 0 0.923895 0.382645
    outer loop
      vertex 127.555 -9.42623 41.5892
      vertex 129.545 -9.28852 41.2567
      vertex 127.555 -9.28852 41.2567
    endloop
  endfacet
  facet normal 0 -0.793356 -0.608758
    outer loop
      vertex 127.555 -2.171 45.366
      vertex 129.545 -2.39007 45.6515
      vertex 127.555 -2.39007 45.6515
    endloop
  endfacet
  facet normal 0 -0.793356 -0.608758
    outer loop
      vertex 129.545 -2.39007 45.6515
      vertex 127.555 -2.171 45.366
      vertex 129.545 -2.171 45.366
    endloop
  endfacet
  facet normal 0 0.953717 -0.300704
    outer loop
      vertex 129.545 -9.53444 44.0676
      vertex 127.555 -9.42623 44.4108
      vertex 129.545 -9.42623 44.4108
    endloop
  endfacet
  facet normal 0 0.953717 -0.300704
    outer loop
      vertex 127.555 -9.42623 44.4108
      vertex 129.545 -9.53444 44.0676
      vertex 127.555 -9.53444 44.0676
    endloop
  endfacet
  facet normal 0 -0.923895 -0.382645
    outer loop
      vertex 127.555 -1.67377 44.4108
      vertex 129.545 -1.81148 44.7433
      vertex 127.555 -1.81148 44.7433
    endloop
  endfacet
  facet normal 0 -0.923895 -0.382645
    outer loop
      vertex 129.545 -1.81148 44.7433
      vertex 127.555 -1.67377 44.4108
      vertex 129.545 -1.67377 44.4108
    endloop
  endfacet
  facet normal 0 -0.887017 0.461738
    outer loop
      vertex 127.555 -1.97764 40.9375
      vertex 129.545 -1.81148 41.2567
      vertex 127.555 -1.81148 41.2567
    endloop
  endfacet
  facet normal 0 -0.887017 0.461738
    outer loop
      vertex 129.545 -1.81148 41.2567
      vertex 127.555 -1.97764 40.9375
      vertex 129.545 -1.97764 40.9375
    endloop
  endfacet
  facet normal 0 0.737253 -0.675616
    outer loop
      vertex 129.545 -8.70993 45.6515
      vertex 127.555 -8.46681 45.9168
      vertex 129.545 -8.46681 45.9168
    endloop
  endfacet
  facet normal 0 0.737253 -0.675616
    outer loop
      vertex 127.555 -8.46681 45.9168
      vertex 129.545 -8.70993 45.6515
      vertex 127.555 -8.70993 45.6515
    endloop
  endfacet
  facet normal 0 -0.675559 -0.737306
    outer loop
      vertex 127.555 -2.8985 46.1599
      vertex 129.545 -2.63318 45.9168
      vertex 129.545 -2.8985 46.1599
    endloop
  endfacet
  facet normal -0 -0.675559 -0.737306
    outer loop
      vertex 129.545 -2.63318 45.9168
      vertex 127.555 -2.8985 46.1599
      vertex 127.555 -2.63318 45.9168
    endloop
  endfacet
  facet normal 0 0.130605 -0.991434
    outer loop
      vertex 127.555 -6.2663 47.0623
      vertex 129.545 -5.90952 47.1093
      vertex 129.545 -6.2663 47.0623
    endloop
  endfacet
  facet normal 0 0.130605 -0.991434
    outer loop
      vertex 129.545 -5.90952 47.1093
      vertex 127.555 -6.2663 47.0623
      vertex 127.555 -5.90952 47.1093
    endloop
  endfacet
  facet normal 0 0.737253 0.675616
    outer loop
      vertex 129.545 -8.46681 40.0832
      vertex 127.555 -8.70993 40.3485
      vertex 129.545 -8.70993 40.3485
    endloop
  endfacet
  facet normal 0 0.737253 0.675616
    outer loop
      vertex 127.555 -8.70993 40.3485
      vertex 129.545 -8.46681 40.0832
      vertex 127.555 -8.46681 40.0832
    endloop
  endfacet
  facet normal -0 0.676684 0.736273
    outer loop
      vertex 127.555 -8.45952 40.0765
      vertex 129.545 -8.46681 40.0832
      vertex 129.545 -8.45952 40.0765
    endloop
  endfacet
  facet normal 0 0.676684 0.736273
    outer loop
      vertex 129.545 -8.46681 40.0832
      vertex 127.555 -8.45952 40.0765
      vertex 127.555 -8.46681 40.0832
    endloop
  endfacet
  facet normal 0 0.953717 0.300704
    outer loop
      vertex 129.545 -9.42623 41.5892
      vertex 127.555 -9.53444 41.9324
      vertex 129.545 -9.53444 41.9324
    endloop
  endfacet
  facet normal 0 0.953717 0.300704
    outer loop
      vertex 127.555 -9.53444 41.9324
      vertex 129.545 -9.42623 41.5892
      vertex 127.555 -9.42623 41.5892
    endloop
  endfacet
  facet normal 0 -0.676182 0.736735
    outer loop
      vertex 127.555 -2.63318 40.0832
      vertex 129.545 -2.64048 40.0765
      vertex 129.545 -2.63318 40.0832
    endloop
  endfacet
  facet normal 0 -0.676182 0.736735
    outer loop
      vertex 129.545 -2.64048 40.0765
      vertex 127.555 -2.63318 40.0832
      vertex 127.555 -2.64048 40.0765
    endloop
  endfacet
  facet normal 0 -0.130605 -0.991434
    outer loop
      vertex 127.555 -5.19048 47.1093
      vertex 129.545 -4.8337 47.0623
      vertex 129.545 -5.19048 47.1093
    endloop
  endfacet
  facet normal -0 -0.130605 -0.991434
    outer loop
      vertex 129.545 -4.8337 47.0623
      vertex 127.555 -5.19048 47.1093
      vertex 127.555 -4.8337 47.0623
    endloop
  endfacet
  facet normal 0 -0.737267 -0.675601
    outer loop
      vertex 127.555 -2.39007 45.6515
      vertex 129.545 -2.63318 45.9168
      vertex 127.555 -2.63318 45.9168
    endloop
  endfacet
  facet normal 0 -0.737267 -0.675601
    outer loop
      vertex 129.545 -2.63318 45.9168
      vertex 127.555 -2.39007 45.6515
      vertex 129.545 -2.39007 45.6515
    endloop
  endfacet
  facet normal 0 -0.84338 0.537318
    outer loop
      vertex 127.555 -2.171 40.634
      vertex 129.545 -1.97764 40.9375
      vertex 127.555 -1.97764 40.9375
    endloop
  endfacet
  facet normal 0 -0.84338 0.537318
    outer loop
      vertex 129.545 -1.97764 40.9375
      vertex 127.555 -2.171 40.634
      vertex 129.545 -2.171 40.634
    endloop
  endfacet
  facet normal 1 0 0
    outer loop
      vertex 127.555 -3.09254 42.5207
      vertex 127.555 -1.425 43
      vertex 127.555 -1.4407 43.3595
    endloop
  endfacet
  facet normal 1 0 0
    outer loop
      vertex 127.555 -3.25187 42.7284
      vertex 127.555 -1.4407 43.3595
      vertex 127.555 -1.48767 43.7163
    endloop
  endfacet
  facet normal 1 0 -0
    outer loop
      vertex 127.555 -2.95192 42.3
      vertex 127.555 -1.425 43
      vertex 127.555 -3.09254 42.5207
    endloop
  endfacet
  facet normal 1 0 0
    outer loop
      vertex 127.555 -3.42868 42.9213
      vertex 127.555 -1.48767 43.7163
      vertex 127.555 -1.56556 44.0676
    endloop
  endfacet
  facet normal 1 0 0
    outer loop
      vertex 127.555 -1.425 43
      vertex 127.555 -2.95192 42.3
      vertex 127.555 -1.4407 42.6405
    endloop
  endfacet
  facet normal 1 0 0
    outer loop
      vertex 127.555 -3.62164 43.0981
      vertex 127.555 -1.56556 44.0676
      vertex 127.555 -1.67377 44.4108
    endloop
  endfacet
  facet normal 1 0 0
    outer loop
      vertex 127.555 -1.4407 42.6405
      vertex 127.555 -2.95192 42.3
      vertex 127.555 -1.48767 42.2837
    endloop
  endfacet
  facet normal 1 0 0
    outer loop
      vertex 127.555 -3.62164 43.0981
      vertex 127.555 -1.67377 44.4108
      vertex 127.555 -1.81148 44.7433
    endloop
  endfacet
  facet normal 1 0 0
    outer loop
      vertex 127.555 -1.48767 42.2837
      vertex 127.555 -2.83108 42.0679
      vertex 127.555 -1.56556 41.9324
    endloop
  endfacet
  facet normal 1 0 0
    outer loop
      vertex 127.555 -3.82927 43.2575
      vertex 127.555 -1.81148 44.7433
      vertex 127.555 -1.97764 45.0625
    endloop
  endfacet
  facet normal 1 0 -0
    outer loop
      vertex 127.555 -2.73092 41.8261
      vertex 127.555 -1.56556 41.9324
      vertex 127.555 -2.83108 42.0679
    endloop
  endfacet
  facet normal 1 0 0
    outer loop
      vertex 127.555 -4.05 43.3981
      vertex 127.555 -1.97764 45.0625
      vertex 127.555 -2.171 45.366
    endloop
  endfacet
  facet normal 1 0 -0
    outer loop
      vertex 127.555 -2.65222 41.5765
      vertex 127.555 -1.67377 41.5892
      vertex 127.555 -2.73092 41.8261
    endloop
  endfacet
  facet normal 1 0 0
    outer loop
      vertex 127.555 -4.05 43.3981
      vertex 127.555 -2.171 45.366
      vertex 127.555 -2.39007 45.6515
    endloop
  endfacet
  facet normal 1 -0 -0
    outer loop
      vertex 127.555 -2.59558 41.3209
      vertex 127.555 -1.81148 41.2567
      vertex 127.555 -2.65222 41.5765
    endloop
  endfacet
  facet normal 1 0 -0
    outer loop
      vertex 127.555 -2.55 40.8
      vertex 127.555 -1.97764 40.9375
      vertex 127.555 -2.56142 41.0615
    endloop
  endfacet
  facet normal 1 0 0
    outer loop
      vertex 127.555 -2.56142 40.5385
      vertex 127.555 -2.171 40.634
      vertex 127.555 -2.55 40.8
    endloop
  endfacet
  facet normal 1 0 0
    outer loop
      vertex 127.555 -1.97764 40.9375
      vertex 127.555 -2.55 40.8
      vertex 127.555 -2.171 40.634
    endloop
  endfacet
  facet normal 1 0 0
    outer loop
      vertex 127.555 -4.28214 43.5189
      vertex 127.555 -2.39007 45.6515
      vertex 127.555 -2.63318 45.9168
    endloop
  endfacet
  facet normal 1 -0 -0
    outer loop
      vertex 127.555 -2.56142 41.0615
      vertex 127.555 -1.97764 40.9375
      vertex 127.555 -2.59558 41.3209
    endloop
  endfacet
  facet normal 1 0 0
    outer loop
      vertex 127.555 -1.81148 41.2567
      vertex 127.555 -2.59558 41.3209
      vertex 127.555 -1.97764 40.9375
    endloop
  endfacet
  facet normal 1 0 0
    outer loop
      vertex 127.555 -1.67377 41.5892
      vertex 127.555 -2.65222 41.5765
      vertex 127.555 -1.81148 41.2567
    endloop
  endfacet
  facet normal 1 0 0
    outer loop
      vertex 127.555 -4.28214 43.5189
      vertex 127.555 -2.63318 45.9168
      vertex 127.555 -2.8985 46.1599
    endloop
  endfacet
  facet normal 1 0 0
    outer loop
      vertex 127.555 -1.56556 41.9324
      vertex 127.555 -2.73092 41.8261
      vertex 127.555 -1.67377 41.5892
    endloop
  endfacet
  facet normal 1 0 -0
    outer loop
      vertex 127.555 -2.83108 42.0679
      vertex 127.555 -1.48767 42.2837
      vertex 127.555 -2.95192 42.3
    endloop
  endfacet
  facet normal 1 0 0
    outer loop
      vertex 127.555 -4.52394 43.6191
      vertex 127.555 -2.8985 46.1599
      vertex 127.555 -3.184 46.379
    endloop
  endfacet
  facet normal 1 0 0
    outer loop
      vertex 127.555 -1.4407 43.3595
      vertex 127.555 -3.25187 42.7284
      vertex 127.555 -3.09254 42.5207
    endloop
  endfacet
  facet normal 1 0 0
    outer loop
      vertex 127.555 -1.48767 43.7163
      vertex 127.555 -3.42868 42.9213
      vertex 127.555 -3.25187 42.7284
    endloop
  endfacet
  facet normal 1 0 0
    outer loop
      vertex 127.555 -4.52394 43.6191
      vertex 127.555 -3.184 46.379
      vertex 127.555 -3.4875 46.5724
    endloop
  endfacet
  facet normal 1 0 0
    outer loop
      vertex 127.555 -1.56556 44.0676
      vertex 127.555 -3.62164 43.0981
      vertex 127.555 -3.42868 42.9213
    endloop
  endfacet
  facet normal 1 0 0
    outer loop
      vertex 127.555 -4.77354 43.6978
      vertex 127.555 -3.4875 46.5724
      vertex 127.555 -3.8067 46.7385
    endloop
  endfacet
  facet normal 1 0 0
    outer loop
      vertex 127.555 -1.81148 44.7433
      vertex 127.555 -3.82927 43.2575
      vertex 127.555 -3.62164 43.0981
    endloop
  endfacet
  facet normal 1 0 0
    outer loop
      vertex 127.555 -1.97764 45.0625
      vertex 127.555 -4.05 43.3981
      vertex 127.555 -3.82927 43.2575
    endloop
  endfacet
  facet normal 1 0 0
    outer loop
      vertex 127.555 -5.02905 43.7544
      vertex 127.555 -3.8067 46.7385
      vertex 127.555 -4.13917 46.8762
    endloop
  endfacet
  facet normal 1 0 0
    outer loop
      vertex 127.555 -2.39007 45.6515
      vertex 127.555 -4.28214 43.5189
      vertex 127.555 -4.05 43.3981
    endloop
  endfacet
  facet normal 1 0 0
    outer loop
      vertex 127.555 -5.02905 43.7544
      vertex 127.555 -4.13917 46.8762
      vertex 127.555 -4.48237 46.9844
    endloop
  endfacet
  facet normal 1 0 0
    outer loop
      vertex 127.555 -2.8985 46.1599
      vertex 127.555 -4.52394 43.6191
      vertex 127.555 -4.28214 43.5189
    endloop
  endfacet
  facet normal 1 0 0
    outer loop
      vertex 127.555 -3.4875 46.5724
      vertex 127.555 -4.77354 43.6978
      vertex 127.555 -4.52394 43.6191
    endloop
  endfacet
  facet normal 1 0 0
    outer loop
      vertex 127.555 -5.28853 43.7886
      vertex 127.555 -4.48237 46.9844
      vertex 127.555 -4.8337 47.0623
    endloop
  endfacet
  facet normal 1 0 0
    outer loop
      vertex 127.555 -3.8067 46.7385
      vertex 127.555 -5.02905 43.7544
      vertex 127.555 -4.77354 43.6978
    endloop
  endfacet
  facet normal 1 0 0
    outer loop
      vertex 127.555 -5.28853 43.7886
      vertex 127.555 -4.8337 47.0623
      vertex 127.555 -5.19048 47.1093
    endloop
  endfacet
  facet normal 1 0 0
    outer loop
      vertex 127.555 -4.48237 46.9844
      vertex 127.555 -5.28853 43.7886
      vertex 127.555 -5.02905 43.7544
    endloop
  endfacet
  facet normal 1 0 0
    outer loop
      vertex 127.555 -5.55 43.8
      vertex 127.555 -5.19048 47.1093
      vertex 127.555 -5.55 47.125
    endloop
  endfacet
  facet normal 1 0 0
    outer loop
      vertex 127.555 -5.19048 47.1093
      vertex 127.555 -5.55 43.8
      vertex 127.555 -5.28853 43.7886
    endloop
  endfacet
  facet normal 1 -0 0
    outer loop
      vertex 127.555 -5.90952 47.1093
      vertex 127.555 -5.55 43.8
      vertex 127.555 -5.55 47.125
    endloop
  endfacet
  facet normal 1 0 0
    outer loop
      vertex 127.555 -5.55 43.8
      vertex 127.555 -5.90952 47.1093
      vertex 127.555 -5.81147 43.7886
    endloop
  endfacet
  facet normal 1 -0 0
    outer loop
      vertex 127.555 -6.2663 47.0623
      vertex 127.555 -5.81147 43.7886
      vertex 127.555 -5.90952 47.1093
    endloop
  endfacet
  facet normal 1 -0 0
    outer loop
      vertex 127.555 -6.61763 46.9844
      vertex 127.555 -5.81147 43.7886
      vertex 127.555 -6.2663 47.0623
    endloop
  endfacet
  facet normal 1 0 0
    outer loop
      vertex 127.555 -5.81147 43.7886
      vertex 127.555 -6.61763 46.9844
      vertex 127.555 -6.07094 43.7544
    endloop
  endfacet
  facet normal 1 -0 0
    outer loop
      vertex 127.555 -6.96083 46.8762
      vertex 127.555 -6.07094 43.7544
      vertex 127.555 -6.61763 46.9844
    endloop
  endfacet
  facet normal 1 -0 0
    outer loop
      vertex 127.555 -7.2933 46.7385
      vertex 127.555 -6.07094 43.7544
      vertex 127.555 -6.96083 46.8762
    endloop
  endfacet
  facet normal 1 0 0
    outer loop
      vertex 127.555 -6.07094 43.7544
      vertex 127.555 -7.2933 46.7385
      vertex 127.555 -6.32646 43.6978
    endloop
  endfacet
  facet normal 1 -0 0
    outer loop
      vertex 127.555 -7.6125 46.5724
      vertex 127.555 -6.32646 43.6978
      vertex 127.555 -7.2933 46.7385
    endloop
  endfacet
  facet normal 1 0 0
    outer loop
      vertex 127.555 -6.32646 43.6978
      vertex 127.555 -7.6125 46.5724
      vertex 127.555 -6.57606 43.6191
    endloop
  endfacet
  facet normal 1 -0 0
    outer loop
      vertex 127.555 -7.916 46.379
      vertex 127.555 -6.57606 43.6191
      vertex 127.555 -7.6125 46.5724
    endloop
  endfacet
  facet normal 1 -0 0
    outer loop
      vertex 127.555 -8.2015 46.1599
      vertex 127.555 -6.57606 43.6191
      vertex 127.555 -7.916 46.379
    endloop
  endfacet
  facet normal 1 0 0
    outer loop
      vertex 127.555 -6.57606 43.6191
      vertex 127.555 -8.2015 46.1599
      vertex 127.555 -6.81785 43.5189
    endloop
  endfacet
  facet normal 1 -0 0
    outer loop
      vertex 127.555 -8.46681 45.9168
      vertex 127.555 -6.81785 43.5189
      vertex 127.555 -8.2015 46.1599
    endloop
  endfacet
  facet normal 1 -0 0
    outer loop
      vertex 127.555 -8.70993 45.6515
      vertex 127.555 -6.81785 43.5189
      vertex 127.555 -8.46681 45.9168
    endloop
  endfacet
  facet normal 1 0 0
    outer loop
      vertex 127.555 -6.81785 43.5189
      vertex 127.555 -8.70993 45.6515
      vertex 127.555 -7.05 43.3981
    endloop
  endfacet
  facet normal 1 -0 0
    outer loop
      vertex 127.555 -8.929 45.366
      vertex 127.555 -7.05 43.3981
      vertex 127.555 -8.70993 45.6515
    endloop
  endfacet
  facet normal 1 -0 0
    outer loop
      vertex 127.555 -9.12235 45.0625
      vertex 127.555 -7.05 43.3981
      vertex 127.555 -8.929 45.366
    endloop
  endfacet
  facet normal 1 0 0
    outer loop
      vertex 127.555 -7.05 43.3981
      vertex 127.555 -9.12235 45.0625
      vertex 127.555 -7.27073 43.2575
    endloop
  endfacet
  facet normal 1 -0 0
    outer loop
      vertex 127.555 -9.28852 44.7433
      vertex 127.555 -7.27073 43.2575
      vertex 127.555 -9.12235 45.0625
    endloop
  endfacet
  facet normal 1 0 0
    outer loop
      vertex 127.555 -7.27073 43.2575
      vertex 127.555 -9.28852 44.7433
      vertex 127.555 -7.47836 43.0981
    endloop
  endfacet
  facet normal 1 -0 0
    outer loop
      vertex 127.555 -9.42623 44.4108
      vertex 127.555 -7.47836 43.0981
      vertex 127.555 -9.28852 44.7433
    endloop
  endfacet
  facet normal 1 -0 0
    outer loop
      vertex 127.555 -9.53444 44.0676
      vertex 127.555 -7.47836 43.0981
      vertex 127.555 -9.42623 44.4108
    endloop
  endfacet
  facet normal 1 0 0
    outer loop
      vertex 127.555 -7.47836 43.0981
      vertex 127.555 -9.53444 44.0676
      vertex 127.555 -7.67132 42.9213
    endloop
  endfacet
  facet normal 1 -0 0
    outer loop
      vertex 127.555 -9.61233 43.7163
      vertex 127.555 -7.67132 42.9213
      vertex 127.555 -9.53444 44.0676
    endloop
  endfacet
  facet normal 1 0 0
    outer loop
      vertex 127.555 -7.67132 42.9213
      vertex 127.555 -9.61233 43.7163
      vertex 127.555 -7.84813 42.7284
    endloop
  endfacet
  facet normal 1 -0 0
    outer loop
      vertex 127.555 -9.6593 43.3595
      vertex 127.555 -7.84813 42.7284
      vertex 127.555 -9.61233 43.7163
    endloop
  endfacet
  facet normal 1 0 0
    outer loop
      vertex 127.555 -7.84813 42.7284
      vertex 127.555 -9.6593 43.3595
      vertex 127.555 -8.00746 42.5207
    endloop
  endfacet
  facet normal 1 0 0
    outer loop
      vertex 127.555 -2.171 40.634
      vertex 127.555 -2.56142 40.5385
      vertex 127.555 -2.39007 40.3485
    endloop
  endfacet
  facet normal 1 0 0
    outer loop
      vertex 127.555 -2.59558 40.2791
      vertex 127.555 -2.39007 40.3485
      vertex 127.555 -2.56142 40.5385
    endloop
  endfacet
  facet normal 1 -0 0
    outer loop
      vertex 127.555 -2.59558 40.2791
      vertex 127.555 -2.63318 40.0832
      vertex 127.555 -2.39007 40.3485
    endloop
  endfacet
  facet normal 1 0 -0
    outer loop
      vertex 127.555 -2.63318 40.0832
      vertex 127.555 -2.59558 40.2791
      vertex 127.555 -2.64048 40.0765
    endloop
  endfacet
  facet normal 1 0 0
    outer loop
      vertex 127.555 -8.50442 40.2791
      vertex 127.555 -8.46681 40.0832
      vertex 127.555 -8.45952 40.0765
    endloop
  endfacet
  facet normal 1 0 0
    outer loop
      vertex 127.555 -8.50442 40.2791
      vertex 127.555 -8.70993 40.3485
      vertex 127.555 -8.46681 40.0832
    endloop
  endfacet
  facet normal 1 0 0
    outer loop
      vertex 127.555 -8.53858 40.5385
      vertex 127.555 -8.70993 40.3485
      vertex 127.555 -8.50442 40.2791
    endloop
  endfacet
  facet normal 1 -0 0
    outer loop
      vertex 127.555 -8.929 40.634
      vertex 127.555 -8.53858 40.5385
      vertex 127.555 -8.55 40.8
    endloop
  endfacet
  facet normal 1 -0 0
    outer loop
      vertex 127.555 -9.675 43
      vertex 127.555 -8.00746 42.5207
      vertex 127.555 -9.6593 43.3595
    endloop
  endfacet
  facet normal 1 0 0
    outer loop
      vertex 127.555 -8.00746 42.5207
      vertex 127.555 -9.675 43
      vertex 127.555 -8.14808 42.3
    endloop
  endfacet
  facet normal 1 0 0
    outer loop
      vertex 127.555 -8.53858 40.5385
      vertex 127.555 -8.929 40.634
      vertex 127.555 -8.70993 40.3485
    endloop
  endfacet
  facet normal 1 -0 -0
    outer loop
      vertex 127.555 -9.6593 42.6405
      vertex 127.555 -8.14808 42.3
      vertex 127.555 -9.675 43
    endloop
  endfacet
  facet normal 1 0 0
    outer loop
      vertex 127.555 -8.55 40.8
      vertex 127.555 -9.12235 40.9375
      vertex 127.555 -8.929 40.634
    endloop
  endfacet
  facet normal 1 0 -0
    outer loop
      vertex 127.555 -9.61233 42.2837
      vertex 127.555 -8.14808 42.3
      vertex 127.555 -9.6593 42.6405
    endloop
  endfacet
  facet normal 1 0 0
    outer loop
      vertex 127.555 -8.53858 41.0615
      vertex 127.555 -9.12235 40.9375
      vertex 127.555 -8.55 40.8
    endloop
  endfacet
  facet normal 1 0 0
    outer loop
      vertex 127.555 -8.14808 42.3
      vertex 127.555 -9.61233 42.2837
      vertex 127.555 -8.26892 42.0679
    endloop
  endfacet
  facet normal 1 0 0
    outer loop
      vertex 127.555 -8.50442 41.3209
      vertex 127.555 -9.12235 40.9375
      vertex 127.555 -8.53858 41.0615
    endloop
  endfacet
  facet normal 1 0 -0
    outer loop
      vertex 127.555 -9.53444 41.9324
      vertex 127.555 -8.26892 42.0679
      vertex 127.555 -9.61233 42.2837
    endloop
  endfacet
  facet normal 1 0 -0
    outer loop
      vertex 127.555 -9.12235 40.9375
      vertex 127.555 -8.50442 41.3209
      vertex 127.555 -9.28852 41.2567
    endloop
  endfacet
  facet normal 1 0 0
    outer loop
      vertex 127.555 -8.26892 42.0679
      vertex 127.555 -9.53444 41.9324
      vertex 127.555 -8.36908 41.8261
    endloop
  endfacet
  facet normal 1 0 0
    outer loop
      vertex 127.555 -8.44778 41.5765
      vertex 127.555 -9.28852 41.2567
      vertex 127.555 -8.50442 41.3209
    endloop
  endfacet
  facet normal 1 0 -0
    outer loop
      vertex 127.555 -9.42623 41.5892
      vertex 127.555 -8.36908 41.8261
      vertex 127.555 -9.53444 41.9324
    endloop
  endfacet
  facet normal 1 0 -0
    outer loop
      vertex 127.555 -9.28852 41.2567
      vertex 127.555 -8.44778 41.5765
      vertex 127.555 -9.42623 41.5892
    endloop
  endfacet
  facet normal 1 0 0
    outer loop
      vertex 127.555 -8.36908 41.8261
      vertex 127.555 -9.42623 41.5892
      vertex 127.555 -8.44778 41.5765
    endloop
  endfacet
  facet normal 0 0.608811 -0.793316
    outer loop
      vertex 127.555 -8.2015 46.1599
      vertex 129.545 -7.916 46.379
      vertex 129.545 -8.2015 46.1599
    endloop
  endfacet
  facet normal 0 0.608811 -0.793316
    outer loop
      vertex 129.545 -7.916 46.379
      vertex 127.555 -8.2015 46.1599
      vertex 127.555 -7.916 46.379
    endloop
  endfacet
  facet normal 0 0.999048 -0.0436302
    outer loop
      vertex 129.545 -9.675 43
      vertex 127.555 -9.6593 43.3595
      vertex 129.545 -9.6593 43.3595
    endloop
  endfacet
  facet normal 0 0.999048 -0.0436302
    outer loop
      vertex 127.555 -9.6593 43.3595
      vertex 129.545 -9.675 43
      vertex 127.555 -9.675 43
    endloop
  endfacet
  facet normal 0 0.999048 0.0436302
    outer loop
      vertex 129.545 -9.6593 42.6405
      vertex 127.555 -9.675 43
      vertex 129.545 -9.675 43
    endloop
  endfacet
  facet normal 0 0.999048 0.0436302
    outer loop
      vertex 127.555 -9.675 43
      vertex 129.545 -9.6593 42.6405
      vertex 127.555 -9.6593 42.6405
    endloop
  endfacet
  facet normal 0 0.793356 0.608758
    outer loop
      vertex 129.545 -8.70993 40.3485
      vertex 127.555 -8.929 40.634
      vertex 129.545 -8.929 40.634
    endloop
  endfacet
  facet normal 0 0.793356 0.608758
    outer loop
      vertex 127.555 -8.929 40.634
      vertex 129.545 -8.70993 40.3485
      vertex 127.555 -8.70993 40.3485
    endloop
  endfacet
  facet normal 0 0.887005 0.46176
    outer loop
      vertex 129.545 -9.12235 40.9375
      vertex 127.555 -9.28852 41.2567
      vertex 129.545 -9.28852 41.2567
    endloop
  endfacet
  facet normal 0 0.887005 0.46176
    outer loop
      vertex 127.555 -9.28852 41.2567
      vertex 129.545 -9.12235 40.9375
      vertex 127.555 -9.12235 40.9375
    endloop
  endfacet
  facet normal 0 -0.84338 -0.537318
    outer loop
      vertex 127.555 -1.97764 45.0625
      vertex 129.545 -2.171 45.366
      vertex 127.555 -2.171 45.366
    endloop
  endfacet
  facet normal 0 -0.84338 -0.537318
    outer loop
      vertex 129.545 -2.171 45.366
      vertex 127.555 -1.97764 45.0625
      vertex 129.545 -1.97764 45.0625
    endloop
  endfacet
  facet normal 0 -0.737267 0.675601
    outer loop
      vertex 127.555 -2.63318 40.0832
      vertex 129.545 -2.39007 40.3485
      vertex 127.555 -2.39007 40.3485
    endloop
  endfacet
  facet normal 0 -0.737267 0.675601
    outer loop
      vertex 129.545 -2.39007 40.3485
      vertex 127.555 -2.63318 40.0832
      vertex 129.545 -2.63318 40.0832
    endloop
  endfacet
  facet normal 0 0.887005 -0.46176
    outer loop
      vertex 129.545 -9.28852 44.7433
      vertex 127.555 -9.12235 45.0625
      vertex 129.545 -9.12235 45.0625
    endloop
  endfacet
  facet normal 0 0.887005 -0.46176
    outer loop
      vertex 127.555 -9.12235 45.0625
      vertex 129.545 -9.28852 44.7433
      vertex 127.555 -9.28852 44.7433
    endloop
  endfacet
  facet normal 0 -0.999048 0.0436302
    outer loop
      vertex 127.555 -1.4407 -43.3595
      vertex 129.545 -1.425 -43
      vertex 127.555 -1.425 -43
    endloop
  endfacet
  facet normal 0 -0.999048 0.0436302
    outer loop
      vertex 129.545 -1.425 -43
      vertex 127.555 -1.4407 -43.3595
      vertex 129.545 -1.4407 -43.3595
    endloop
  endfacet
  facet normal 0 -0.130605 0.991434
    outer loop
      vertex 127.555 -4.8337 -47.0623
      vertex 129.545 -5.19048 -47.1093
      vertex 129.545 -4.8337 -47.0623
    endloop
  endfacet
  facet normal 0 -0.130605 0.991434
    outer loop
      vertex 129.545 -5.19048 -47.1093
      vertex 127.555 -4.8337 -47.0623
      vertex 127.555 -5.19048 -47.1093
    endloop
  endfacet
  facet normal -0 0.537397 0.84333
    outer loop
      vertex 127.555 -7.6125 -46.5724
      vertex 129.545 -7.916 -46.379
      vertex 129.545 -7.6125 -46.5724
    endloop
  endfacet
  facet normal 0 0.537397 0.84333
    outer loop
      vertex 129.545 -7.916 -46.379
      vertex 127.555 -7.6125 -46.5724
      vertex 127.555 -7.916 -46.379
    endloop
  endfacet
  facet normal -0 0.300679 0.953725
    outer loop
      vertex 127.555 -6.61763 -46.9844
      vertex 129.545 -6.96083 -46.8762
      vertex 129.545 -6.61763 -46.9844
    endloop
  endfacet
  facet normal 0 0.300679 0.953725
    outer loop
      vertex 129.545 -6.96083 -46.8762
      vertex 127.555 -6.61763 -46.9844
      vertex 127.555 -6.96083 -46.8762
    endloop
  endfacet
  facet normal 0 -0.976291 -0.216463
    outer loop
      vertex 127.555 -1.48767 -42.2837
      vertex 129.545 -1.56556 -41.9324
      vertex 127.555 -1.56556 -41.9324
    endloop
  endfacet
  facet normal 0 -0.976291 -0.216463
    outer loop
      vertex 129.545 -1.56556 -41.9324
      vertex 127.555 -1.48767 -42.2837
      vertex 129.545 -1.48767 -42.2837
    endloop
  endfacet
  facet normal 0 -0.923895 -0.382645
    outer loop
      vertex 127.555 -1.67377 -41.5892
      vertex 129.545 -1.81148 -41.2567
      vertex 127.555 -1.81148 -41.2567
    endloop
  endfacet
  facet normal 0 -0.923895 -0.382645
    outer loop
      vertex 129.545 -1.81148 -41.2567
      vertex 127.555 -1.67377 -41.5892
      vertex 129.545 -1.67377 -41.5892
    endloop
  endfacet
  facet normal -0 0.675572 0.737294
    outer loop
      vertex 127.555 -8.2015 -46.1599
      vertex 129.545 -8.46681 -45.9168
      vertex 129.545 -8.2015 -46.1599
    endloop
  endfacet
  facet normal 0 0.675572 0.737294
    outer loop
      vertex 129.545 -8.46681 -45.9168
      vertex 127.555 -8.2015 -46.1599
      vertex 127.555 -8.46681 -45.9168
    endloop
  endfacet
  facet normal 0 -0.976291 0.216463
    outer loop
      vertex 127.555 -1.56556 -44.0676
      vertex 129.545 -1.48767 -43.7163
      vertex 127.555 -1.48767 -43.7163
    endloop
  endfacet
  facet normal 0 -0.976291 0.216463
    outer loop
      vertex 129.545 -1.48767 -43.7163
      vertex 127.555 -1.56556 -44.0676
      vertex 129.545 -1.56556 -44.0676
    endloop
  endfacet
  facet normal 0 -0.999048 -0.0436302
    outer loop
      vertex 127.555 -1.425 -43
      vertex 129.545 -1.4407 -42.6405
      vertex 127.555 -1.4407 -42.6405
    endloop
  endfacet
  facet normal 0 -0.999048 -0.0436302
    outer loop
      vertex 129.545 -1.4407 -42.6405
      vertex 127.555 -1.425 -43
      vertex 129.545 -1.425 -43
    endloop
  endfacet
  facet normal 0 -0.84338 -0.537318
    outer loop
      vertex 127.555 -1.97764 -40.9375
      vertex 129.545 -2.171 -40.634
      vertex 127.555 -2.171 -40.634
    endloop
  endfacet
  facet normal 0 -0.84338 -0.537318
    outer loop
      vertex 129.545 -2.171 -40.634
      vertex 127.555 -1.97764 -40.9375
      vertex 129.545 -1.97764 -40.9375
    endloop
  endfacet
  facet normal 0 -0.737267 0.675601
    outer loop
      vertex 127.555 -2.63318 -45.9168
      vertex 129.545 -2.39007 -45.6515
      vertex 127.555 -2.39007 -45.6515
    endloop
  endfacet
  facet normal 0 -0.737267 0.675601
    outer loop
      vertex 129.545 -2.39007 -45.6515
      vertex 127.555 -2.63318 -45.9168
      vertex 129.545 -2.63318 -45.9168
    endloop
  endfacet
  facet normal 0 -0.675559 0.737306
    outer loop
      vertex 127.555 -2.63318 -45.9168
      vertex 129.545 -2.8985 -46.1599
      vertex 129.545 -2.63318 -45.9168
    endloop
  endfacet
  facet normal 0 -0.675559 0.737306
    outer loop
      vertex 129.545 -2.8985 -46.1599
      vertex 127.555 -2.63318 -45.9168
      vertex 127.555 -2.8985 -46.1599
    endloop
  endfacet
  facet normal 0 -0.793356 -0.608758
    outer loop
      vertex 127.555 -2.171 -40.634
      vertex 129.545 -2.39007 -40.3485
      vertex 127.555 -2.39007 -40.3485
    endloop
  endfacet
  facet normal 0 -0.793356 -0.608758
    outer loop
      vertex 129.545 -2.39007 -40.3485
      vertex 127.555 -2.171 -40.634
      vertex 129.545 -2.171 -40.634
    endloop
  endfacet
  facet normal 0 0.999048 0.0436302
    outer loop
      vertex 129.545 -9.6593 -43.3595
      vertex 127.555 -9.675 -43
      vertex 129.545 -9.675 -43
    endloop
  endfacet
  facet normal 0 0.999048 0.0436302
    outer loop
      vertex 127.555 -9.675 -43
      vertex 129.545 -9.6593 -43.3595
      vertex 127.555 -9.6593 -43.3595
    endloop
  endfacet
  facet normal 0 0.999048 -0.0436302
    outer loop
      vertex 129.545 -9.675 -43
      vertex 127.555 -9.6593 -42.6405
      vertex 129.545 -9.6593 -42.6405
    endloop
  endfacet
  facet normal 0 0.999048 -0.0436302
    outer loop
      vertex 127.555 -9.6593 -42.6405
      vertex 129.545 -9.675 -43
      vertex 127.555 -9.675 -43
    endloop
  endfacet
  facet normal 0 -0.737267 -0.675601
    outer loop
      vertex 127.555 -2.39007 -40.3485
      vertex 129.545 -2.63318 -40.0832
      vertex 127.555 -2.63318 -40.0832
    endloop
  endfacet
  facet normal 0 -0.737267 -0.675601
    outer loop
      vertex 129.545 -2.63318 -40.0832
      vertex 127.555 -2.39007 -40.3485
      vertex 129.545 -2.39007 -40.3485
    endloop
  endfacet
  facet normal 0 0.923895 0.382645
    outer loop
      vertex 129.545 -9.28852 -44.7433
      vertex 127.555 -9.42623 -44.4108
      vertex 129.545 -9.42623 -44.4108
    endloop
  endfacet
  facet normal 0 0.923895 0.382645
    outer loop
      vertex 127.555 -9.42623 -44.4108
      vertex 129.545 -9.28852 -44.7433
      vertex 127.555 -9.28852 -44.7433
    endloop
  endfacet
  facet normal 0 -0.991446 0.130516
    outer loop
      vertex 127.555 -1.48767 -43.7163
      vertex 129.545 -1.4407 -43.3595
      vertex 127.555 -1.4407 -43.3595
    endloop
  endfacet
  facet normal 0 -0.991446 0.130516
    outer loop
      vertex 129.545 -1.4407 -43.3595
      vertex 127.555 -1.48767 -43.7163
      vertex 129.545 -1.48767 -43.7163
    endloop
  endfacet
  facet normal 0 -0.887017 0.461738
    outer loop
      vertex 127.555 -1.97764 -45.0625
      vertex 129.545 -1.81148 -44.7433
      vertex 127.555 -1.81148 -44.7433
    endloop
  endfacet
  facet normal 0 -0.887017 0.461738
    outer loop
      vertex 129.545 -1.81148 -44.7433
      vertex 127.555 -1.97764 -45.0625
      vertex 129.545 -1.97764 -45.0625
    endloop
  endfacet
  facet normal 0 -0.537397 0.84333
    outer loop
      vertex 127.555 -3.184 -46.379
      vertex 129.545 -3.4875 -46.5724
      vertex 129.545 -3.184 -46.379
    endloop
  endfacet
  facet normal 0 -0.537397 0.84333
    outer loop
      vertex 129.545 -3.4875 -46.5724
      vertex 127.555 -3.184 -46.379
      vertex 127.555 -3.4875 -46.5724
    endloop
  endfacet
  facet normal 0 0.887005 0.46176
    outer loop
      vertex 129.545 -9.12235 -45.0625
      vertex 127.555 -9.28852 -44.7433
      vertex 129.545 -9.28852 -44.7433
    endloop
  endfacet
  facet normal 0 0.887005 0.46176
    outer loop
      vertex 127.555 -9.28852 -44.7433
      vertex 129.545 -9.12235 -45.0625
      vertex 127.555 -9.12235 -45.0625
    endloop
  endfacet
  facet normal 0 -0.0436278 0.999048
    outer loop
      vertex 127.555 -5.19048 -47.1093
      vertex 129.545 -5.55 -47.125
      vertex 129.545 -5.19048 -47.1093
    endloop
  endfacet
  facet normal 0 -0.0436278 0.999048
    outer loop
      vertex 129.545 -5.55 -47.125
      vertex 127.555 -5.19048 -47.1093
      vertex 127.555 -5.55 -47.125
    endloop
  endfacet
  facet normal 0 -0.991446 -0.130516
    outer loop
      vertex 127.555 -1.4407 -42.6405
      vertex 129.545 -1.48767 -42.2837
      vertex 127.555 -1.48767 -42.2837
    endloop
  endfacet
  facet normal 0 -0.991446 -0.130516
    outer loop
      vertex 129.545 -1.48767 -42.2837
      vertex 127.555 -1.4407 -42.6405
      vertex 129.545 -1.4407 -42.6405
    endloop
  endfacet
  facet normal 0 -0.216471 0.976289
    outer loop
      vertex 127.555 -4.48237 -46.9844
      vertex 129.545 -4.8337 -47.0623
      vertex 129.545 -4.48237 -46.9844
    endloop
  endfacet
  facet normal 0 -0.216471 0.976289
    outer loop
      vertex 129.545 -4.8337 -47.0623
      vertex 127.555 -4.48237 -46.9844
      vertex 127.555 -4.8337 -47.0623
    endloop
  endfacet
  facet normal 0 -0.887017 -0.461738
    outer loop
      vertex 127.555 -1.81148 -41.2567
      vertex 129.545 -1.97764 -40.9375
      vertex 127.555 -1.97764 -40.9375
    endloop
  endfacet
  facet normal 0 -0.887017 -0.461738
    outer loop
      vertex 129.545 -1.97764 -40.9375
      vertex 127.555 -1.81148 -41.2567
      vertex 129.545 -1.81148 -41.2567
    endloop
  endfacet
  facet normal 0 0.953717 -0.300704
    outer loop
      vertex 129.545 -9.53444 -41.9324
      vertex 127.555 -9.42623 -41.5892
      vertex 129.545 -9.42623 -41.5892
    endloop
  endfacet
  facet normal 0 0.953717 -0.300704
    outer loop
      vertex 127.555 -9.42623 -41.5892
      vertex 129.545 -9.53444 -41.9324
      vertex 127.555 -9.53444 -41.9324
    endloop
  endfacet
  facet normal 0 -0.793356 0.608758
    outer loop
      vertex 127.555 -2.39007 -45.6515
      vertex 129.545 -2.171 -45.366
      vertex 127.555 -2.171 -45.366
    endloop
  endfacet
  facet normal 0 -0.793356 0.608758
    outer loop
      vertex 129.545 -2.171 -45.366
      vertex 127.555 -2.39007 -45.6515
      vertex 129.545 -2.39007 -45.6515
    endloop
  endfacet
  facet normal 0 0.737253 0.675616
    outer loop
      vertex 129.545 -8.46681 -45.9168
      vertex 127.555 -8.70993 -45.6515
      vertex 129.545 -8.70993 -45.6515
    endloop
  endfacet
  facet normal 0 0.737253 0.675616
    outer loop
      vertex 127.555 -8.70993 -45.6515
      vertex 129.545 -8.46681 -45.9168
      vertex 127.555 -8.46681 -45.9168
    endloop
  endfacet
  facet normal 0 -0.953717 0.300704
    outer loop
      vertex 127.555 -1.67377 -44.4108
      vertex 129.545 -1.56556 -44.0676
      vertex 127.555 -1.56556 -44.0676
    endloop
  endfacet
  facet normal 0 -0.953717 0.300704
    outer loop
      vertex 129.545 -1.56556 -44.0676
      vertex 127.555 -1.67377 -44.4108
      vertex 129.545 -1.67377 -44.4108
    endloop
  endfacet
  facet normal 0 0.737253 -0.675616
    outer loop
      vertex 129.545 -8.70993 -40.3485
      vertex 127.555 -8.46681 -40.0832
      vertex 129.545 -8.46681 -40.0832
    endloop
  endfacet
  facet normal 0 0.737253 -0.675616
    outer loop
      vertex 127.555 -8.46681 -40.0832
      vertex 129.545 -8.70993 -40.3485
      vertex 127.555 -8.70993 -40.3485
    endloop
  endfacet
  facet normal 0 -0.953717 -0.300704
    outer loop
      vertex 127.555 -1.56556 -41.9324
      vertex 129.545 -1.67377 -41.5892
      vertex 127.555 -1.67377 -41.5892
    endloop
  endfacet
  facet normal 0 -0.953717 -0.300704
    outer loop
      vertex 129.545 -1.67377 -41.5892
      vertex 127.555 -1.56556 -41.9324
      vertex 129.545 -1.56556 -41.9324
    endloop
  endfacet
  facet normal 0 -0.461606 0.887085
    outer loop
      vertex 127.555 -3.4875 -46.5724
      vertex 129.545 -3.8067 -46.7385
      vertex 129.545 -3.4875 -46.5724
    endloop
  endfacet
  facet normal 0 -0.461606 0.887085
    outer loop
      vertex 129.545 -3.8067 -46.7385
      vertex 127.555 -3.4875 -46.5724
      vertex 127.555 -3.8067 -46.7385
    endloop
  endfacet
  facet normal 0 0.976291 0.216463
    outer loop
      vertex 129.545 -9.53444 -44.0676
      vertex 127.555 -9.61233 -43.7163
      vertex 129.545 -9.61233 -43.7163
    endloop
  endfacet
  facet normal 0 0.976291 0.216463
    outer loop
      vertex 127.555 -9.61233 -43.7163
      vertex 129.545 -9.53444 -44.0676
      vertex 127.555 -9.53444 -44.0676
    endloop
  endfacet
  facet normal -0 0.461606 0.887085
    outer loop
      vertex 127.555 -7.2933 -46.7385
      vertex 129.545 -7.6125 -46.5724
      vertex 129.545 -7.2933 -46.7385
    endloop
  endfacet
  facet normal 0 0.461606 0.887085
    outer loop
      vertex 129.545 -7.6125 -46.5724
      vertex 127.555 -7.2933 -46.7385
      vertex 127.555 -7.6125 -46.5724
    endloop
  endfacet
  facet normal 0 0.991446 -0.130516
    outer loop
      vertex 129.545 -9.6593 -42.6405
      vertex 127.555 -9.61233 -42.2837
      vertex 129.545 -9.61233 -42.2837
    endloop
  endfacet
  facet normal 0 0.991446 -0.130516
    outer loop
      vertex 127.555 -9.61233 -42.2837
      vertex 129.545 -9.6593 -42.6405
      vertex 127.555 -9.6593 -42.6405
    endloop
  endfacet
  facet normal 0 0.676684 -0.736273
    outer loop
      vertex 127.555 -8.46681 -40.0832
      vertex 129.545 -8.45952 -40.0765
      vertex 129.545 -8.46681 -40.0832
    endloop
  endfacet
  facet normal 0 0.676684 -0.736273
    outer loop
      vertex 129.545 -8.45952 -40.0765
      vertex 127.555 -8.46681 -40.0832
      vertex 127.555 -8.45952 -40.0765
    endloop
  endfacet
  facet normal 0 0.976291 -0.216463
    outer loop
      vertex 129.545 -9.61233 -42.2837
      vertex 127.555 -9.53444 -41.9324
      vertex 129.545 -9.53444 -41.9324
    endloop
  endfacet
  facet normal 0 0.976291 -0.216463
    outer loop
      vertex 127.555 -9.53444 -41.9324
      vertex 129.545 -9.61233 -42.2837
      vertex 127.555 -9.61233 -42.2837
    endloop
  endfacet
  facet normal -0 0.608811 0.793316
    outer loop
      vertex 127.555 -7.916 -46.379
      vertex 129.545 -8.2015 -46.1599
      vertex 129.545 -7.916 -46.379
    endloop
  endfacet
  facet normal 0 0.608811 0.793316
    outer loop
      vertex 129.545 -8.2015 -46.1599
      vertex 127.555 -7.916 -46.379
      vertex 127.555 -8.2015 -46.1599
    endloop
  endfacet
  facet normal -0 0.0436278 0.999048
    outer loop
      vertex 127.555 -5.55 -47.125
      vertex 129.545 -5.90952 -47.1093
      vertex 129.545 -5.55 -47.125
    endloop
  endfacet
  facet normal 0 0.0436278 0.999048
    outer loop
      vertex 129.545 -5.90952 -47.1093
      vertex 127.555 -5.55 -47.125
      vertex 127.555 -5.90952 -47.1093
    endloop
  endfacet
  facet normal 0 -0.300679 0.953725
    outer loop
      vertex 127.555 -4.13917 -46.8762
      vertex 129.545 -4.48237 -46.9844
      vertex 129.545 -4.13917 -46.8762
    endloop
  endfacet
  facet normal 0 -0.300679 0.953725
    outer loop
      vertex 129.545 -4.48237 -46.9844
      vertex 127.555 -4.13917 -46.8762
      vertex 127.555 -4.48237 -46.9844
    endloop
  endfacet
  facet normal 0 -0.676182 -0.736735
    outer loop
      vertex 127.555 -2.64048 -40.0765
      vertex 129.545 -2.63318 -40.0832
      vertex 129.545 -2.64048 -40.0765
    endloop
  endfacet
  facet normal -0 -0.676182 -0.736735
    outer loop
      vertex 129.545 -2.63318 -40.0832
      vertex 127.555 -2.64048 -40.0765
      vertex 127.555 -2.63318 -40.0832
    endloop
  endfacet
  facet normal 0 0.923895 -0.382645
    outer loop
      vertex 129.545 -9.42623 -41.5892
      vertex 127.555 -9.28852 -41.2567
      vertex 129.545 -9.28852 -41.2567
    endloop
  endfacet
  facet normal 0 0.923895 -0.382645
    outer loop
      vertex 127.555 -9.28852 -41.2567
      vertex 129.545 -9.42623 -41.5892
      vertex 127.555 -9.42623 -41.5892
    endloop
  endfacet
  facet normal -0 0.216471 0.976289
    outer loop
      vertex 127.555 -6.2663 -47.0623
      vertex 129.545 -6.61763 -46.9844
      vertex 129.545 -6.2663 -47.0623
    endloop
  endfacet
  facet normal 0 0.216471 0.976289
    outer loop
      vertex 129.545 -6.61763 -46.9844
      vertex 127.555 -6.2663 -47.0623
      vertex 127.555 -6.61763 -46.9844
    endloop
  endfacet
  facet normal 0 -0.923895 0.382645
    outer loop
      vertex 127.555 -1.81148 -44.7433
      vertex 129.545 -1.67377 -44.4108
      vertex 127.555 -1.67377 -44.4108
    endloop
  endfacet
  facet normal 0 -0.923895 0.382645
    outer loop
      vertex 129.545 -1.67377 -44.4108
      vertex 127.555 -1.81148 -44.7433
      vertex 129.545 -1.81148 -44.7433
    endloop
  endfacet
  facet normal -0 0.382651 0.923893
    outer loop
      vertex 127.555 -6.96083 -46.8762
      vertex 129.545 -7.2933 -46.7385
      vertex 129.545 -6.96083 -46.8762
    endloop
  endfacet
  facet normal 0 0.382651 0.923893
    outer loop
      vertex 129.545 -7.2933 -46.7385
      vertex 127.555 -6.96083 -46.8762
      vertex 127.555 -7.2933 -46.7385
    endloop
  endfacet
  facet normal 0 -0.382651 0.923893
    outer loop
      vertex 127.555 -3.8067 -46.7385
      vertex 129.545 -4.13917 -46.8762
      vertex 129.545 -3.8067 -46.7385
    endloop
  endfacet
  facet normal 0 -0.382651 0.923893
    outer loop
      vertex 129.545 -4.13917 -46.8762
      vertex 127.555 -3.8067 -46.7385
      vertex 127.555 -4.13917 -46.8762
    endloop
  endfacet
  facet normal 0 0.991446 0.130516
    outer loop
      vertex 129.545 -9.61233 -43.7163
      vertex 127.555 -9.6593 -43.3595
      vertex 129.545 -9.6593 -43.3595
    endloop
  endfacet
  facet normal 0 0.991446 0.130516
    outer loop
      vertex 127.555 -9.6593 -43.3595
      vertex 129.545 -9.61233 -43.7163
      vertex 127.555 -9.61233 -43.7163
    endloop
  endfacet
  facet normal 0 0.843392 0.537298
    outer loop
      vertex 129.545 -8.929 -45.366
      vertex 127.555 -9.12235 -45.0625
      vertex 129.545 -9.12235 -45.0625
    endloop
  endfacet
  facet normal 0 0.843392 0.537298
    outer loop
      vertex 127.555 -9.12235 -45.0625
      vertex 129.545 -8.929 -45.366
      vertex 127.555 -8.929 -45.366
    endloop
  endfacet
  facet normal 0 0.793356 0.608758
    outer loop
      vertex 129.545 -8.70993 -45.6515
      vertex 127.555 -8.929 -45.366
      vertex 129.545 -8.929 -45.366
    endloop
  endfacet
  facet normal 0 0.793356 0.608758
    outer loop
      vertex 127.555 -8.929 -45.366
      vertex 129.545 -8.70993 -45.6515
      vertex 127.555 -8.70993 -45.6515
    endloop
  endfacet
  facet normal 0 0.953717 0.300704
    outer loop
      vertex 129.545 -9.42623 -44.4108
      vertex 127.555 -9.53444 -44.0676
      vertex 129.545 -9.53444 -44.0676
    endloop
  endfacet
  facet normal 0 0.953717 0.300704
    outer loop
      vertex 127.555 -9.53444 -44.0676
      vertex 129.545 -9.42623 -44.4108
      vertex 127.555 -9.42623 -44.4108
    endloop
  endfacet
  facet normal 0 0.843392 -0.537298
    outer loop
      vertex 129.545 -9.12235 -40.9375
      vertex 127.555 -8.929 -40.634
      vertex 129.545 -8.929 -40.634
    endloop
  endfacet
  facet normal 0 0.843392 -0.537298
    outer loop
      vertex 127.555 -8.929 -40.634
      vertex 129.545 -9.12235 -40.9375
      vertex 127.555 -9.12235 -40.9375
    endloop
  endfacet
  facet normal 0 -0.84338 0.537318
    outer loop
      vertex 127.555 -2.171 -45.366
      vertex 129.545 -1.97764 -45.0625
      vertex 127.555 -1.97764 -45.0625
    endloop
  endfacet
  facet normal 0 -0.84338 0.537318
    outer loop
      vertex 129.545 -1.97764 -45.0625
      vertex 127.555 -2.171 -45.366
      vertex 129.545 -2.171 -45.366
    endloop
  endfacet
  facet normal 0 -0.608811 0.793316
    outer loop
      vertex 127.555 -2.8985 -46.1599
      vertex 129.545 -3.184 -46.379
      vertex 129.545 -2.8985 -46.1599
    endloop
  endfacet
  facet normal 0 -0.608811 0.793316
    outer loop
      vertex 129.545 -3.184 -46.379
      vertex 127.555 -2.8985 -46.1599
      vertex 127.555 -3.184 -46.379
    endloop
  endfacet
  facet normal -0 0.130605 0.991434
    outer loop
      vertex 127.555 -5.90952 -47.1093
      vertex 129.545 -6.2663 -47.0623
      vertex 129.545 -5.90952 -47.1093
    endloop
  endfacet
  facet normal 0 0.130605 0.991434
    outer loop
      vertex 129.545 -6.2663 -47.0623
      vertex 127.555 -5.90952 -47.1093
      vertex 127.555 -6.2663 -47.0623
    endloop
  endfacet
  facet normal 0 0.793356 -0.608758
    outer loop
      vertex 129.545 -8.929 -40.634
      vertex 127.555 -8.70993 -40.3485
      vertex 129.545 -8.70993 -40.3485
    endloop
  endfacet
  facet normal 0 0.793356 -0.608758
    outer loop
      vertex 127.555 -8.70993 -40.3485
      vertex 129.545 -8.929 -40.634
      vertex 127.555 -8.929 -40.634
    endloop
  endfacet
  facet normal 1 -0 0
    outer loop
      vertex 127.555 -8.46681 -40.0832
      vertex 127.555 -8.50442 -40.2791
      vertex 127.555 -8.45952 -40.0765
    endloop
  endfacet
  facet normal 1 0 0
    outer loop
      vertex 127.555 -8.929 -40.634
      vertex 127.555 -8.53858 -40.5385
      vertex 127.555 -8.70993 -40.3485
    endloop
  endfacet
  facet normal 1 0 0
    outer loop
      vertex 127.555 -8.50442 -40.2791
      vertex 127.555 -8.70993 -40.3485
      vertex 127.555 -8.53858 -40.5385
    endloop
  endfacet
  facet normal 1 0 0
    outer loop
      vertex 127.555 -8.70993 -40.3485
      vertex 127.555 -8.50442 -40.2791
      vertex 127.555 -8.46681 -40.0832
    endloop
  endfacet
  facet normal 1 0 0
    outer loop
      vertex 127.555 -2.95192 -42.3
      vertex 127.555 -1.425 -43
      vertex 127.555 -1.4407 -42.6405
    endloop
  endfacet
  facet normal 1 -0 0
    outer loop
      vertex 127.555 -2.95192 -42.3
      vertex 127.555 -1.4407 -42.6405
      vertex 127.555 -1.48767 -42.2837
    endloop
  endfacet
  facet normal 1 0 0
    outer loop
      vertex 127.555 -1.425 -43
      vertex 127.555 -2.95192 -42.3
      vertex 127.555 -3.09254 -42.5207
    endloop
  endfacet
  facet normal 1 -0 0
    outer loop
      vertex 127.555 -2.83108 -42.0679
      vertex 127.555 -1.48767 -42.2837
      vertex 127.555 -1.56556 -41.9324
    endloop
  endfacet
  facet normal 1 0 0
    outer loop
      vertex 127.555 -1.425 -43
      vertex 127.555 -3.09254 -42.5207
      vertex 127.555 -1.4407 -43.3595
    endloop
  endfacet
  facet normal 1 -0 0
    outer loop
      vertex 127.555 -2.73092 -41.8261
      vertex 127.555 -1.56556 -41.9324
      vertex 127.555 -1.67377 -41.5892
    endloop
  endfacet
  facet normal 1 -0 0
    outer loop
      vertex 127.555 -3.25187 -42.7284
      vertex 127.555 -1.4407 -43.3595
      vertex 127.555 -3.09254 -42.5207
    endloop
  endfacet
  facet normal 1 -0 0
    outer loop
      vertex 127.555 -2.65222 -41.5765
      vertex 127.555 -1.67377 -41.5892
      vertex 127.555 -1.81148 -41.2567
    endloop
  endfacet
  facet normal 1 0 0
    outer loop
      vertex 127.555 -1.48767 -42.2837
      vertex 127.555 -2.83108 -42.0679
      vertex 127.555 -2.95192 -42.3
    endloop
  endfacet
  facet normal 1 0 0
    outer loop
      vertex 127.555 -2.59558 -41.3209
      vertex 127.555 -1.81148 -41.2567
      vertex 127.555 -1.97764 -40.9375
    endloop
  endfacet
  facet normal 1 0 0
    outer loop
      vertex 127.555 -1.4407 -43.3595
      vertex 127.555 -3.25187 -42.7284
      vertex 127.555 -1.48767 -43.7163
    endloop
  endfacet
  facet normal 1 -0 0
    outer loop
      vertex 127.555 -2.55 -40.8
      vertex 127.555 -1.97764 -40.9375
      vertex 127.555 -2.171 -40.634
    endloop
  endfacet
  facet normal 1 0 0
    outer loop
      vertex 127.555 -1.67377 -41.5892
      vertex 127.555 -2.65222 -41.5765
      vertex 127.555 -2.73092 -41.8261
    endloop
  endfacet
  facet normal 1 -0 0
    outer loop
      vertex 127.555 -2.56142 -40.5385
      vertex 127.555 -2.171 -40.634
      vertex 127.555 -2.39007 -40.3485
    endloop
  endfacet
  facet normal 1 0 0
    outer loop
      vertex 127.555 -1.81148 -41.2567
      vertex 127.555 -2.59558 -41.3209
      vertex 127.555 -2.65222 -41.5765
    endloop
  endfacet
  facet normal 1 0 0
    outer loop
      vertex 127.555 -1.97764 -40.9375
      vertex 127.555 -2.55 -40.8
      vertex 127.555 -2.56142 -41.0615
    endloop
  endfacet
  facet normal 1 0 0
    outer loop
      vertex 127.555 -2.171 -40.634
      vertex 127.555 -2.56142 -40.5385
      vertex 127.555 -2.55 -40.8
    endloop
  endfacet
  facet normal 1 0 0
    outer loop
      vertex 127.555 -2.39007 -40.3485
      vertex 127.555 -2.59558 -40.2791
      vertex 127.555 -2.56142 -40.5385
    endloop
  endfacet
  facet normal 1 0 0
    outer loop
      vertex 127.555 -2.63318 -40.0832
      vertex 127.555 -2.59558 -40.2791
      vertex 127.555 -2.39007 -40.3485
    endloop
  endfacet
  facet normal 1 0 0
    outer loop
      vertex 127.555 -2.59558 -40.2791
      vertex 127.555 -2.63318 -40.0832
      vertex 127.555 -2.64048 -40.0765
    endloop
  endfacet
  facet normal 1 0 0
    outer loop
      vertex 127.555 -1.97764 -40.9375
      vertex 127.555 -2.56142 -41.0615
      vertex 127.555 -2.59558 -41.3209
    endloop
  endfacet
  facet normal 1 0 0
    outer loop
      vertex 127.555 -1.56556 -41.9324
      vertex 127.555 -2.73092 -41.8261
      vertex 127.555 -2.83108 -42.0679
    endloop
  endfacet
  facet normal 1 -0 0
    outer loop
      vertex 127.555 -3.42868 -42.9213
      vertex 127.555 -1.48767 -43.7163
      vertex 127.555 -3.25187 -42.7284
    endloop
  endfacet
  facet normal 1 0 0
    outer loop
      vertex 127.555 -1.48767 -43.7163
      vertex 127.555 -3.42868 -42.9213
      vertex 127.555 -1.56556 -44.0676
    endloop
  endfacet
  facet normal 1 -0 0
    outer loop
      vertex 127.555 -3.62164 -43.0981
      vertex 127.555 -1.56556 -44.0676
      vertex 127.555 -3.42868 -42.9213
    endloop
  endfacet
  facet normal 1 0 0
    outer loop
      vertex 127.555 -1.56556 -44.0676
      vertex 127.555 -3.62164 -43.0981
      vertex 127.555 -1.67377 -44.4108
    endloop
  endfacet
  facet normal 1 0 0
    outer loop
      vertex 127.555 -1.67377 -44.4108
      vertex 127.555 -3.62164 -43.0981
      vertex 127.555 -1.81148 -44.7433
    endloop
  endfacet
  facet normal 1 -0 0
    outer loop
      vertex 127.555 -3.82927 -43.2575
      vertex 127.555 -1.81148 -44.7433
      vertex 127.555 -3.62164 -43.0981
    endloop
  endfacet
  facet normal 1 0 0
    outer loop
      vertex 127.555 -1.81148 -44.7433
      vertex 127.555 -3.82927 -43.2575
      vertex 127.555 -1.97764 -45.0625
    endloop
  endfacet
  facet normal 1 -0 0
    outer loop
      vertex 127.555 -4.05 -43.3981
      vertex 127.555 -1.97764 -45.0625
      vertex 127.555 -3.82927 -43.2575
    endloop
  endfacet
  facet normal 1 0 0
    outer loop
      vertex 127.555 -1.97764 -45.0625
      vertex 127.555 -4.05 -43.3981
      vertex 127.555 -2.171 -45.366
    endloop
  endfacet
  facet normal 1 0 0
    outer loop
      vertex 127.555 -2.171 -45.366
      vertex 127.555 -4.05 -43.3981
      vertex 127.555 -2.39007 -45.6515
    endloop
  endfacet
  facet normal 1 -0 0
    outer loop
      vertex 127.555 -4.28214 -43.5189
      vertex 127.555 -2.39007 -45.6515
      vertex 127.555 -4.05 -43.3981
    endloop
  endfacet
  facet normal 1 0 0
    outer loop
      vertex 127.555 -2.39007 -45.6515
      vertex 127.555 -4.28214 -43.5189
      vertex 127.555 -2.63318 -45.9168
    endloop
  endfacet
  facet normal 1 0 0
    outer loop
      vertex 127.555 -2.63318 -45.9168
      vertex 127.555 -4.28214 -43.5189
      vertex 127.555 -2.8985 -46.1599
    endloop
  endfacet
  facet normal 1 -0 0
    outer loop
      vertex 127.555 -4.52394 -43.6191
      vertex 127.555 -2.8985 -46.1599
      vertex 127.555 -4.28214 -43.5189
    endloop
  endfacet
  facet normal 1 0 0
    outer loop
      vertex 127.555 -2.8985 -46.1599
      vertex 127.555 -4.52394 -43.6191
      vertex 127.555 -3.184 -46.379
    endloop
  endfacet
  facet normal 1 0 0
    outer loop
      vertex 127.555 -3.184 -46.379
      vertex 127.555 -4.52394 -43.6191
      vertex 127.555 -3.4875 -46.5724
    endloop
  endfacet
  facet normal 1 -0 0
    outer loop
      vertex 127.555 -4.77354 -43.6978
      vertex 127.555 -3.4875 -46.5724
      vertex 127.555 -4.52394 -43.6191
    endloop
  endfacet
  facet normal 1 0 0
    outer loop
      vertex 127.555 -3.4875 -46.5724
      vertex 127.555 -4.77354 -43.6978
      vertex 127.555 -3.8067 -46.7385
    endloop
  endfacet
  facet normal 1 -0 0
    outer loop
      vertex 127.555 -5.02905 -43.7544
      vertex 127.555 -3.8067 -46.7385
      vertex 127.555 -4.77354 -43.6978
    endloop
  endfacet
  facet normal 1 0 0
    outer loop
      vertex 127.555 -3.8067 -46.7385
      vertex 127.555 -5.02905 -43.7544
      vertex 127.555 -4.13917 -46.8762
    endloop
  endfacet
  facet normal 1 0 0
    outer loop
      vertex 127.555 -4.13917 -46.8762
      vertex 127.555 -5.02905 -43.7544
      vertex 127.555 -4.48237 -46.9844
    endloop
  endfacet
  facet normal 1 -0 0
    outer loop
      vertex 127.555 -5.28853 -43.7886
      vertex 127.555 -4.48237 -46.9844
      vertex 127.555 -5.02905 -43.7544
    endloop
  endfacet
  facet normal 1 0 0
    outer loop
      vertex 127.555 -4.48237 -46.9844
      vertex 127.555 -5.28853 -43.7886
      vertex 127.555 -4.8337 -47.0623
    endloop
  endfacet
  facet normal 1 0 0
    outer loop
      vertex 127.555 -4.8337 -47.0623
      vertex 127.555 -5.28853 -43.7886
      vertex 127.555 -5.19048 -47.1093
    endloop
  endfacet
  facet normal 1 -0 0
    outer loop
      vertex 127.555 -5.55 -43.8
      vertex 127.555 -5.19048 -47.1093
      vertex 127.555 -5.28853 -43.7886
    endloop
  endfacet
  facet normal 1 0 0
    outer loop
      vertex 127.555 -5.55 -43.8
      vertex 127.555 -5.55 -47.125
      vertex 127.555 -5.19048 -47.1093
    endloop
  endfacet
  facet normal 1 0 0
    outer loop
      vertex 127.555 -5.90952 -47.1093
      vertex 127.555 -5.55 -43.8
      vertex 127.555 -5.81147 -43.7886
    endloop
  endfacet
  facet normal 1 0 0
    outer loop
      vertex 127.555 -5.55 -43.8
      vertex 127.555 -5.90952 -47.1093
      vertex 127.555 -5.55 -47.125
    endloop
  endfacet
  facet normal 1 0 0
    outer loop
      vertex 127.555 -6.61763 -46.9844
      vertex 127.555 -5.81147 -43.7886
      vertex 127.555 -6.07094 -43.7544
    endloop
  endfacet
  facet normal 1 0 0
    outer loop
      vertex 127.555 -5.81147 -43.7886
      vertex 127.555 -6.2663 -47.0623
      vertex 127.555 -5.90952 -47.1093
    endloop
  endfacet
  facet normal 1 0 0
    outer loop
      vertex 127.555 -7.2933 -46.7385
      vertex 127.555 -6.07094 -43.7544
      vertex 127.555 -6.32646 -43.6978
    endloop
  endfacet
  facet normal 1 0 0
    outer loop
      vertex 127.555 -7.6125 -46.5724
      vertex 127.555 -6.32646 -43.6978
      vertex 127.555 -6.57606 -43.6191
    endloop
  endfacet
  facet normal 1 0 0
    outer loop
      vertex 127.555 -5.81147 -43.7886
      vertex 127.555 -6.61763 -46.9844
      vertex 127.555 -6.2663 -47.0623
    endloop
  endfacet
  facet normal 1 0 0
    outer loop
      vertex 127.555 -8.2015 -46.1599
      vertex 127.555 -6.57606 -43.6191
      vertex 127.555 -6.81785 -43.5189
    endloop
  endfacet
  facet normal 1 0 0
    outer loop
      vertex 127.555 -6.07094 -43.7544
      vertex 127.555 -6.96083 -46.8762
      vertex 127.555 -6.61763 -46.9844
    endloop
  endfacet
  facet normal 1 0 0
    outer loop
      vertex 127.555 -8.70993 -45.6515
      vertex 127.555 -6.81785 -43.5189
      vertex 127.555 -7.05 -43.3981
    endloop
  endfacet
  facet normal 1 0 0
    outer loop
      vertex 127.555 -9.12235 -45.0625
      vertex 127.555 -7.05 -43.3981
      vertex 127.555 -7.27073 -43.2575
    endloop
  endfacet
  facet normal 1 0 0
    outer loop
      vertex 127.555 -6.07094 -43.7544
      vertex 127.555 -7.2933 -46.7385
      vertex 127.555 -6.96083 -46.8762
    endloop
  endfacet
  facet normal 1 0 0
    outer loop
      vertex 127.555 -9.28852 -44.7433
      vertex 127.555 -7.27073 -43.2575
      vertex 127.555 -7.47836 -43.0981
    endloop
  endfacet
  facet normal 1 0 0
    outer loop
      vertex 127.555 -6.32646 -43.6978
      vertex 127.555 -7.6125 -46.5724
      vertex 127.555 -7.2933 -46.7385
    endloop
  endfacet
  facet normal 1 0 0
    outer loop
      vertex 127.555 -9.53444 -44.0676
      vertex 127.555 -7.47836 -43.0981
      vertex 127.555 -7.67132 -42.9213
    endloop
  endfacet
  facet normal 1 0 0
    outer loop
      vertex 127.555 -9.61233 -43.7163
      vertex 127.555 -7.67132 -42.9213
      vertex 127.555 -7.84813 -42.7284
    endloop
  endfacet
  facet normal 1 0 0
    outer loop
      vertex 127.555 -6.57606 -43.6191
      vertex 127.555 -7.916 -46.379
      vertex 127.555 -7.6125 -46.5724
    endloop
  endfacet
  facet normal 1 0 0
    outer loop
      vertex 127.555 -9.6593 -43.3595
      vertex 127.555 -7.84813 -42.7284
      vertex 127.555 -8.00746 -42.5207
    endloop
  endfacet
  facet normal 1 0 0
    outer loop
      vertex 127.555 -9.675 -43
      vertex 127.555 -8.00746 -42.5207
      vertex 127.555 -8.14808 -42.3
    endloop
  endfacet
  facet normal 1 0 0
    outer loop
      vertex 127.555 -6.57606 -43.6191
      vertex 127.555 -8.2015 -46.1599
      vertex 127.555 -7.916 -46.379
    endloop
  endfacet
  facet normal 1 -0 0
    outer loop
      vertex 127.555 -9.61233 -42.2837
      vertex 127.555 -8.14808 -42.3
      vertex 127.555 -8.26892 -42.0679
    endloop
  endfacet
  facet normal 1 -0 0
    outer loop
      vertex 127.555 -9.53444 -41.9324
      vertex 127.555 -8.26892 -42.0679
      vertex 127.555 -8.36908 -41.8261
    endloop
  endfacet
  facet normal 1 -0 0
    outer loop
      vertex 127.555 -9.42623 -41.5892
      vertex 127.555 -8.36908 -41.8261
      vertex 127.555 -8.44778 -41.5765
    endloop
  endfacet
  facet normal 1 0 0
    outer loop
      vertex 127.555 -6.81785 -43.5189
      vertex 127.555 -8.46681 -45.9168
      vertex 127.555 -8.2015 -46.1599
    endloop
  endfacet
  facet normal 1 0 0
    outer loop
      vertex 127.555 -9.28852 -41.2567
      vertex 127.555 -8.44778 -41.5765
      vertex 127.555 -8.50442 -41.3209
    endloop
  endfacet
  facet normal 1 0 0
    outer loop
      vertex 127.555 -9.12235 -40.9375
      vertex 127.555 -8.50442 -41.3209
      vertex 127.555 -8.53858 -41.0615
    endloop
  endfacet
  facet normal 1 -0 0
    outer loop
      vertex 127.555 -9.12235 -40.9375
      vertex 127.555 -8.53858 -41.0615
      vertex 127.555 -8.55 -40.8
    endloop
  endfacet
  facet normal 1 0 0
    outer loop
      vertex 127.555 -8.53858 -40.5385
      vertex 127.555 -8.929 -40.634
      vertex 127.555 -8.55 -40.8
    endloop
  endfacet
  facet normal 1 0 0
    outer loop
      vertex 127.555 -6.81785 -43.5189
      vertex 127.555 -8.70993 -45.6515
      vertex 127.555 -8.46681 -45.9168
    endloop
  endfacet
  facet normal 1 0 0
    outer loop
      vertex 127.555 -9.12235 -40.9375
      vertex 127.555 -8.55 -40.8
      vertex 127.555 -8.929 -40.634
    endloop
  endfacet
  facet normal 1 0 0
    outer loop
      vertex 127.555 -7.05 -43.3981
      vertex 127.555 -8.929 -45.366
      vertex 127.555 -8.70993 -45.6515
    endloop
  endfacet
  facet normal 1 0 0
    outer loop
      vertex 127.555 -8.50442 -41.3209
      vertex 127.555 -9.12235 -40.9375
      vertex 127.555 -9.28852 -41.2567
    endloop
  endfacet
  facet normal 1 0 0
    outer loop
      vertex 127.555 -7.05 -43.3981
      vertex 127.555 -9.12235 -45.0625
      vertex 127.555 -8.929 -45.366
    endloop
  endfacet
  facet normal 1 0 0
    outer loop
      vertex 127.555 -8.44778 -41.5765
      vertex 127.555 -9.28852 -41.2567
      vertex 127.555 -9.42623 -41.5892
    endloop
  endfacet
  facet normal 1 0 0
    outer loop
      vertex 127.555 -7.27073 -43.2575
      vertex 127.555 -9.28852 -44.7433
      vertex 127.555 -9.12235 -45.0625
    endloop
  endfacet
  facet normal 1 0 0
    outer loop
      vertex 127.555 -8.36908 -41.8261
      vertex 127.555 -9.42623 -41.5892
      vertex 127.555 -9.53444 -41.9324
    endloop
  endfacet
  facet normal 1 0 0
    outer loop
      vertex 127.555 -7.47836 -43.0981
      vertex 127.555 -9.42623 -44.4108
      vertex 127.555 -9.28852 -44.7433
    endloop
  endfacet
  facet normal 1 0 0
    outer loop
      vertex 127.555 -8.26892 -42.0679
      vertex 127.555 -9.53444 -41.9324
      vertex 127.555 -9.61233 -42.2837
    endloop
  endfacet
  facet normal 1 0 0
    outer loop
      vertex 127.555 -7.47836 -43.0981
      vertex 127.555 -9.53444 -44.0676
      vertex 127.555 -9.42623 -44.4108
    endloop
  endfacet
  facet normal 1 0 0
    outer loop
      vertex 127.555 -8.14808 -42.3
      vertex 127.555 -9.61233 -42.2837
      vertex 127.555 -9.6593 -42.6405
    endloop
  endfacet
  facet normal 1 0 0
    outer loop
      vertex 127.555 -7.67132 -42.9213
      vertex 127.555 -9.61233 -43.7163
      vertex 127.555 -9.53444 -44.0676
    endloop
  endfacet
  facet normal 1 0 0
    outer loop
      vertex 127.555 -8.14808 -42.3
      vertex 127.555 -9.6593 -42.6405
      vertex 127.555 -9.675 -43
    endloop
  endfacet
  facet normal 1 0 0
    outer loop
      vertex 127.555 -7.84813 -42.7284
      vertex 127.555 -9.6593 -43.3595
      vertex 127.555 -9.61233 -43.7163
    endloop
  endfacet
  facet normal 1 0 0
    outer loop
      vertex 127.555 -8.00746 -42.5207
      vertex 127.555 -9.675 -43
      vertex 127.555 -9.6593 -43.3595
    endloop
  endfacet
  facet normal 0 0.887005 -0.46176
    outer loop
      vertex 129.545 -9.28852 -41.2567
      vertex 127.555 -9.12235 -40.9375
      vertex 129.545 -9.12235 -40.9375
    endloop
  endfacet
  facet normal 0 0.887005 -0.46176
    outer loop
      vertex 127.555 -9.12235 -40.9375
      vertex 129.545 -9.28852 -41.2567
      vertex 127.555 -9.28852 -41.2567
    endloop
  endfacet
  facet normal -0 0.130607 0.991434
    outer loop
      vertex 117.545 -5.69381 -42.4437
      vertex 125.045 -5.83652 -42.4249
      vertex 125.045 -5.69381 -42.4437
    endloop
  endfacet
  facet normal 0 0.130607 0.991434
    outer loop
      vertex 125.045 -5.83652 -42.4249
      vertex 117.545 -5.69381 -42.4437
      vertex 117.545 -5.83652 -42.4249
    endloop
  endfacet
  facet normal 0 0.461934 -0.886914
    outer loop
      vertex 117.545 -6.375 -39.3711
      vertex 125.045 -6.24732 -39.3046
      vertex 125.045 -6.375 -39.3711
    endloop
  endfacet
  facet normal 0 0.461934 -0.886914
    outer loop
      vertex 125.045 -6.24732 -39.3046
      vertex 117.545 -6.375 -39.3711
      vertex 117.545 -6.24732 -39.3046
    endloop
  endfacet
  facet normal 0 0.843392 -0.537298
    outer loop
      vertex 125.045 -6.97894 -39.975
      vertex 117.545 -6.9016 -39.8536
      vertex 125.045 -6.9016 -39.8536
    endloop
  endfacet
  facet normal 0 0.843392 -0.537298
    outer loop
      vertex 117.545 -6.9016 -39.8536
      vertex 125.045 -6.97894 -39.975
      vertex 117.545 -6.97894 -39.975
    endloop
  endfacet
  facet normal -0 0.0437658 0.999042
    outer loop
      vertex 117.545 -5.55 -42.45
      vertex 125.045 -5.69381 -42.4437
      vertex 125.045 -5.55 -42.45
    endloop
  endfacet
  facet normal 0 0.0437658 0.999042
    outer loop
      vertex 125.045 -5.69381 -42.4437
      vertex 117.545 -5.55 -42.45
      vertex 117.545 -5.69381 -42.4437
    endloop
  endfacet
  facet normal 0 0.0437658 -0.999042
    outer loop
      vertex 117.545 -5.69381 -39.1563
      vertex 125.045 -5.55 -39.15
      vertex 125.045 -5.69381 -39.1563
    endloop
  endfacet
  facet normal 0 0.0437658 -0.999042
    outer loop
      vertex 125.045 -5.55 -39.15
      vertex 117.545 -5.69381 -39.1563
      vertex 117.545 -5.55 -39.15
    endloop
  endfacet
  facet normal 0 0.887029 0.461714
    outer loop
      vertex 125.045 -6.97894 -41.625
      vertex 117.545 -7.04541 -41.4973
      vertex 125.045 -7.04541 -41.4973
    endloop
  endfacet
  facet normal 0 0.887029 0.461714
    outer loop
      vertex 117.545 -7.04541 -41.4973
      vertex 125.045 -6.97894 -41.625
      vertex 117.545 -6.97894 -41.625
    endloop
  endfacet
  facet normal 0 -0.5371 -0.843518
    outer loop
      vertex 117.545 -4.725 -39.3711
      vertex 125.045 -4.6036 -39.4484
      vertex 125.045 -4.725 -39.3711
    endloop
  endfacet
  facet normal -0 -0.5371 -0.843518
    outer loop
      vertex 125.045 -4.6036 -39.4484
      vertex 117.545 -4.725 -39.3711
      vertex 117.545 -4.6036 -39.4484
    endloop
  endfacet
  facet normal -0 0.216077 0.976376
    outer loop
      vertex 117.545 -5.83652 -42.4249
      vertex 125.045 -5.97705 -42.3938
      vertex 125.045 -5.83652 -42.4249
    endloop
  endfacet
  facet normal 0 0.216077 0.976376
    outer loop
      vertex 125.045 -5.97705 -42.3938
      vertex 117.545 -5.83652 -42.4249
      vertex 117.545 -5.97705 -42.3938
    endloop
  endfacet
  facet normal 0 0.923905 -0.382622
    outer loop
      vertex 125.045 -7.10049 -40.2357
      vertex 117.545 -7.04541 -40.1027
      vertex 125.045 -7.04541 -40.1027
    endloop
  endfacet
  facet normal 0 0.923905 -0.382622
    outer loop
      vertex 117.545 -7.04541 -40.1027
      vertex 125.045 -7.10049 -40.2357
      vertex 117.545 -7.10049 -40.2357
    endloop
  endfacet
  facet normal 0 0.999048 -0.0436302
    outer loop
      vertex 125.045 -7.2 -40.8
      vertex 117.545 -7.19372 -40.6562
      vertex 125.045 -7.19372 -40.6562
    endloop
  endfacet
  facet normal 0 0.999048 -0.0436302
    outer loop
      vertex 117.545 -7.19372 -40.6562
      vertex 125.045 -7.2 -40.8
      vertex 117.545 -7.2 -40.8
    endloop
  endfacet
  facet normal 0 -0.216077 0.976376
    outer loop
      vertex 117.545 -5.12295 -42.3938
      vertex 125.045 -5.26348 -42.4249
      vertex 125.045 -5.12295 -42.3938
    endloop
  endfacet
  facet normal 0 -0.216077 0.976376
    outer loop
      vertex 125.045 -5.26348 -42.4249
      vertex 117.545 -5.12295 -42.3938
      vertex 117.545 -5.26348 -42.4249
    endloop
  endfacet
  facet normal 0 0.953655 0.300902
    outer loop
      vertex 125.045 -7.10049 -41.3643
      vertex 117.545 -7.14378 -41.2271
      vertex 125.045 -7.14378 -41.2271
    endloop
  endfacet
  facet normal 0 0.953655 0.300902
    outer loop
      vertex 117.545 -7.14378 -41.2271
      vertex 125.045 -7.10049 -41.3643
      vertex 117.545 -7.10049 -41.3643
    endloop
  endfacet
  facet normal 0 -0.461934 0.886914
    outer loop
      vertex 117.545 -4.725 -42.2289
      vertex 125.045 -4.85268 -42.2954
      vertex 125.045 -4.725 -42.2289
    endloop
  endfacet
  facet normal 0 -0.461934 0.886914
    outer loop
      vertex 125.045 -4.85268 -42.2954
      vertex 117.545 -4.725 -42.2289
      vertex 117.545 -4.85268 -42.2954
    endloop
  endfacet
  facet normal 0 0.976326 -0.216305
    outer loop
      vertex 125.045 -7.17493 -40.5135
      vertex 117.545 -7.14378 -40.3729
      vertex 125.045 -7.14378 -40.3729
    endloop
  endfacet
  facet normal 0 0.976326 -0.216305
    outer loop
      vertex 117.545 -7.14378 -40.3729
      vertex 125.045 -7.17493 -40.5135
      vertex 117.545 -7.17493 -40.5135
    endloop
  endfacet
  facet normal 0 -0.382765 0.923846
    outer loop
      vertex 117.545 -4.85268 -42.2954
      vertex 125.045 -4.98567 -42.3505
      vertex 125.045 -4.85268 -42.2954
    endloop
  endfacet
  facet normal 0 -0.382765 0.923846
    outer loop
      vertex 125.045 -4.98567 -42.3505
      vertex 117.545 -4.85268 -42.2954
      vertex 117.545 -4.98567 -42.3505
    endloop
  endfacet
  facet normal 0 0.675778 -0.737105
    outer loop
      vertex 117.545 -6.71673 -39.6333
      vertex 125.045 -6.6106 -39.536
      vertex 125.045 -6.71673 -39.6333
    endloop
  endfacet
  facet normal 0 0.675778 -0.737105
    outer loop
      vertex 125.045 -6.6106 -39.536
      vertex 117.545 -6.71673 -39.6333
      vertex 117.545 -6.6106 -39.536
    endloop
  endfacet
  facet normal -0 0.461934 0.886914
    outer loop
      vertex 117.545 -6.24732 -42.2954
      vertex 125.045 -6.375 -42.2289
      vertex 125.045 -6.24732 -42.2954
    endloop
  endfacet
  facet normal 0 0.461934 0.886914
    outer loop
      vertex 125.045 -6.375 -42.2289
      vertex 117.545 -6.24732 -42.2954
      vertex 117.545 -6.375 -42.2289
    endloop
  endfacet
  facet normal 0 -0.991442 0.130548
    outer loop
      vertex 117.545 -3.92507 -41.0865
      vertex 125.045 -3.90628 -40.9438
      vertex 117.545 -3.90628 -40.9438
    endloop
  endfacet
  facet normal 0 -0.991442 0.130548
    outer loop
      vertex 125.045 -3.90628 -40.9438
      vertex 117.545 -3.92507 -41.0865
      vertex 125.045 -3.92507 -41.0865
    endloop
  endfacet
  facet normal -0 0.5371 0.843518
    outer loop
      vertex 117.545 -6.375 -42.2289
      vertex 125.045 -6.4964 -42.1516
      vertex 125.045 -6.375 -42.2289
    endloop
  endfacet
  facet normal 0 0.5371 0.843518
    outer loop
      vertex 125.045 -6.4964 -42.1516
      vertex 117.545 -6.375 -42.2289
      vertex 117.545 -6.4964 -42.1516
    endloop
  endfacet
  facet normal 0 -0.5371 0.843518
    outer loop
      vertex 117.545 -4.6036 -42.1516
      vertex 125.045 -4.725 -42.2289
      vertex 125.045 -4.6036 -42.1516
    endloop
  endfacet
  facet normal 0 -0.5371 0.843518
    outer loop
      vertex 125.045 -4.725 -42.2289
      vertex 117.545 -4.6036 -42.1516
      vertex 117.545 -4.725 -42.2289
    endloop
  endfacet
  facet normal 0 -0.216077 -0.976376
    outer loop
      vertex 117.545 -5.26348 -39.1751
      vertex 125.045 -5.12295 -39.2062
      vertex 125.045 -5.26348 -39.1751
    endloop
  endfacet
  facet normal -0 -0.216077 -0.976376
    outer loop
      vertex 125.045 -5.12295 -39.2062
      vertex 117.545 -5.26348 -39.1751
      vertex 117.545 -5.12295 -39.2062
    endloop
  endfacet
  facet normal 0 0.953655 -0.300902
    outer loop
      vertex 125.045 -7.14378 -40.3729
      vertex 117.545 -7.10049 -40.2357
      vertex 125.045 -7.10049 -40.2357
    endloop
  endfacet
  facet normal 0 0.953655 -0.300902
    outer loop
      vertex 117.545 -7.10049 -40.2357
      vertex 125.045 -7.14378 -40.3729
      vertex 117.545 -7.14378 -40.3729
    endloop
  endfacet
  facet normal 0 0.300806 -0.953686
    outer loop
      vertex 117.545 -6.11433 -39.2495
      vertex 125.045 -5.97705 -39.2062
      vertex 125.045 -6.11433 -39.2495
    endloop
  endfacet
  facet normal 0 0.300806 -0.953686
    outer loop
      vertex 125.045 -5.97705 -39.2062
      vertex 117.545 -6.11433 -39.2495
      vertex 117.545 -5.97705 -39.2062
    endloop
  endfacet
  facet normal 0 -0.461934 -0.886914
    outer loop
      vertex 117.545 -4.85268 -39.3046
      vertex 125.045 -4.725 -39.3711
      vertex 125.045 -4.85268 -39.3046
    endloop
  endfacet
  facet normal -0 -0.461934 -0.886914
    outer loop
      vertex 125.045 -4.725 -39.3711
      vertex 117.545 -4.85268 -39.3046
      vertex 117.545 -4.725 -39.3711
    endloop
  endfacet
  facet normal 0 -0.0437658 -0.999042
    outer loop
      vertex 117.545 -5.55 -39.15
      vertex 125.045 -5.40619 -39.1563
      vertex 125.045 -5.55 -39.15
    endloop
  endfacet
  facet normal -0 -0.0437658 -0.999042
    outer loop
      vertex 125.045 -5.40619 -39.1563
      vertex 117.545 -5.55 -39.15
      vertex 117.545 -5.40619 -39.1563
    endloop
  endfacet
  facet normal 0 -0.793349 -0.608767
    outer loop
      vertex 117.545 -4.1984 -39.8536
      vertex 125.045 -4.28603 -39.7394
      vertex 117.545 -4.28603 -39.7394
    endloop
  endfacet
  facet normal 0 -0.793349 -0.608767
    outer loop
      vertex 125.045 -4.28603 -39.7394
      vertex 117.545 -4.1984 -39.8536
      vertex 125.045 -4.1984 -39.8536
    endloop
  endfacet
  facet normal 0 0.737218 0.675655
    outer loop
      vertex 125.045 -6.71673 -41.9667
      vertex 117.545 -6.81397 -41.8606
      vertex 125.045 -6.81397 -41.8606
    endloop
  endfacet
  facet normal 0 0.737218 0.675655
    outer loop
      vertex 117.545 -6.81397 -41.8606
      vertex 125.045 -6.71673 -41.9667
      vertex 117.545 -6.71673 -41.9667
    endloop
  endfacet
  facet normal 0 -0.991442 -0.130548
    outer loop
      vertex 117.545 -3.90628 -40.6562
      vertex 125.045 -3.92507 -40.5135
      vertex 117.545 -3.92507 -40.5135
    endloop
  endfacet
  facet normal 0 -0.991442 -0.130548
    outer loop
      vertex 125.045 -3.92507 -40.5135
      vertex 117.545 -3.90628 -40.6562
      vertex 125.045 -3.90628 -40.6562
    endloop
  endfacet
  facet normal -0 0.300806 0.953686
    outer loop
      vertex 117.545 -5.97705 -42.3938
      vertex 125.045 -6.11433 -42.3505
      vertex 125.045 -5.97705 -42.3938
    endloop
  endfacet
  facet normal 0 0.300806 0.953686
    outer loop
      vertex 125.045 -6.11433 -42.3505
      vertex 117.545 -5.97705 -42.3938
      vertex 117.545 -6.11433 -42.3505
    endloop
  endfacet
  facet normal 0 -0.675778 -0.737105
    outer loop
      vertex 117.545 -4.4894 -39.536
      vertex 125.045 -4.38327 -39.6333
      vertex 125.045 -4.4894 -39.536
    endloop
  endfacet
  facet normal -0 -0.675778 -0.737105
    outer loop
      vertex 125.045 -4.38327 -39.6333
      vertex 117.545 -4.4894 -39.536
      vertex 117.545 -4.38327 -39.6333
    endloop
  endfacet
  facet normal 0 -0.130607 0.991434
    outer loop
      vertex 117.545 -5.26348 -42.4249
      vertex 125.045 -5.40619 -42.4437
      vertex 125.045 -5.26348 -42.4249
    endloop
  endfacet
  facet normal 0 -0.130607 0.991434
    outer loop
      vertex 125.045 -5.40619 -42.4437
      vertex 117.545 -5.26348 -42.4249
      vertex 117.545 -5.40619 -42.4437
    endloop
  endfacet
  facet normal 0 0.991442 -0.130548
    outer loop
      vertex 125.045 -7.19372 -40.6562
      vertex 117.545 -7.17493 -40.5135
      vertex 125.045 -7.17493 -40.5135
    endloop
  endfacet
  facet normal 0 0.991442 -0.130548
    outer loop
      vertex 117.545 -7.17493 -40.5135
      vertex 125.045 -7.19372 -40.6562
      vertex 117.545 -7.19372 -40.6562
    endloop
  endfacet
  facet normal 0 -0.976326 -0.216305
    outer loop
      vertex 117.545 -3.92507 -40.5135
      vertex 125.045 -3.95622 -40.3729
      vertex 117.545 -3.95622 -40.3729
    endloop
  endfacet
  facet normal 0 -0.976326 -0.216305
    outer loop
      vertex 125.045 -3.95622 -40.3729
      vertex 117.545 -3.92507 -40.5135
      vertex 125.045 -3.92507 -40.5135
    endloop
  endfacet
  facet normal 0 -0.300806 -0.953686
    outer loop
      vertex 117.545 -5.12295 -39.2062
      vertex 125.045 -4.98567 -39.2495
      vertex 125.045 -5.12295 -39.2062
    endloop
  endfacet
  facet normal -0 -0.300806 -0.953686
    outer loop
      vertex 125.045 -4.98567 -39.2495
      vertex 117.545 -5.12295 -39.2062
      vertex 117.545 -4.98567 -39.2495
    endloop
  endfacet
  facet normal 0 -0.793349 0.608767
    outer loop
      vertex 117.545 -4.28603 -41.8606
      vertex 125.045 -4.1984 -41.7464
      vertex 117.545 -4.1984 -41.7464
    endloop
  endfacet
  facet normal 0 -0.793349 0.608767
    outer loop
      vertex 125.045 -4.1984 -41.7464
      vertex 117.545 -4.28603 -41.8606
      vertex 125.045 -4.28603 -41.8606
    endloop
  endfacet
  facet normal 0 0.5371 -0.843518
    outer loop
      vertex 117.545 -6.4964 -39.4484
      vertex 125.045 -6.375 -39.3711
      vertex 125.045 -6.4964 -39.4484
    endloop
  endfacet
  facet normal 0 0.5371 -0.843518
    outer loop
      vertex 125.045 -6.375 -39.3711
      vertex 117.545 -6.4964 -39.4484
      vertex 117.545 -6.375 -39.3711
    endloop
  endfacet
  facet normal 0 -0.887029 -0.461714
    outer loop
      vertex 117.545 -4.05459 -40.1027
      vertex 125.045 -4.12106 -39.975
      vertex 117.545 -4.12106 -39.975
    endloop
  endfacet
  facet normal 0 -0.887029 -0.461714
    outer loop
      vertex 125.045 -4.12106 -39.975
      vertex 117.545 -4.05459 -40.1027
      vertex 125.045 -4.05459 -40.1027
    endloop
  endfacet
  facet normal 0 0.999048 0.0436302
    outer loop
      vertex 125.045 -7.19372 -40.9438
      vertex 117.545 -7.2 -40.8
      vertex 125.045 -7.2 -40.8
    endloop
  endfacet
  facet normal 0 0.999048 0.0436302
    outer loop
      vertex 117.545 -7.2 -40.8
      vertex 125.045 -7.19372 -40.9438
      vertex 117.545 -7.19372 -40.9438
    endloop
  endfacet
  facet normal 0 -0.923905 0.382622
    outer loop
      vertex 117.545 -4.05459 -41.4973
      vertex 125.045 -3.99951 -41.3643
      vertex 117.545 -3.99951 -41.3643
    endloop
  endfacet
  facet normal 0 -0.923905 0.382622
    outer loop
      vertex 125.045 -3.99951 -41.3643
      vertex 117.545 -4.05459 -41.4973
      vertex 125.045 -4.05459 -41.4973
    endloop
  endfacet
  facet normal 0 0.923905 0.382622
    outer loop
      vertex 125.045 -7.04541 -41.4973
      vertex 117.545 -7.10049 -41.3643
      vertex 125.045 -7.10049 -41.3643
    endloop
  endfacet
  facet normal 0 0.923905 0.382622
    outer loop
      vertex 117.545 -7.10049 -41.3643
      vertex 125.045 -7.04541 -41.4973
      vertex 117.545 -7.04541 -41.4973
    endloop
  endfacet
  facet normal 0 -0.953655 -0.300902
    outer loop
      vertex 117.545 -3.95622 -40.3729
      vertex 125.045 -3.99951 -40.2357
      vertex 117.545 -3.99951 -40.2357
    endloop
  endfacet
  facet normal 0 -0.953655 -0.300902
    outer loop
      vertex 125.045 -3.99951 -40.2357
      vertex 117.545 -3.95622 -40.3729
      vertex 125.045 -3.95622 -40.3729
    endloop
  endfacet
  facet normal 0 0.216077 -0.976376
    outer loop
      vertex 117.545 -5.97705 -39.2062
      vertex 125.045 -5.83652 -39.1751
      vertex 125.045 -5.97705 -39.2062
    endloop
  endfacet
  facet normal 0 0.216077 -0.976376
    outer loop
      vertex 125.045 -5.83652 -39.1751
      vertex 117.545 -5.97705 -39.2062
      vertex 117.545 -5.83652 -39.1751
    endloop
  endfacet
  facet normal 0 -0.608636 -0.79345
    outer loop
      vertex 117.545 -4.6036 -39.4484
      vertex 125.045 -4.4894 -39.536
      vertex 125.045 -4.6036 -39.4484
    endloop
  endfacet
  facet normal -0 -0.608636 -0.79345
    outer loop
      vertex 125.045 -4.4894 -39.536
      vertex 117.545 -4.6036 -39.4484
      vertex 117.545 -4.4894 -39.536
    endloop
  endfacet
  facet normal 0 0.793349 -0.608767
    outer loop
      vertex 125.045 -6.9016 -39.8536
      vertex 117.545 -6.81397 -39.7394
      vertex 125.045 -6.81397 -39.7394
    endloop
  endfacet
  facet normal 0 0.793349 -0.608767
    outer loop
      vertex 117.545 -6.81397 -39.7394
      vertex 125.045 -6.9016 -39.8536
      vertex 117.545 -6.9016 -39.8536
    endloop
  endfacet
  facet normal 0 -0.300806 0.953686
    outer loop
      vertex 117.545 -4.98567 -42.3505
      vertex 125.045 -5.12295 -42.3938
      vertex 125.045 -4.98567 -42.3505
    endloop
  endfacet
  facet normal 0 -0.300806 0.953686
    outer loop
      vertex 125.045 -5.12295 -42.3938
      vertex 117.545 -4.98567 -42.3505
      vertex 117.545 -5.12295 -42.3938
    endloop
  endfacet
  facet normal 0 0.887029 -0.461714
    outer loop
      vertex 125.045 -7.04541 -40.1027
      vertex 117.545 -6.97894 -39.975
      vertex 125.045 -6.97894 -39.975
    endloop
  endfacet
  facet normal 0 0.887029 -0.461714
    outer loop
      vertex 117.545 -6.97894 -39.975
      vertex 125.045 -7.04541 -40.1027
      vertex 117.545 -7.04541 -40.1027
    endloop
  endfacet
  facet normal 0 0.382765 -0.923846
    outer loop
      vertex 117.545 -6.24732 -39.3046
      vertex 125.045 -6.11433 -39.2495
      vertex 125.045 -6.24732 -39.3046
    endloop
  endfacet
  facet normal 0 0.382765 -0.923846
    outer loop
      vertex 125.045 -6.11433 -39.2495
      vertex 117.545 -6.24732 -39.3046
      vertex 117.545 -6.11433 -39.2495
    endloop
  endfacet
  facet normal 0 -0.737218 0.675655
    outer loop
      vertex 117.545 -4.38327 -41.9667
      vertex 125.045 -4.28603 -41.8606
      vertex 117.545 -4.28603 -41.8606
    endloop
  endfacet
  facet normal 0 -0.737218 0.675655
    outer loop
      vertex 125.045 -4.28603 -41.8606
      vertex 117.545 -4.38327 -41.9667
      vertex 125.045 -4.38327 -41.9667
    endloop
  endfacet
  facet normal 0 0.608636 -0.79345
    outer loop
      vertex 117.545 -6.6106 -39.536
      vertex 125.045 -6.4964 -39.4484
      vertex 125.045 -6.6106 -39.536
    endloop
  endfacet
  facet normal 0 0.608636 -0.79345
    outer loop
      vertex 125.045 -6.4964 -39.4484
      vertex 117.545 -6.6106 -39.536
      vertex 117.545 -6.4964 -39.4484
    endloop
  endfacet
  facet normal 0 0.991442 0.130548
    outer loop
      vertex 125.045 -7.17493 -41.0865
      vertex 117.545 -7.19372 -40.9438
      vertex 125.045 -7.19372 -40.9438
    endloop
  endfacet
  facet normal 0 0.991442 0.130548
    outer loop
      vertex 117.545 -7.19372 -40.9438
      vertex 125.045 -7.17493 -41.0865
      vertex 117.545 -7.17493 -41.0865
    endloop
  endfacet
  facet normal 0 -0.608636 0.79345
    outer loop
      vertex 117.545 -4.4894 -42.064
      vertex 125.045 -4.6036 -42.1516
      vertex 125.045 -4.4894 -42.064
    endloop
  endfacet
  facet normal 0 -0.608636 0.79345
    outer loop
      vertex 125.045 -4.6036 -42.1516
      vertex 117.545 -4.4894 -42.064
      vertex 117.545 -4.6036 -42.1516
    endloop
  endfacet
  facet normal -0 0.608636 0.79345
    outer loop
      vertex 117.545 -6.4964 -42.1516
      vertex 125.045 -6.6106 -42.064
      vertex 125.045 -6.4964 -42.1516
    endloop
  endfacet
  facet normal 0 0.608636 0.79345
    outer loop
      vertex 125.045 -6.6106 -42.064
      vertex 117.545 -6.4964 -42.1516
      vertex 117.545 -6.6106 -42.064
    endloop
  endfacet
  facet normal 0 -0.737218 -0.675655
    outer loop
      vertex 117.545 -4.28603 -39.7394
      vertex 125.045 -4.38327 -39.6333
      vertex 117.545 -4.38327 -39.6333
    endloop
  endfacet
  facet normal 0 -0.737218 -0.675655
    outer loop
      vertex 125.045 -4.38327 -39.6333
      vertex 117.545 -4.28603 -39.7394
      vertex 125.045 -4.28603 -39.7394
    endloop
  endfacet
  facet normal 0 -0.675778 0.737105
    outer loop
      vertex 117.545 -4.38327 -41.9667
      vertex 125.045 -4.4894 -42.064
      vertex 125.045 -4.38327 -41.9667
    endloop
  endfacet
  facet normal 0 -0.675778 0.737105
    outer loop
      vertex 125.045 -4.4894 -42.064
      vertex 117.545 -4.38327 -41.9667
      vertex 117.545 -4.4894 -42.064
    endloop
  endfacet
  facet normal 0 0.976326 0.216305
    outer loop
      vertex 125.045 -7.14378 -41.2271
      vertex 117.545 -7.17493 -41.0865
      vertex 125.045 -7.17493 -41.0865
    endloop
  endfacet
  facet normal 0 0.976326 0.216305
    outer loop
      vertex 117.545 -7.17493 -41.0865
      vertex 125.045 -7.14378 -41.2271
      vertex 117.545 -7.14378 -41.2271
    endloop
  endfacet
  facet normal 0 -0.130607 -0.991434
    outer loop
      vertex 117.545 -5.40619 -39.1563
      vertex 125.045 -5.26348 -39.1751
      vertex 125.045 -5.40619 -39.1563
    endloop
  endfacet
  facet normal -0 -0.130607 -0.991434
    outer loop
      vertex 125.045 -5.26348 -39.1751
      vertex 117.545 -5.40619 -39.1563
      vertex 117.545 -5.26348 -39.1751
    endloop
  endfacet
  facet normal 0 -0.0437658 0.999042
    outer loop
      vertex 117.545 -5.40619 -42.4437
      vertex 125.045 -5.55 -42.45
      vertex 125.045 -5.40619 -42.4437
    endloop
  endfacet
  facet normal 0 -0.0437658 0.999042
    outer loop
      vertex 125.045 -5.55 -42.45
      vertex 117.545 -5.40619 -42.4437
      vertex 117.545 -5.55 -42.45
    endloop
  endfacet
  facet normal 0 -0.382765 -0.923846
    outer loop
      vertex 117.545 -4.98567 -39.2495
      vertex 125.045 -4.85268 -39.3046
      vertex 125.045 -4.98567 -39.2495
    endloop
  endfacet
  facet normal -0 -0.382765 -0.923846
    outer loop
      vertex 125.045 -4.85268 -39.3046
      vertex 117.545 -4.98567 -39.2495
      vertex 117.545 -4.85268 -39.3046
    endloop
  endfacet
  facet normal 0 0.843392 0.537298
    outer loop
      vertex 125.045 -6.9016 -41.7464
      vertex 117.545 -6.97894 -41.625
      vertex 125.045 -6.97894 -41.625
    endloop
  endfacet
  facet normal 0 0.843392 0.537298
    outer loop
      vertex 117.545 -6.97894 -41.625
      vertex 125.045 -6.9016 -41.7464
      vertex 117.545 -6.9016 -41.7464
    endloop
  endfacet
  facet normal 0 -0.843392 -0.537298
    outer loop
      vertex 117.545 -4.12106 -39.975
      vertex 125.045 -4.1984 -39.8536
      vertex 117.545 -4.1984 -39.8536
    endloop
  endfacet
  facet normal 0 -0.843392 -0.537298
    outer loop
      vertex 125.045 -4.1984 -39.8536
      vertex 117.545 -4.12106 -39.975
      vertex 125.045 -4.12106 -39.975
    endloop
  endfacet
  facet normal -0 0.382765 0.923846
    outer loop
      vertex 117.545 -6.11433 -42.3505
      vertex 125.045 -6.24732 -42.2954
      vertex 125.045 -6.11433 -42.3505
    endloop
  endfacet
  facet normal 0 0.382765 0.923846
    outer loop
      vertex 125.045 -6.24732 -42.2954
      vertex 117.545 -6.11433 -42.3505
      vertex 117.545 -6.24732 -42.2954
    endloop
  endfacet
  facet normal 0 -0.999048 -0.0436302
    outer loop
      vertex 117.545 -3.9 -40.8
      vertex 125.045 -3.90628 -40.6562
      vertex 117.545 -3.90628 -40.6562
    endloop
  endfacet
  facet normal 0 -0.999048 -0.0436302
    outer loop
      vertex 125.045 -3.90628 -40.6562
      vertex 117.545 -3.9 -40.8
      vertex 125.045 -3.9 -40.8
    endloop
  endfacet
  facet normal 0 -0.976326 0.216305
    outer loop
      vertex 117.545 -3.95622 -41.2271
      vertex 125.045 -3.92507 -41.0865
      vertex 117.545 -3.92507 -41.0865
    endloop
  endfacet
  facet normal 0 -0.976326 0.216305
    outer loop
      vertex 125.045 -3.92507 -41.0865
      vertex 117.545 -3.95622 -41.2271
      vertex 125.045 -3.95622 -41.2271
    endloop
  endfacet
  facet normal -0 0.675778 0.737105
    outer loop
      vertex 117.545 -6.6106 -42.064
      vertex 125.045 -6.71673 -41.9667
      vertex 125.045 -6.6106 -42.064
    endloop
  endfacet
  facet normal 0 0.675778 0.737105
    outer loop
      vertex 125.045 -6.71673 -41.9667
      vertex 117.545 -6.6106 -42.064
      vertex 117.545 -6.71673 -41.9667
    endloop
  endfacet
  facet normal 0 0.793349 0.608767
    outer loop
      vertex 125.045 -6.81397 -41.8606
      vertex 117.545 -6.9016 -41.7464
      vertex 125.045 -6.9016 -41.7464
    endloop
  endfacet
  facet normal 0 0.793349 0.608767
    outer loop
      vertex 117.545 -6.9016 -41.7464
      vertex 125.045 -6.81397 -41.8606
      vertex 117.545 -6.81397 -41.8606
    endloop
  endfacet
  facet normal 0 -0.953655 0.300902
    outer loop
      vertex 117.545 -3.99951 -41.3643
      vertex 125.045 -3.95622 -41.2271
      vertex 117.545 -3.95622 -41.2271
    endloop
  endfacet
  facet normal 0 -0.953655 0.300902
    outer loop
      vertex 125.045 -3.95622 -41.2271
      vertex 117.545 -3.99951 -41.3643
      vertex 125.045 -3.99951 -41.3643
    endloop
  endfacet
  facet normal 0 -0.887029 0.461714
    outer loop
      vertex 117.545 -4.12106 -41.625
      vertex 125.045 -4.05459 -41.4973
      vertex 117.545 -4.05459 -41.4973
    endloop
  endfacet
  facet normal 0 -0.887029 0.461714
    outer loop
      vertex 125.045 -4.05459 -41.4973
      vertex 117.545 -4.12106 -41.625
      vertex 125.045 -4.12106 -41.625
    endloop
  endfacet
  facet normal 0 0.130607 -0.991434
    outer loop
      vertex 117.545 -5.83652 -39.1751
      vertex 125.045 -5.69381 -39.1563
      vertex 125.045 -5.83652 -39.1751
    endloop
  endfacet
  facet normal 0 0.130607 -0.991434
    outer loop
      vertex 125.045 -5.69381 -39.1563
      vertex 117.545 -5.83652 -39.1751
      vertex 117.545 -5.69381 -39.1563
    endloop
  endfacet
  facet normal 0 0.737218 -0.675655
    outer loop
      vertex 125.045 -6.81397 -39.7394
      vertex 117.545 -6.71673 -39.6333
      vertex 125.045 -6.71673 -39.6333
    endloop
  endfacet
  facet normal 0 0.737218 -0.675655
    outer loop
      vertex 117.545 -6.71673 -39.6333
      vertex 125.045 -6.81397 -39.7394
      vertex 117.545 -6.81397 -39.7394
    endloop
  endfacet
  facet normal 0 -0.999048 0.0436302
    outer loop
      vertex 117.545 -3.90628 -40.9438
      vertex 125.045 -3.9 -40.8
      vertex 117.545 -3.9 -40.8
    endloop
  endfacet
  facet normal 0 -0.999048 0.0436302
    outer loop
      vertex 125.045 -3.9 -40.8
      vertex 117.545 -3.90628 -40.9438
      vertex 125.045 -3.90628 -40.9438
    endloop
  endfacet
  facet normal 0 -0.843392 0.537298
    outer loop
      vertex 117.545 -4.1984 -41.7464
      vertex 125.045 -4.12106 -41.625
      vertex 117.545 -4.12106 -41.625
    endloop
  endfacet
  facet normal 0 -0.843392 0.537298
    outer loop
      vertex 125.045 -4.12106 -41.625
      vertex 117.545 -4.1984 -41.7464
      vertex 125.045 -4.1984 -41.7464
    endloop
  endfacet
  facet normal 0 -0.923905 -0.382622
    outer loop
      vertex 117.545 -3.99951 -40.2357
      vertex 125.045 -4.05459 -40.1027
      vertex 117.545 -4.05459 -40.1027
    endloop
  endfacet
  facet normal 0 -0.923905 -0.382622
    outer loop
      vertex 125.045 -4.05459 -40.1027
      vertex 117.545 -3.99951 -40.2357
      vertex 125.045 -3.99951 -40.2357
    endloop
  endfacet
  facet normal 0 -0.99144 -0.130561
    outer loop
      vertex 125.045 -2.56142 -40.5385
      vertex 127.555 -2.59558 -40.2791
      vertex 125.045 -2.59558 -40.2791
    endloop
  endfacet
  facet normal 0 -0.99144 -0.130561
    outer loop
      vertex 127.555 -2.59558 -40.2791
      vertex 125.045 -2.56142 -40.5385
      vertex 127.555 -2.56142 -40.5385
    endloop
  endfacet
  facet normal 0 -0.953715 0.300711
    outer loop
      vertex 125.045 -2.73092 -41.8261
      vertex 127.555 -2.65222 -41.5765
      vertex 125.045 -2.65222 -41.5765
    endloop
  endfacet
  facet normal 0 -0.953715 0.300711
    outer loop
      vertex 127.555 -2.65222 -41.5765
      vertex 125.045 -2.73092 -41.8261
      vertex 127.555 -2.73092 -41.8261
    endloop
  endfacet
  facet normal 0 -0.0435583 -0.999051
    outer loop
      vertex 125.045 -5.55 -37.8
      vertex 129.545 -5.28853 -37.8114
      vertex 129.545 -5.55 -37.8
    endloop
  endfacet
  facet normal -0 -0.0435583 -0.999051
    outer loop
      vertex 129.545 -5.28853 -37.8114
      vertex 125.045 -5.55 -37.8
      vertex 125.045 -5.28853 -37.8114
    endloop
  endfacet
  facet normal 0 -0.216275 -0.976332
    outer loop
      vertex 125.045 -5.02905 -37.8456
      vertex 129.545 -4.77354 -37.9022
      vertex 129.545 -5.02905 -37.8456
    endloop
  endfacet
  facet normal -0 -0.216275 -0.976332
    outer loop
      vertex 129.545 -4.77354 -37.9022
      vertex 125.045 -5.02905 -37.8456
      vertex 125.045 -4.77354 -37.9022
    endloop
  endfacet
  facet normal 0 -0.737183 0.675693
    outer loop
      vertex 125.045 -3.42868 -42.9213
      vertex 127.555 -3.25187 -42.7284
      vertex 125.045 -3.25187 -42.7284
    endloop
  endfacet
  facet normal 0 -0.737183 0.675693
    outer loop
      vertex 127.555 -3.25187 -42.7284
      vertex 125.045 -3.42868 -42.9213
      vertex 127.555 -3.42868 -42.9213
    endloop
  endfacet
  facet normal 0 0.999048 -0.0436295
    outer loop
      vertex 127.555 -8.55 -40.8
      vertex 125.045 -8.53858 -40.5385
      vertex 127.555 -8.53858 -40.5385
    endloop
  endfacet
  facet normal 0 0.999048 -0.0436295
    outer loop
      vertex 125.045 -8.53858 -40.5385
      vertex 127.555 -8.55 -40.8
      vertex 125.045 -8.55 -40.8
    endloop
  endfacet
  facet normal 0 0.923875 0.382694
    outer loop
      vertex 127.555 -8.26892 -42.0679
      vertex 125.045 -8.36908 -41.8261
      vertex 127.555 -8.36908 -41.8261
    endloop
  endfacet
  facet normal 0 0.923875 0.382694
    outer loop
      vertex 125.045 -8.36908 -41.8261
      vertex 127.555 -8.26892 -42.0679
      vertex 125.045 -8.26892 -42.0679
    endloop
  endfacet
  facet normal 0 0.461599 -0.887089
    outer loop
      vertex 125.045 -7.05 -38.2019
      vertex 129.545 -6.81785 -38.0811
      vertex 129.545 -7.05 -38.2019
    endloop
  endfacet
  facet normal 0 0.461599 -0.887089
    outer loop
      vertex 129.545 -6.81785 -38.0811
      vertex 125.045 -7.05 -38.2019
      vertex 125.045 -6.81785 -38.0811
    endloop
  endfacet
  facet normal 0 0.382838 -0.923816
    outer loop
      vertex 125.045 -6.81785 -38.0811
      vertex 129.545 -6.57606 -37.9809
      vertex 129.545 -6.81785 -38.0811
    endloop
  endfacet
  facet normal 0 0.382838 -0.923816
    outer loop
      vertex 129.545 -6.57606 -37.9809
      vertex 125.045 -6.81785 -38.0811
      vertex 125.045 -6.57606 -37.9809
    endloop
  endfacet
  facet normal 0 0.99144 -0.130561
    outer loop
      vertex 127.555 -8.53858 -40.5385
      vertex 125.045 -8.50442 -40.2791
      vertex 127.555 -8.50442 -40.2791
    endloop
  endfacet
  facet normal 0 0.99144 -0.130561
    outer loop
      vertex 125.045 -8.50442 -40.2791
      vertex 127.555 -8.53858 -40.5385
      vertex 125.045 -8.53858 -40.5385
    endloop
  endfacet
  facet normal 0 -0.675559 0.737306
    outer loop
      vertex 125.045 -3.42868 -42.9213
      vertex 127.555 -3.62164 -43.0981
      vertex 127.555 -3.42868 -42.9213
    endloop
  endfacet
  facet normal 0 -0.675559 0.737306
    outer loop
      vertex 127.555 -3.62164 -43.0981
      vertex 125.045 -3.42868 -42.9213
      vertex 125.045 -3.62164 -43.0981
    endloop
  endfacet
  facet normal 0 -0.999048 -0.0436295
    outer loop
      vertex 125.045 -2.55 -40.8
      vertex 127.555 -2.56142 -40.5385
      vertex 125.045 -2.56142 -40.5385
    endloop
  endfacet
  facet normal 0 -0.999048 -0.0436295
    outer loop
      vertex 127.555 -2.56142 -40.5385
      vertex 125.045 -2.55 -40.8
      vertex 127.555 -2.55 -40.8
    endloop
  endfacet
  facet normal 0 0.793434 0.608656
    outer loop
      vertex 127.555 -7.84813 -42.7284
      vertex 125.045 -8.00746 -42.5207
      vertex 127.555 -8.00746 -42.5207
    endloop
  endfacet
  facet normal 0 0.793434 0.608656
    outer loop
      vertex 125.045 -8.00746 -42.5207
      vertex 127.555 -7.84813 -42.7284
      vertex 125.045 -7.84813 -42.7284
    endloop
  endfacet
  facet normal 0 0.130677 -0.991425
    outer loop
      vertex 125.045 -6.07094 -37.8456
      vertex 129.545 -5.81147 -37.8114
      vertex 129.545 -6.07094 -37.8456
    endloop
  endfacet
  facet normal 0 0.130677 -0.991425
    outer loop
      vertex 129.545 -5.81147 -37.8114
      vertex 125.045 -6.07094 -37.8456
      vertex 125.045 -5.81147 -37.8114
    endloop
  endfacet
  facet normal 0 0.216267 -0.976334
    outer loop
      vertex 125.045 -6.32646 -37.9022
      vertex 129.545 -6.07094 -37.8456
      vertex 129.545 -6.32646 -37.9022
    endloop
  endfacet
  facet normal 0 0.216267 -0.976334
    outer loop
      vertex 129.545 -6.07094 -37.8456
      vertex 125.045 -6.32646 -37.9022
      vertex 125.045 -6.07094 -37.8456
    endloop
  endfacet
  facet normal 0 -0.923875 0.382694
    outer loop
      vertex 125.045 -2.83108 -42.0679
      vertex 127.555 -2.73092 -41.8261
      vertex 125.045 -2.73092 -41.8261
    endloop
  endfacet
  facet normal 0 -0.923875 0.382694
    outer loop
      vertex 127.555 -2.73092 -41.8261
      vertex 125.045 -2.83108 -42.0679
      vertex 127.555 -2.83108 -42.0679
    endloop
  endfacet
  facet normal 0 0.737183 0.675693
    outer loop
      vertex 127.555 -7.67132 -42.9213
      vertex 125.045 -7.84813 -42.7284
      vertex 127.555 -7.84813 -42.7284
    endloop
  endfacet
  facet normal 0 0.737183 0.675693
    outer loop
      vertex 125.045 -7.84813 -42.7284
      vertex 127.555 -7.67132 -42.9213
      vertex 125.045 -7.67132 -42.9213
    endloop
  endfacet
  facet normal 0 -0.999048 0.0436295
    outer loop
      vertex 125.045 -2.56142 -41.0615
      vertex 127.555 -2.55 -40.8
      vertex 125.045 -2.55 -40.8
    endloop
  endfacet
  facet normal 0 -0.999048 0.0436295
    outer loop
      vertex 127.555 -2.55 -40.8
      vertex 125.045 -2.56142 -41.0615
      vertex 127.555 -2.56142 -41.0615
    endloop
  endfacet
  facet normal 0 -0.976334 -0.216267
    outer loop
      vertex 125.045 -2.65222 -40.0235
      vertex 127.555 -2.64048 -40.0765
      vertex 129.545 -2.65222 -40.0235
    endloop
  endfacet
  facet normal -1.78963e-06 -0.976316 -0.216348
    outer loop
      vertex 125.045 -2.59558 -40.2791
      vertex 127.555 -2.64048 -40.0765
      vertex 125.045 -2.65222 -40.0235
    endloop
  endfacet
  facet normal 0 -0.976312 -0.216369
    outer loop
      vertex 127.555 -2.64048 -40.0765
      vertex 125.045 -2.59558 -40.2791
      vertex 127.555 -2.59558 -40.2791
    endloop
  endfacet
  facet normal 0 -0.976334 -0.216267
    outer loop
      vertex 129.545 -2.65222 -40.0235
      vertex 127.555 -2.64048 -40.0765
      vertex 129.545 -2.64048 -40.0765
    endloop
  endfacet
  facet normal 0 0.300711 -0.953715
    outer loop
      vertex 125.045 -6.57606 -37.9809
      vertex 129.545 -6.32646 -37.9022
      vertex 129.545 -6.57606 -37.9809
    endloop
  endfacet
  facet normal 0 0.300711 -0.953715
    outer loop
      vertex 129.545 -6.32646 -37.9022
      vertex 125.045 -6.57606 -37.9809
      vertex 125.045 -6.32646 -37.9022
    endloop
  endfacet
  facet normal 0 0.99144 0.130561
    outer loop
      vertex 127.555 -8.50442 -41.3209
      vertex 125.045 -8.53858 -41.0615
      vertex 127.555 -8.53858 -41.0615
    endloop
  endfacet
  facet normal 0 0.99144 0.130561
    outer loop
      vertex 125.045 -8.53858 -41.0615
      vertex 127.555 -8.50442 -41.3209
      vertex 125.045 -8.50442 -41.3209
    endloop
  endfacet
  facet normal 0 -0.216275 0.976332
    outer loop
      vertex 125.045 -4.77354 -43.6978
      vertex 127.555 -5.02905 -43.7544
      vertex 127.555 -4.77354 -43.6978
    endloop
  endfacet
  facet normal 0 -0.216275 0.976332
    outer loop
      vertex 127.555 -5.02905 -43.7544
      vertex 125.045 -4.77354 -43.6978
      vertex 125.045 -5.02905 -43.7544
    endloop
  endfacet
  facet normal 0 0.675559 -0.737306
    outer loop
      vertex 125.045 -7.67132 -38.6787
      vertex 129.545 -7.47836 -38.5019
      vertex 129.545 -7.67132 -38.6787
    endloop
  endfacet
  facet normal 0 0.675559 -0.737306
    outer loop
      vertex 129.545 -7.47836 -38.5019
      vertex 125.045 -7.67132 -38.6787
      vertex 125.045 -7.47836 -38.5019
    endloop
  endfacet
  facet normal 0 -0.608954 0.793206
    outer loop
      vertex 125.045 -3.62164 -43.0981
      vertex 127.555 -3.82927 -43.2575
      vertex 127.555 -3.62164 -43.0981
    endloop
  endfacet
  facet normal 0 -0.608954 0.793206
    outer loop
      vertex 127.555 -3.82927 -43.2575
      vertex 125.045 -3.62164 -43.0981
      vertex 125.045 -3.82927 -43.2575
    endloop
  endfacet
  facet normal 0 0.737183 -0.675693
    outer loop
      vertex 129.545 -7.84813 -38.8716
      vertex 125.045 -7.67132 -38.6787
      vertex 129.545 -7.67132 -38.6787
    endloop
  endfacet
  facet normal 0 0.737183 -0.675693
    outer loop
      vertex 125.045 -7.67132 -38.6787
      vertex 129.545 -7.84813 -38.8716
      vertex 125.045 -7.84813 -38.8716
    endloop
  endfacet
  facet normal 0 -0.382824 0.923821
    outer loop
      vertex 125.045 -4.28214 -43.5189
      vertex 127.555 -4.52394 -43.6191
      vertex 127.555 -4.28214 -43.5189
    endloop
  endfacet
  facet normal 0 -0.382824 0.923821
    outer loop
      vertex 127.555 -4.52394 -43.6191
      vertex 125.045 -4.28214 -43.5189
      vertex 125.045 -4.52394 -43.6191
    endloop
  endfacet
  facet normal 0 -0.300711 -0.953715
    outer loop
      vertex 125.045 -4.77354 -37.9022
      vertex 129.545 -4.52394 -37.9809
      vertex 129.545 -4.77354 -37.9022
    endloop
  endfacet
  facet normal -0 -0.300711 -0.953715
    outer loop
      vertex 129.545 -4.52394 -37.9809
      vertex 125.045 -4.77354 -37.9022
      vertex 125.045 -4.52394 -37.9809
    endloop
  endfacet
  facet normal 0 -0.130672 0.991426
    outer loop
      vertex 125.045 -5.02905 -43.7544
      vertex 127.555 -5.28853 -43.7886
      vertex 127.555 -5.02905 -43.7544
    endloop
  endfacet
  facet normal 0 -0.130672 0.991426
    outer loop
      vertex 127.555 -5.28853 -43.7886
      vertex 125.045 -5.02905 -43.7544
      vertex 125.045 -5.28853 -43.7886
    endloop
  endfacet
  facet normal 0 -0.953715 -0.300711
    outer loop
      vertex 125.045 -2.65222 -40.0235
      vertex 129.545 -2.73092 -39.7739
      vertex 125.045 -2.73092 -39.7739
    endloop
  endfacet
  facet normal 0 -0.953715 -0.300711
    outer loop
      vertex 129.545 -2.73092 -39.7739
      vertex 125.045 -2.65222 -40.0235
      vertex 129.545 -2.65222 -40.0235
    endloop
  endfacet
  facet normal -0 0.130677 0.991425
    outer loop
      vertex 125.045 -5.81147 -43.7886
      vertex 127.555 -6.07094 -43.7544
      vertex 127.555 -5.81147 -43.7886
    endloop
  endfacet
  facet normal 0 0.130677 0.991425
    outer loop
      vertex 127.555 -6.07094 -43.7544
      vertex 125.045 -5.81147 -43.7886
      vertex 125.045 -6.07094 -43.7544
    endloop
  endfacet
  facet normal 0 0.843359 0.53735
    outer loop
      vertex 127.555 -8.00746 -42.5207
      vertex 125.045 -8.14808 -42.3
      vertex 127.555 -8.14808 -42.3
    endloop
  endfacet
  facet normal 0 0.843359 0.53735
    outer loop
      vertex 125.045 -8.14808 -42.3
      vertex 127.555 -8.00746 -42.5207
      vertex 125.045 -8.00746 -42.5207
    endloop
  endfacet
  facet normal 0 0.843359 -0.53735
    outer loop
      vertex 129.545 -8.14808 -39.3
      vertex 125.045 -8.00746 -39.0793
      vertex 129.545 -8.00746 -39.0793
    endloop
  endfacet
  facet normal 0 0.843359 -0.53735
    outer loop
      vertex 125.045 -8.00746 -39.0793
      vertex 129.545 -8.14808 -39.3
      vertex 125.045 -8.14808 -39.3
    endloop
  endfacet
  facet normal -0 0.300711 0.953715
    outer loop
      vertex 125.045 -6.32646 -43.6978
      vertex 127.555 -6.57606 -43.6191
      vertex 127.555 -6.32646 -43.6978
    endloop
  endfacet
  facet normal 0 0.300711 0.953715
    outer loop
      vertex 127.555 -6.57606 -43.6191
      vertex 125.045 -6.32646 -43.6978
      vertex 125.045 -6.57606 -43.6191
    endloop
  endfacet
  facet normal 0 0.923875 -0.382694
    outer loop
      vertex 129.545 -8.36908 -39.7739
      vertex 125.045 -8.26892 -39.5321
      vertex 129.545 -8.26892 -39.5321
    endloop
  endfacet
  facet normal 0 0.923875 -0.382694
    outer loop
      vertex 125.045 -8.26892 -39.5321
      vertex 129.545 -8.36908 -39.7739
      vertex 125.045 -8.36908 -39.7739
    endloop
  endfacet
  facet normal 0 -0.843359 -0.53735
    outer loop
      vertex 125.045 -2.95192 -39.3
      vertex 129.545 -3.09254 -39.0793
      vertex 125.045 -3.09254 -39.0793
    endloop
  endfacet
  facet normal 0 -0.843359 -0.53735
    outer loop
      vertex 129.545 -3.09254 -39.0793
      vertex 125.045 -2.95192 -39.3
      vertex 129.545 -2.95192 -39.3
    endloop
  endfacet
  facet normal -0 0.382838 0.923816
    outer loop
      vertex 125.045 -6.57606 -43.6191
      vertex 127.555 -6.81785 -43.5189
      vertex 127.555 -6.57606 -43.6191
    endloop
  endfacet
  facet normal 0 0.382838 0.923816
    outer loop
      vertex 127.555 -6.81785 -43.5189
      vertex 125.045 -6.57606 -43.6191
      vertex 125.045 -6.81785 -43.5189
    endloop
  endfacet
  facet normal 0 -0.300711 0.953715
    outer loop
      vertex 125.045 -4.52394 -43.6191
      vertex 127.555 -4.77354 -43.6978
      vertex 127.555 -4.52394 -43.6191
    endloop
  endfacet
  facet normal 0 -0.300711 0.953715
    outer loop
      vertex 127.555 -4.77354 -43.6978
      vertex 125.045 -4.52394 -43.6191
      vertex 125.045 -4.77354 -43.6978
    endloop
  endfacet
  facet normal 0 -0.99144 0.130561
    outer loop
      vertex 125.045 -2.59558 -41.3209
      vertex 127.555 -2.56142 -41.0615
      vertex 125.045 -2.56142 -41.0615
    endloop
  endfacet
  facet normal 0 -0.99144 0.130561
    outer loop
      vertex 127.555 -2.56142 -41.0615
      vertex 125.045 -2.59558 -41.3209
      vertex 127.555 -2.59558 -41.3209
    endloop
  endfacet
  facet normal 0 -0.793445 -0.608642
    outer loop
      vertex 125.045 -3.09254 -39.0793
      vertex 129.545 -3.15337 -39
      vertex 125.045 -3.15337 -39
    endloop
  endfacet
  facet normal 0 -0.793445 -0.608642
    outer loop
      vertex 129.545 -3.15337 -39
      vertex 125.045 -3.09254 -39.0793
      vertex 129.545 -3.09254 -39.0793
    endloop
  endfacet
  facet normal 0 0.886985 0.461798
    outer loop
      vertex 127.555 -8.14808 -42.3
      vertex 125.045 -8.26892 -42.0679
      vertex 127.555 -8.26892 -42.0679
    endloop
  endfacet
  facet normal 0 0.886985 0.461798
    outer loop
      vertex 125.045 -8.26892 -42.0679
      vertex 127.555 -8.14808 -42.3
      vertex 125.045 -8.14808 -42.3
    endloop
  endfacet
  facet normal -0 0.0435583 0.999051
    outer loop
      vertex 125.045 -5.55 -43.8
      vertex 127.555 -5.81147 -43.7886
      vertex 127.555 -5.55 -43.8
    endloop
  endfacet
  facet normal 0 0.0435583 0.999051
    outer loop
      vertex 127.555 -5.81147 -43.7886
      vertex 125.045 -5.55 -43.8
      vertex 125.045 -5.81147 -43.7886
    endloop
  endfacet
  facet normal 0 0.976316 0.216348
    outer loop
      vertex 127.555 -8.44778 -41.5765
      vertex 125.045 -8.50442 -41.3209
      vertex 127.555 -8.50442 -41.3209
    endloop
  endfacet
  facet normal 0 0.976316 0.216348
    outer loop
      vertex 125.045 -8.50442 -41.3209
      vertex 127.555 -8.44778 -41.5765
      vertex 125.045 -8.44778 -41.5765
    endloop
  endfacet
  facet normal -0 0.608954 0.793206
    outer loop
      vertex 125.045 -7.27073 -43.2575
      vertex 127.555 -7.47836 -43.0981
      vertex 127.555 -7.27073 -43.2575
    endloop
  endfacet
  facet normal 0 0.608954 0.793206
    outer loop
      vertex 127.555 -7.47836 -43.0981
      vertex 125.045 -7.27073 -43.2575
      vertex 125.045 -7.47836 -43.0981
    endloop
  endfacet
  facet normal 0 -0.130672 -0.991426
    outer loop
      vertex 125.045 -5.28853 -37.8114
      vertex 129.545 -5.02905 -37.8456
      vertex 129.545 -5.28853 -37.8114
    endloop
  endfacet
  facet normal -0 -0.130672 -0.991426
    outer loop
      vertex 129.545 -5.02905 -37.8456
      vertex 125.045 -5.28853 -37.8114
      vertex 125.045 -5.02905 -37.8456
    endloop
  endfacet
  facet normal -0 0.461599 0.887089
    outer loop
      vertex 125.045 -6.81785 -43.5189
      vertex 127.555 -7.05 -43.3981
      vertex 127.555 -6.81785 -43.5189
    endloop
  endfacet
  facet normal 0 0.461599 0.887089
    outer loop
      vertex 127.555 -7.05 -43.3981
      vertex 125.045 -6.81785 -43.5189
      vertex 125.045 -7.05 -43.3981
    endloop
  endfacet
  facet normal 0 0.976334 -0.216267
    outer loop
      vertex 127.555 -8.45952 -40.0765
      vertex 129.545 -8.44778 -40.0235
      vertex 129.545 -8.45952 -40.0765
    endloop
  endfacet
  facet normal 0 0.976334 -0.216267
    outer loop
      vertex 129.545 -8.44778 -40.0235
      vertex 127.555 -8.45952 -40.0765
      vertex 125.045 -8.44778 -40.0235
    endloop
  endfacet
  facet normal 0 0.976312 -0.216369
    outer loop
      vertex 125.045 -8.50442 -40.2791
      vertex 127.555 -8.45952 -40.0765
      vertex 127.555 -8.50442 -40.2791
    endloop
  endfacet
  facet normal -1.78963e-06 0.976316 -0.216348
    outer loop
      vertex 127.555 -8.45952 -40.0765
      vertex 125.045 -8.50442 -40.2791
      vertex 125.045 -8.44778 -40.0235
    endloop
  endfacet
  facet normal 0 -0.793434 0.608656
    outer loop
      vertex 125.045 -3.25187 -42.7284
      vertex 127.555 -3.09254 -42.5207
      vertex 125.045 -3.09254 -42.5207
    endloop
  endfacet
  facet normal 0 -0.793434 0.608656
    outer loop
      vertex 127.555 -3.09254 -42.5207
      vertex 125.045 -3.25187 -42.7284
      vertex 127.555 -3.25187 -42.7284
    endloop
  endfacet
  facet normal 0 0.953715 -0.300711
    outer loop
      vertex 129.545 -8.44778 -40.0235
      vertex 125.045 -8.36908 -39.7739
      vertex 129.545 -8.36908 -39.7739
    endloop
  endfacet
  facet normal 0 0.953715 -0.300711
    outer loop
      vertex 125.045 -8.36908 -39.7739
      vertex 129.545 -8.44778 -40.0235
      vertex 125.045 -8.44778 -40.0235
    endloop
  endfacet
  facet normal -0 0.675559 0.737306
    outer loop
      vertex 125.045 -7.47836 -43.0981
      vertex 127.555 -7.67132 -42.9213
      vertex 127.555 -7.47836 -43.0981
    endloop
  endfacet
  facet normal 0 0.675559 0.737306
    outer loop
      vertex 127.555 -7.67132 -42.9213
      vertex 125.045 -7.47836 -43.0981
      vertex 125.045 -7.67132 -42.9213
    endloop
  endfacet
  facet normal 0 -0.976316 0.216348
    outer loop
      vertex 125.045 -2.65222 -41.5765
      vertex 127.555 -2.59558 -41.3209
      vertex 125.045 -2.59558 -41.3209
    endloop
  endfacet
  facet normal 0 -0.976316 0.216348
    outer loop
      vertex 127.555 -2.59558 -41.3209
      vertex 125.045 -2.65222 -41.5765
      vertex 127.555 -2.65222 -41.5765
    endloop
  endfacet
  facet normal 0 0.0435583 -0.999051
    outer loop
      vertex 125.045 -5.81147 -37.8114
      vertex 129.545 -5.55 -37.8
      vertex 129.545 -5.81147 -37.8114
    endloop
  endfacet
  facet normal 0 0.0435583 -0.999051
    outer loop
      vertex 129.545 -5.55 -37.8
      vertex 125.045 -5.81147 -37.8114
      vertex 125.045 -5.55 -37.8
    endloop
  endfacet
  facet normal 0 -0.843359 0.53735
    outer loop
      vertex 125.045 -3.09254 -42.5207
      vertex 127.555 -2.95192 -42.3
      vertex 125.045 -2.95192 -42.3
    endloop
  endfacet
  facet normal 0 -0.843359 0.53735
    outer loop
      vertex 127.555 -2.95192 -42.3
      vertex 125.045 -3.09254 -42.5207
      vertex 127.555 -3.09254 -42.5207
    endloop
  endfacet
  facet normal 0 0.953715 0.300711
    outer loop
      vertex 127.555 -8.36908 -41.8261
      vertex 125.045 -8.44778 -41.5765
      vertex 127.555 -8.44778 -41.5765
    endloop
  endfacet
  facet normal 0 0.953715 0.300711
    outer loop
      vertex 125.045 -8.44778 -41.5765
      vertex 127.555 -8.36908 -41.8261
      vertex 125.045 -8.36908 -41.8261
    endloop
  endfacet
  facet normal 0 -0.461615 0.88708
    outer loop
      vertex 125.045 -4.05 -43.3981
      vertex 127.555 -4.28214 -43.5189
      vertex 127.555 -4.05 -43.3981
    endloop
  endfacet
  facet normal 0 -0.461615 0.88708
    outer loop
      vertex 127.555 -4.28214 -43.5189
      vertex 125.045 -4.05 -43.3981
      vertex 125.045 -4.28214 -43.5189
    endloop
  endfacet
  facet normal 0 -0.537244 0.843427
    outer loop
      vertex 125.045 -3.82927 -43.2575
      vertex 127.555 -4.05 -43.3981
      vertex 127.555 -3.82927 -43.2575
    endloop
  endfacet
  facet normal 0 -0.537244 0.843427
    outer loop
      vertex 127.555 -4.05 -43.3981
      vertex 125.045 -3.82927 -43.2575
      vertex 125.045 -4.05 -43.3981
    endloop
  endfacet
  facet normal 1 0 0
    outer loop
      vertex 125.045 -4.28214 -38.0811
      vertex 125.045 -4.05 -39
      vertex 125.045 -4.05 -38.2019
    endloop
  endfacet
  facet normal 1 0 0
    outer loop
      vertex 125.045 -4.05 -39
      vertex 125.045 -4.12106 -39.975
      vertex 125.045 -4.05459 -40.1027
    endloop
  endfacet
  facet normal 1 0 0
    outer loop
      vertex 125.045 -4.05 -39
      vertex 125.045 -4.1984 -39.8536
      vertex 125.045 -4.12106 -39.975
    endloop
  endfacet
  facet normal 1 0 0
    outer loop
      vertex 125.045 -4.85268 -39.3046
      vertex 125.045 -4.05 -39
      vertex 125.045 -4.28214 -38.0811
    endloop
  endfacet
  facet normal 1 0 0
    outer loop
      vertex 125.045 -4.05 -39
      vertex 125.045 -4.28603 -39.7394
      vertex 125.045 -4.1984 -39.8536
    endloop
  endfacet
  facet normal 1 0 0
    outer loop
      vertex 125.045 -4.05 -39
      vertex 125.045 -4.38327 -39.6333
      vertex 125.045 -4.28603 -39.7394
    endloop
  endfacet
  facet normal 1 0 0
    outer loop
      vertex 125.045 -4.05 -39
      vertex 125.045 -4.4894 -39.536
      vertex 125.045 -4.38327 -39.6333
    endloop
  endfacet
  facet normal 1 0 0
    outer loop
      vertex 125.045 -4.85268 -39.3046
      vertex 125.045 -4.28214 -38.0811
      vertex 125.045 -4.52394 -37.9809
    endloop
  endfacet
  facet normal 1 0 0
    outer loop
      vertex 125.045 -4.05 -39
      vertex 125.045 -4.6036 -39.4484
      vertex 125.045 -4.4894 -39.536
    endloop
  endfacet
  facet normal 1 0 0
    outer loop
      vertex 125.045 -4.05 -39
      vertex 125.045 -4.725 -39.3711
      vertex 125.045 -4.6036 -39.4484
    endloop
  endfacet
  facet normal 1 0 0
    outer loop
      vertex 125.045 -4.98567 -39.2495
      vertex 125.045 -4.52394 -37.9809
      vertex 125.045 -4.77354 -37.9022
    endloop
  endfacet
  facet normal 1 0 0
    outer loop
      vertex 125.045 -4.05 -39
      vertex 125.045 -4.85268 -39.3046
      vertex 125.045 -4.725 -39.3711
    endloop
  endfacet
  facet normal 1 0 0
    outer loop
      vertex 125.045 -4.52394 -37.9809
      vertex 125.045 -4.98567 -39.2495
      vertex 125.045 -4.85268 -39.3046
    endloop
  endfacet
  facet normal 1 0 0
    outer loop
      vertex 125.045 -5.12295 -39.2062
      vertex 125.045 -4.77354 -37.9022
      vertex 125.045 -5.02905 -37.8456
    endloop
  endfacet
  facet normal 1 0 0
    outer loop
      vertex 125.045 -4.77354 -37.9022
      vertex 125.045 -5.12295 -39.2062
      vertex 125.045 -4.98567 -39.2495
    endloop
  endfacet
  facet normal 1 0 0
    outer loop
      vertex 125.045 -5.02905 -37.8456
      vertex 125.045 -5.26348 -39.1751
      vertex 125.045 -5.12295 -39.2062
    endloop
  endfacet
  facet normal 1 0 0
    outer loop
      vertex 125.045 -5.28853 -37.8114
      vertex 125.045 -5.26348 -39.1751
      vertex 125.045 -5.02905 -37.8456
    endloop
  endfacet
  facet normal 1 0 0
    outer loop
      vertex 125.045 -5.28853 -37.8114
      vertex 125.045 -5.40619 -39.1563
      vertex 125.045 -5.26348 -39.1751
    endloop
  endfacet
  facet normal 1 0 0
    outer loop
      vertex 125.045 -5.55 -37.8
      vertex 125.045 -5.40619 -39.1563
      vertex 125.045 -5.28853 -37.8114
    endloop
  endfacet
  facet normal 1 0 0
    outer loop
      vertex 125.045 -5.55 -37.8
      vertex 125.045 -5.55 -39.15
      vertex 125.045 -5.40619 -39.1563
    endloop
  endfacet
  facet normal 1 0 0
    outer loop
      vertex 125.045 -5.55 -37.8
      vertex 125.045 -5.69381 -39.1563
      vertex 125.045 -5.55 -39.15
    endloop
  endfacet
  facet normal 1 -0 0
    outer loop
      vertex 125.045 -5.81147 -37.8114
      vertex 125.045 -5.69381 -39.1563
      vertex 125.045 -5.55 -37.8
    endloop
  endfacet
  facet normal 1 0 0
    outer loop
      vertex 125.045 -5.81147 -37.8114
      vertex 125.045 -5.83652 -39.1751
      vertex 125.045 -5.69381 -39.1563
    endloop
  endfacet
  facet normal 1 -0 0
    outer loop
      vertex 125.045 -6.07094 -37.8456
      vertex 125.045 -5.83652 -39.1751
      vertex 125.045 -5.81147 -37.8114
    endloop
  endfacet
  facet normal 1 0 0
    outer loop
      vertex 125.045 -5.83652 -39.1751
      vertex 125.045 -6.07094 -37.8456
      vertex 125.045 -5.97705 -39.2062
    endloop
  endfacet
  facet normal 1 -0 0
    outer loop
      vertex 125.045 -6.32646 -37.9022
      vertex 125.045 -5.97705 -39.2062
      vertex 125.045 -6.07094 -37.8456
    endloop
  endfacet
  facet normal 1 0 0
    outer loop
      vertex 125.045 -5.97705 -39.2062
      vertex 125.045 -6.32646 -37.9022
      vertex 125.045 -6.11433 -39.2495
    endloop
  endfacet
  facet normal 1 -0 0
    outer loop
      vertex 125.045 -6.57606 -37.9809
      vertex 125.045 -6.11433 -39.2495
      vertex 125.045 -6.32646 -37.9022
    endloop
  endfacet
  facet normal 1 0 0
    outer loop
      vertex 125.045 -6.11433 -39.2495
      vertex 125.045 -6.57606 -37.9809
      vertex 125.045 -6.24732 -39.3046
    endloop
  endfacet
  facet normal 1 -0 0
    outer loop
      vertex 125.045 -6.81785 -38.0811
      vertex 125.045 -6.24732 -39.3046
      vertex 125.045 -6.57606 -37.9809
    endloop
  endfacet
  facet normal 1 0 0
    outer loop
      vertex 125.045 -6.24732 -39.3046
      vertex 125.045 -6.81785 -38.0811
      vertex 125.045 -6.375 -39.3711
    endloop
  endfacet
  facet normal 1 -0 0
    outer loop
      vertex 125.045 -7.05 -38.2019
      vertex 125.045 -6.375 -39.3711
      vertex 125.045 -6.81785 -38.0811
    endloop
  endfacet
  facet normal 1 0 0
    outer loop
      vertex 125.045 -6.375 -39.3711
      vertex 125.045 -7.05 -38.2019
      vertex 125.045 -6.4964 -39.4484
    endloop
  endfacet
  facet normal 1 -0 0
    outer loop
      vertex 125.045 -7.27073 -38.3425
      vertex 125.045 -6.4964 -39.4484
      vertex 125.045 -7.05 -38.2019
    endloop
  endfacet
  facet normal 1 0 0
    outer loop
      vertex 125.045 -6.4964 -39.4484
      vertex 125.045 -7.27073 -38.3425
      vertex 125.045 -6.6106 -39.536
    endloop
  endfacet
  facet normal 1 -0 0
    outer loop
      vertex 125.045 -7.47836 -38.5019
      vertex 125.045 -6.6106 -39.536
      vertex 125.045 -7.27073 -38.3425
    endloop
  endfacet
  facet normal 1 0 0
    outer loop
      vertex 125.045 -6.6106 -39.536
      vertex 125.045 -7.47836 -38.5019
      vertex 125.045 -6.71673 -39.6333
    endloop
  endfacet
  facet normal 1 -0 0
    outer loop
      vertex 125.045 -7.67132 -38.6787
      vertex 125.045 -6.71673 -39.6333
      vertex 125.045 -7.47836 -38.5019
    endloop
  endfacet
  facet normal 1 0 0
    outer loop
      vertex 125.045 -6.71673 -39.6333
      vertex 125.045 -7.67132 -38.6787
      vertex 125.045 -6.81397 -39.7394
    endloop
  endfacet
  facet normal 1 -0 0
    outer loop
      vertex 125.045 -7.84813 -38.8716
      vertex 125.045 -6.81397 -39.7394
      vertex 125.045 -7.67132 -38.6787
    endloop
  endfacet
  facet normal 1 0 0
    outer loop
      vertex 125.045 -6.81397 -39.7394
      vertex 125.045 -7.84813 -38.8716
      vertex 125.045 -6.9016 -39.8536
    endloop
  endfacet
  facet normal 1 -0 0
    outer loop
      vertex 125.045 -8.00746 -39.0793
      vertex 125.045 -6.9016 -39.8536
      vertex 125.045 -7.84813 -38.8716
    endloop
  endfacet
  facet normal 1 0 0
    outer loop
      vertex 125.045 -6.9016 -39.8536
      vertex 125.045 -8.00746 -39.0793
      vertex 125.045 -6.97894 -39.975
    endloop
  endfacet
  facet normal 1 0 0
    outer loop
      vertex 125.045 -6.97894 -39.975
      vertex 125.045 -8.14808 -39.3
      vertex 125.045 -7.04541 -40.1027
    endloop
  endfacet
  facet normal 1 -0 0
    outer loop
      vertex 125.045 -8.14808 -39.3
      vertex 125.045 -6.97894 -39.975
      vertex 125.045 -8.00746 -39.0793
    endloop
  endfacet
  facet normal 1 0 0
    outer loop
      vertex 125.045 -3.9 -40.8
      vertex 125.045 -2.55 -40.8
      vertex 125.045 -2.56142 -40.5385
    endloop
  endfacet
  facet normal 1 0 0
    outer loop
      vertex 125.045 -3.90628 -40.6562
      vertex 125.045 -2.56142 -40.5385
      vertex 125.045 -2.59558 -40.2791
    endloop
  endfacet
  facet normal 1 0 0
    outer loop
      vertex 125.045 -2.55 -40.8
      vertex 125.045 -3.9 -40.8
      vertex 125.045 -2.56142 -41.0615
    endloop
  endfacet
  facet normal 1 0 0
    outer loop
      vertex 125.045 -3.92507 -40.5135
      vertex 125.045 -2.59558 -40.2791
      vertex 125.045 -2.65222 -40.0235
    endloop
  endfacet
  facet normal 1 -0 0
    outer loop
      vertex 125.045 -3.90628 -40.9438
      vertex 125.045 -2.56142 -41.0615
      vertex 125.045 -3.9 -40.8
    endloop
  endfacet
  facet normal 1 0 0
    outer loop
      vertex 125.045 -3.95622 -40.3729
      vertex 125.045 -2.65222 -40.0235
      vertex 125.045 -2.73092 -39.7739
    endloop
  endfacet
  facet normal 1 0 0
    outer loop
      vertex 125.045 -2.56142 -41.0615
      vertex 125.045 -3.90628 -40.9438
      vertex 125.045 -2.59558 -41.3209
    endloop
  endfacet
  facet normal 1 0 0
    outer loop
      vertex 125.045 -3.99951 -40.2357
      vertex 125.045 -2.73092 -39.7739
      vertex 125.045 -2.83108 -39.5321
    endloop
  endfacet
  facet normal 1 -0 0
    outer loop
      vertex 125.045 -3.92507 -41.0865
      vertex 125.045 -2.59558 -41.3209
      vertex 125.045 -3.90628 -40.9438
    endloop
  endfacet
  facet normal 1 0 0
    outer loop
      vertex 125.045 -4.05459 -40.1027
      vertex 125.045 -2.83108 -39.5321
      vertex 125.045 -2.95192 -39.3
    endloop
  endfacet
  facet normal 1 0 0
    outer loop
      vertex 125.045 -2.59558 -41.3209
      vertex 125.045 -3.92507 -41.0865
      vertex 125.045 -2.65222 -41.5765
    endloop
  endfacet
  facet normal 1 0 0
    outer loop
      vertex 125.045 -4.05459 -40.1027
      vertex 125.045 -2.95192 -39.3
      vertex 125.045 -3.09254 -39.0793
    endloop
  endfacet
  facet normal 1 -0 0
    outer loop
      vertex 125.045 -3.95622 -41.2271
      vertex 125.045 -2.65222 -41.5765
      vertex 125.045 -3.92507 -41.0865
    endloop
  endfacet
  facet normal 1 -0 0
    outer loop
      vertex 125.045 -4.05 -39
      vertex 125.045 -3.09254 -39.0793
      vertex 125.045 -3.15337 -39
    endloop
  endfacet
  facet normal 1 0 0
    outer loop
      vertex 125.045 -2.65222 -41.5765
      vertex 125.045 -3.95622 -41.2271
      vertex 125.045 -2.73092 -41.8261
    endloop
  endfacet
  facet normal 1 -0 0
    outer loop
      vertex 125.045 -3.99951 -41.3643
      vertex 125.045 -2.73092 -41.8261
      vertex 125.045 -3.95622 -41.2271
    endloop
  endfacet
  facet normal 1 -0 0
    outer loop
      vertex 125.045 -4.05459 -41.4973
      vertex 125.045 -2.83108 -42.0679
      vertex 125.045 -3.99951 -41.3643
    endloop
  endfacet
  facet normal 1 0 0
    outer loop
      vertex 125.045 -2.83108 -42.0679
      vertex 125.045 -4.05459 -41.4973
      vertex 125.045 -2.95192 -42.3
    endloop
  endfacet
  facet normal 1 0 0
    outer loop
      vertex 125.045 -2.73092 -41.8261
      vertex 125.045 -3.99951 -41.3643
      vertex 125.045 -2.83108 -42.0679
    endloop
  endfacet
  facet normal 1 0 0
    outer loop
      vertex 125.045 -2.56142 -40.5385
      vertex 125.045 -3.90628 -40.6562
      vertex 125.045 -3.9 -40.8
    endloop
  endfacet
  facet normal 1 0 0
    outer loop
      vertex 125.045 -2.59558 -40.2791
      vertex 125.045 -3.92507 -40.5135
      vertex 125.045 -3.90628 -40.6562
    endloop
  endfacet
  facet normal 1 0 0
    outer loop
      vertex 125.045 -2.65222 -40.0235
      vertex 125.045 -3.95622 -40.3729
      vertex 125.045 -3.92507 -40.5135
    endloop
  endfacet
  facet normal 1 0 0
    outer loop
      vertex 125.045 -2.73092 -39.7739
      vertex 125.045 -3.99951 -40.2357
      vertex 125.045 -3.95622 -40.3729
    endloop
  endfacet
  facet normal 1 0 0
    outer loop
      vertex 125.045 -3.09254 -39.0793
      vertex 125.045 -4.05 -39
      vertex 125.045 -4.05459 -40.1027
    endloop
  endfacet
  facet normal 1 0 0
    outer loop
      vertex 125.045 -2.83108 -39.5321
      vertex 125.045 -4.05459 -40.1027
      vertex 125.045 -3.99951 -40.2357
    endloop
  endfacet
  facet normal 1 -0 0
    outer loop
      vertex 125.045 -4.12106 -41.625
      vertex 125.045 -2.95192 -42.3
      vertex 125.045 -4.05459 -41.4973
    endloop
  endfacet
  facet normal 1 0 0
    outer loop
      vertex 125.045 -2.95192 -42.3
      vertex 125.045 -4.12106 -41.625
      vertex 125.045 -3.09254 -42.5207
    endloop
  endfacet
  facet normal 1 -0 0
    outer loop
      vertex 125.045 -4.1984 -41.7464
      vertex 125.045 -3.09254 -42.5207
      vertex 125.045 -4.12106 -41.625
    endloop
  endfacet
  facet normal 1 0 0
    outer loop
      vertex 125.045 -3.09254 -42.5207
      vertex 125.045 -4.1984 -41.7464
      vertex 125.045 -3.25187 -42.7284
    endloop
  endfacet
  facet normal 1 -0 0
    outer loop
      vertex 125.045 -4.28603 -41.8606
      vertex 125.045 -3.25187 -42.7284
      vertex 125.045 -4.1984 -41.7464
    endloop
  endfacet
  facet normal 1 0 0
    outer loop
      vertex 125.045 -3.25187 -42.7284
      vertex 125.045 -4.28603 -41.8606
      vertex 125.045 -3.42868 -42.9213
    endloop
  endfacet
  facet normal 1 -0 0
    outer loop
      vertex 125.045 -4.38327 -41.9667
      vertex 125.045 -3.42868 -42.9213
      vertex 125.045 -4.28603 -41.8606
    endloop
  endfacet
  facet normal 1 0 0
    outer loop
      vertex 125.045 -3.42868 -42.9213
      vertex 125.045 -4.38327 -41.9667
      vertex 125.045 -3.62164 -43.0981
    endloop
  endfacet
  facet normal 1 -0 0
    outer loop
      vertex 125.045 -4.4894 -42.064
      vertex 125.045 -3.62164 -43.0981
      vertex 125.045 -4.38327 -41.9667
    endloop
  endfacet
  facet normal 1 0 0
    outer loop
      vertex 125.045 -3.62164 -43.0981
      vertex 125.045 -4.4894 -42.064
      vertex 125.045 -3.82927 -43.2575
    endloop
  endfacet
  facet normal 1 -0 0
    outer loop
      vertex 125.045 -4.6036 -42.1516
      vertex 125.045 -3.82927 -43.2575
      vertex 125.045 -4.4894 -42.064
    endloop
  endfacet
  facet normal 1 0 0
    outer loop
      vertex 125.045 -3.82927 -43.2575
      vertex 125.045 -4.6036 -42.1516
      vertex 125.045 -4.05 -43.3981
    endloop
  endfacet
  facet normal 1 -0 0
    outer loop
      vertex 125.045 -4.725 -42.2289
      vertex 125.045 -4.05 -43.3981
      vertex 125.045 -4.6036 -42.1516
    endloop
  endfacet
  facet normal 1 0 0
    outer loop
      vertex 125.045 -4.05 -43.3981
      vertex 125.045 -4.725 -42.2289
      vertex 125.045 -4.28214 -43.5189
    endloop
  endfacet
  facet normal 1 -0 0
    outer loop
      vertex 125.045 -4.85268 -42.2954
      vertex 125.045 -4.28214 -43.5189
      vertex 125.045 -4.725 -42.2289
    endloop
  endfacet
  facet normal 1 0 0
    outer loop
      vertex 125.045 -4.28214 -43.5189
      vertex 125.045 -4.85268 -42.2954
      vertex 125.045 -4.52394 -43.6191
    endloop
  endfacet
  facet normal 1 -0 0
    outer loop
      vertex 125.045 -4.98567 -42.3505
      vertex 125.045 -4.52394 -43.6191
      vertex 125.045 -4.85268 -42.2954
    endloop
  endfacet
  facet normal 1 0 0
    outer loop
      vertex 125.045 -4.52394 -43.6191
      vertex 125.045 -4.98567 -42.3505
      vertex 125.045 -4.77354 -43.6978
    endloop
  endfacet
  facet normal 1 -0 0
    outer loop
      vertex 125.045 -5.12295 -42.3938
      vertex 125.045 -4.77354 -43.6978
      vertex 125.045 -4.98567 -42.3505
    endloop
  endfacet
  facet normal 1 0 0
    outer loop
      vertex 125.045 -4.77354 -43.6978
      vertex 125.045 -5.12295 -42.3938
      vertex 125.045 -5.02905 -43.7544
    endloop
  endfacet
  facet normal 1 -0 0
    outer loop
      vertex 125.045 -5.26348 -42.4249
      vertex 125.045 -5.02905 -43.7544
      vertex 125.045 -5.12295 -42.3938
    endloop
  endfacet
  facet normal 1 0 0
    outer loop
      vertex 125.045 -5.26348 -42.4249
      vertex 125.045 -5.28853 -43.7886
      vertex 125.045 -5.02905 -43.7544
    endloop
  endfacet
  facet normal 1 -0 0
    outer loop
      vertex 125.045 -5.40619 -42.4437
      vertex 125.045 -5.28853 -43.7886
      vertex 125.045 -5.26348 -42.4249
    endloop
  endfacet
  facet normal 1 -0 0
    outer loop
      vertex 125.045 -5.55 -42.45
      vertex 125.045 -5.28853 -43.7886
      vertex 125.045 -5.40619 -42.4437
    endloop
  endfacet
  facet normal 1 0 0
    outer loop
      vertex 125.045 -5.55 -42.45
      vertex 125.045 -5.55 -43.8
      vertex 125.045 -5.28853 -43.7886
    endloop
  endfacet
  facet normal 1 0 0
    outer loop
      vertex 125.045 -5.69381 -42.4437
      vertex 125.045 -5.55 -43.8
      vertex 125.045 -5.55 -42.45
    endloop
  endfacet
  facet normal 1 0 0
    outer loop
      vertex 125.045 -5.69381 -42.4437
      vertex 125.045 -5.81147 -43.7886
      vertex 125.045 -5.55 -43.8
    endloop
  endfacet
  facet normal 1 0 0
    outer loop
      vertex 125.045 -5.83652 -42.4249
      vertex 125.045 -5.81147 -43.7886
      vertex 125.045 -5.69381 -42.4437
    endloop
  endfacet
  facet normal 1 0 0
    outer loop
      vertex 125.045 -6.07094 -43.7544
      vertex 125.045 -5.83652 -42.4249
      vertex 125.045 -5.97705 -42.3938
    endloop
  endfacet
  facet normal 1 0 0
    outer loop
      vertex 125.045 -5.83652 -42.4249
      vertex 125.045 -6.07094 -43.7544
      vertex 125.045 -5.81147 -43.7886
    endloop
  endfacet
  facet normal 1 0 0
    outer loop
      vertex 125.045 -6.32646 -43.6978
      vertex 125.045 -5.97705 -42.3938
      vertex 125.045 -6.11433 -42.3505
    endloop
  endfacet
  facet normal 1 0 0
    outer loop
      vertex 125.045 -6.57606 -43.6191
      vertex 125.045 -6.11433 -42.3505
      vertex 125.045 -6.24732 -42.2954
    endloop
  endfacet
  facet normal 1 0 0
    outer loop
      vertex 125.045 -5.97705 -42.3938
      vertex 125.045 -6.32646 -43.6978
      vertex 125.045 -6.07094 -43.7544
    endloop
  endfacet
  facet normal 1 0 0
    outer loop
      vertex 125.045 -6.81785 -43.5189
      vertex 125.045 -6.24732 -42.2954
      vertex 125.045 -6.375 -42.2289
    endloop
  endfacet
  facet normal 1 0 0
    outer loop
      vertex 125.045 -7.05 -43.3981
      vertex 125.045 -6.375 -42.2289
      vertex 125.045 -6.4964 -42.1516
    endloop
  endfacet
  facet normal 1 0 0
    outer loop
      vertex 125.045 -6.11433 -42.3505
      vertex 125.045 -6.57606 -43.6191
      vertex 125.045 -6.32646 -43.6978
    endloop
  endfacet
  facet normal 1 0 0
    outer loop
      vertex 125.045 -7.27073 -43.2575
      vertex 125.045 -6.4964 -42.1516
      vertex 125.045 -6.6106 -42.064
    endloop
  endfacet
  facet normal 1 0 0
    outer loop
      vertex 125.045 -7.47836 -43.0981
      vertex 125.045 -6.6106 -42.064
      vertex 125.045 -6.71673 -41.9667
    endloop
  endfacet
  facet normal 1 0 0
    outer loop
      vertex 125.045 -7.67132 -42.9213
      vertex 125.045 -6.71673 -41.9667
      vertex 125.045 -6.81397 -41.8606
    endloop
  endfacet
  facet normal 1 0 0
    outer loop
      vertex 125.045 -6.24732 -42.2954
      vertex 125.045 -6.81785 -43.5189
      vertex 125.045 -6.57606 -43.6191
    endloop
  endfacet
  facet normal 1 0 0
    outer loop
      vertex 125.045 -7.84813 -42.7284
      vertex 125.045 -6.81397 -41.8606
      vertex 125.045 -6.9016 -41.7464
    endloop
  endfacet
  facet normal 1 0 0
    outer loop
      vertex 125.045 -8.00746 -42.5207
      vertex 125.045 -6.9016 -41.7464
      vertex 125.045 -6.97894 -41.625
    endloop
  endfacet
  facet normal 1 0 0
    outer loop
      vertex 125.045 -8.14808 -42.3
      vertex 125.045 -6.97894 -41.625
      vertex 125.045 -7.04541 -41.4973
    endloop
  endfacet
  facet normal 1 0 0
    outer loop
      vertex 125.045 -6.375 -42.2289
      vertex 125.045 -7.05 -43.3981
      vertex 125.045 -6.81785 -43.5189
    endloop
  endfacet
  facet normal 1 0 0
    outer loop
      vertex 125.045 -8.26892 -42.0679
      vertex 125.045 -7.04541 -41.4973
      vertex 125.045 -7.10049 -41.3643
    endloop
  endfacet
  facet normal 1 0 0
    outer loop
      vertex 125.045 -8.36908 -41.8261
      vertex 125.045 -7.10049 -41.3643
      vertex 125.045 -7.14378 -41.2271
    endloop
  endfacet
  facet normal 1 0 0
    outer loop
      vertex 125.045 -8.44778 -41.5765
      vertex 125.045 -7.14378 -41.2271
      vertex 125.045 -7.17493 -41.0865
    endloop
  endfacet
  facet normal 1 0 0
    outer loop
      vertex 125.045 -8.50442 -41.3209
      vertex 125.045 -7.17493 -41.0865
      vertex 125.045 -7.19372 -40.9438
    endloop
  endfacet
  facet normal 1 0 0
    outer loop
      vertex 125.045 -6.4964 -42.1516
      vertex 125.045 -7.27073 -43.2575
      vertex 125.045 -7.05 -43.3981
    endloop
  endfacet
  facet normal 1 0 0
    outer loop
      vertex 125.045 -8.53858 -41.0615
      vertex 125.045 -7.19372 -40.9438
      vertex 125.045 -7.2 -40.8
    endloop
  endfacet
  facet normal 1 -0 0
    outer loop
      vertex 125.045 -8.26892 -39.5321
      vertex 125.045 -7.04541 -40.1027
      vertex 125.045 -8.14808 -39.3
    endloop
  endfacet
  facet normal 1 0 0
    outer loop
      vertex 125.045 -7.04541 -40.1027
      vertex 125.045 -8.26892 -39.5321
      vertex 125.045 -7.10049 -40.2357
    endloop
  endfacet
  facet normal 1 0 0
    outer loop
      vertex 125.045 -6.6106 -42.064
      vertex 125.045 -7.47836 -43.0981
      vertex 125.045 -7.27073 -43.2575
    endloop
  endfacet
  facet normal 1 -0 0
    outer loop
      vertex 125.045 -8.36908 -39.7739
      vertex 125.045 -7.10049 -40.2357
      vertex 125.045 -8.26892 -39.5321
    endloop
  endfacet
  facet normal 1 0 0
    outer loop
      vertex 125.045 -6.71673 -41.9667
      vertex 125.045 -7.67132 -42.9213
      vertex 125.045 -7.47836 -43.0981
    endloop
  endfacet
  facet normal 1 0 0
    outer loop
      vertex 125.045 -7.10049 -40.2357
      vertex 125.045 -8.36908 -39.7739
      vertex 125.045 -7.14378 -40.3729
    endloop
  endfacet
  facet normal 1 0 0
    outer loop
      vertex 125.045 -6.81397 -41.8606
      vertex 125.045 -7.84813 -42.7284
      vertex 125.045 -7.67132 -42.9213
    endloop
  endfacet
  facet normal 1 -0 0
    outer loop
      vertex 125.045 -8.44778 -40.0235
      vertex 125.045 -7.14378 -40.3729
      vertex 125.045 -8.36908 -39.7739
    endloop
  endfacet
  facet normal 1 0 0
    outer loop
      vertex 125.045 -6.9016 -41.7464
      vertex 125.045 -8.00746 -42.5207
      vertex 125.045 -7.84813 -42.7284
    endloop
  endfacet
  facet normal 1 0 0
    outer loop
      vertex 125.045 -7.14378 -40.3729
      vertex 125.045 -8.44778 -40.0235
      vertex 125.045 -7.17493 -40.5135
    endloop
  endfacet
  facet normal 1 0 0
    outer loop
      vertex 125.045 -6.97894 -41.625
      vertex 125.045 -8.14808 -42.3
      vertex 125.045 -8.00746 -42.5207
    endloop
  endfacet
  facet normal 1 -0 0
    outer loop
      vertex 125.045 -8.50442 -40.2791
      vertex 125.045 -7.17493 -40.5135
      vertex 125.045 -8.44778 -40.0235
    endloop
  endfacet
  facet normal 1 0 0
    outer loop
      vertex 125.045 -7.04541 -41.4973
      vertex 125.045 -8.26892 -42.0679
      vertex 125.045 -8.14808 -42.3
    endloop
  endfacet
  facet normal 1 0 0
    outer loop
      vertex 125.045 -7.17493 -40.5135
      vertex 125.045 -8.50442 -40.2791
      vertex 125.045 -7.19372 -40.6562
    endloop
  endfacet
  facet normal 1 0 0
    outer loop
      vertex 125.045 -7.10049 -41.3643
      vertex 125.045 -8.36908 -41.8261
      vertex 125.045 -8.26892 -42.0679
    endloop
  endfacet
  facet normal 1 -0 0
    outer loop
      vertex 125.045 -8.53858 -40.5385
      vertex 125.045 -7.19372 -40.6562
      vertex 125.045 -8.50442 -40.2791
    endloop
  endfacet
  facet normal 1 0 0
    outer loop
      vertex 125.045 -7.14378 -41.2271
      vertex 125.045 -8.44778 -41.5765
      vertex 125.045 -8.36908 -41.8261
    endloop
  endfacet
  facet normal 1 0 0
    outer loop
      vertex 125.045 -7.19372 -40.6562
      vertex 125.045 -8.53858 -40.5385
      vertex 125.045 -7.2 -40.8
    endloop
  endfacet
  facet normal 1 0 0
    outer loop
      vertex 125.045 -7.17493 -41.0865
      vertex 125.045 -8.50442 -41.3209
      vertex 125.045 -8.44778 -41.5765
    endloop
  endfacet
  facet normal 1 0 0
    outer loop
      vertex 125.045 -8.55 -40.8
      vertex 125.045 -7.2 -40.8
      vertex 125.045 -8.53858 -40.5385
    endloop
  endfacet
  facet normal 1 0 0
    outer loop
      vertex 125.045 -7.19372 -40.9438
      vertex 125.045 -8.53858 -41.0615
      vertex 125.045 -8.50442 -41.3209
    endloop
  endfacet
  facet normal 1 0 0
    outer loop
      vertex 125.045 -7.2 -40.8
      vertex 125.045 -8.55 -40.8
      vertex 125.045 -8.53858 -41.0615
    endloop
  endfacet
  facet normal 0 -0.923875 -0.382694
    outer loop
      vertex 125.045 -2.73092 -39.7739
      vertex 129.545 -2.83108 -39.5321
      vertex 125.045 -2.83108 -39.5321
    endloop
  endfacet
  facet normal 0 -0.923875 -0.382694
    outer loop
      vertex 129.545 -2.83108 -39.5321
      vertex 125.045 -2.73092 -39.7739
      vertex 129.545 -2.73092 -39.7739
    endloop
  endfacet
  facet normal 0 -0.886985 -0.461798
    outer loop
      vertex 125.045 -2.83108 -39.5321
      vertex 129.545 -2.95192 -39.3
      vertex 125.045 -2.95192 -39.3
    endloop
  endfacet
  facet normal 0 -0.886985 -0.461798
    outer loop
      vertex 129.545 -2.95192 -39.3
      vertex 125.045 -2.83108 -39.5321
      vertex 129.545 -2.83108 -39.5321
    endloop
  endfacet
  facet normal 0 0.608954 -0.793206
    outer loop
      vertex 125.045 -7.47836 -38.5019
      vertex 129.545 -7.27073 -38.3425
      vertex 129.545 -7.47836 -38.5019
    endloop
  endfacet
  facet normal 0 0.608954 -0.793206
    outer loop
      vertex 129.545 -7.27073 -38.3425
      vertex 125.045 -7.47836 -38.5019
      vertex 125.045 -7.27073 -38.3425
    endloop
  endfacet
  facet normal 0 0.537244 -0.843427
    outer loop
      vertex 125.045 -7.27073 -38.3425
      vertex 129.545 -7.05 -38.2019
      vertex 129.545 -7.27073 -38.3425
    endloop
  endfacet
  facet normal 0 0.537244 -0.843427
    outer loop
      vertex 129.545 -7.05 -38.2019
      vertex 125.045 -7.27073 -38.3425
      vertex 125.045 -7.05 -38.2019
    endloop
  endfacet
  facet normal 0 0.793434 -0.608656
    outer loop
      vertex 129.545 -8.00746 -39.0793
      vertex 125.045 -7.84813 -38.8716
      vertex 129.545 -7.84813 -38.8716
    endloop
  endfacet
  facet normal 0 0.793434 -0.608656
    outer loop
      vertex 125.045 -7.84813 -38.8716
      vertex 129.545 -8.00746 -39.0793
      vertex 125.045 -8.00746 -39.0793
    endloop
  endfacet
  facet normal 0 -0.886985 0.461798
    outer loop
      vertex 125.045 -2.95192 -42.3
      vertex 127.555 -2.83108 -42.0679
      vertex 125.045 -2.83108 -42.0679
    endloop
  endfacet
  facet normal 0 -0.886985 0.461798
    outer loop
      vertex 127.555 -2.83108 -42.0679
      vertex 125.045 -2.95192 -42.3
      vertex 127.555 -2.95192 -42.3
    endloop
  endfacet
  facet normal -0 0.216267 0.976334
    outer loop
      vertex 125.045 -6.07094 -43.7544
      vertex 127.555 -6.32646 -43.6978
      vertex 127.555 -6.07094 -43.7544
    endloop
  endfacet
  facet normal 0 0.216267 0.976334
    outer loop
      vertex 127.555 -6.32646 -43.6978
      vertex 125.045 -6.07094 -43.7544
      vertex 125.045 -6.32646 -43.6978
    endloop
  endfacet
  facet normal 0 0.886985 -0.461798
    outer loop
      vertex 129.545 -8.26892 -39.5321
      vertex 125.045 -8.14808 -39.3
      vertex 129.545 -8.14808 -39.3
    endloop
  endfacet
  facet normal 0 0.886985 -0.461798
    outer loop
      vertex 125.045 -8.14808 -39.3
      vertex 129.545 -8.26892 -39.5321
      vertex 125.045 -8.26892 -39.5321
    endloop
  endfacet
  facet normal 0 0.999048 0.0436295
    outer loop
      vertex 127.555 -8.53858 -41.0615
      vertex 125.045 -8.55 -40.8
      vertex 127.555 -8.55 -40.8
    endloop
  endfacet
  facet normal 0 0.999048 0.0436295
    outer loop
      vertex 125.045 -8.55 -40.8
      vertex 127.555 -8.53858 -41.0615
      vertex 125.045 -8.53858 -41.0615
    endloop
  endfacet
  facet normal 0 -0.461615 -0.88708
    outer loop
      vertex 125.045 -4.28214 -38.0811
      vertex 129.545 -4.05 -38.2019
      vertex 129.545 -4.28214 -38.0811
    endloop
  endfacet
  facet normal -0 -0.461615 -0.88708
    outer loop
      vertex 129.545 -4.05 -38.2019
      vertex 125.045 -4.28214 -38.0811
      vertex 125.045 -4.05 -38.2019
    endloop
  endfacet
  facet normal 0 -0.0435583 0.999051
    outer loop
      vertex 125.045 -5.28853 -43.7886
      vertex 127.555 -5.55 -43.8
      vertex 127.555 -5.28853 -43.7886
    endloop
  endfacet
  facet normal 0 -0.0435583 0.999051
    outer loop
      vertex 127.555 -5.55 -43.8
      vertex 125.045 -5.28853 -43.7886
      vertex 125.045 -5.55 -43.8
    endloop
  endfacet
  facet normal 0 -0.382824 -0.923821
    outer loop
      vertex 125.045 -4.52394 -37.9809
      vertex 129.545 -4.28214 -38.0811
      vertex 129.545 -4.52394 -37.9809
    endloop
  endfacet
  facet normal -0 -0.382824 -0.923821
    outer loop
      vertex 129.545 -4.28214 -38.0811
      vertex 125.045 -4.52394 -37.9809
      vertex 125.045 -4.28214 -38.0811
    endloop
  endfacet
  facet normal -0 0.537244 0.843427
    outer loop
      vertex 125.045 -7.05 -43.3981
      vertex 127.555 -7.27073 -43.2575
      vertex 127.555 -7.05 -43.3981
    endloop
  endfacet
  facet normal 0 0.537244 0.843427
    outer loop
      vertex 127.555 -7.27073 -43.2575
      vertex 125.045 -7.05 -43.3981
      vertex 125.045 -7.27073 -43.2575
    endloop
  endfacet
  facet normal 0 0.991442 0.130548
    outer loop
      vertex 125.045 -7.17493 40.5135
      vertex 117.545 -7.19372 40.6562
      vertex 125.045 -7.19372 40.6562
    endloop
  endfacet
  facet normal 0 0.991442 0.130548
    outer loop
      vertex 117.545 -7.19372 40.6562
      vertex 125.045 -7.17493 40.5135
      vertex 117.545 -7.17493 40.5135
    endloop
  endfacet
  facet normal -0 0.608636 0.79345
    outer loop
      vertex 117.545 -6.4964 39.4484
      vertex 125.045 -6.6106 39.536
      vertex 125.045 -6.4964 39.4484
    endloop
  endfacet
  facet normal 0 0.608636 0.79345
    outer loop
      vertex 125.045 -6.6106 39.536
      vertex 117.545 -6.4964 39.4484
      vertex 117.545 -6.6106 39.536
    endloop
  endfacet
  facet normal 0 0.843392 0.537298
    outer loop
      vertex 125.045 -6.9016 39.8536
      vertex 117.545 -6.97894 39.975
      vertex 125.045 -6.97894 39.975
    endloop
  endfacet
  facet normal 0 0.843392 0.537298
    outer loop
      vertex 117.545 -6.97894 39.975
      vertex 125.045 -6.9016 39.8536
      vertex 117.545 -6.9016 39.8536
    endloop
  endfacet
  facet normal 0 -0.999048 -0.0436302
    outer loop
      vertex 117.545 -3.9 40.8
      vertex 125.045 -3.90628 40.9438
      vertex 117.545 -3.90628 40.9438
    endloop
  endfacet
  facet normal 0 -0.999048 -0.0436302
    outer loop
      vertex 125.045 -3.90628 40.9438
      vertex 117.545 -3.9 40.8
      vertex 125.045 -3.9 40.8
    endloop
  endfacet
  facet normal -0 0.461934 0.886914
    outer loop
      vertex 117.545 -6.24732 39.3046
      vertex 125.045 -6.375 39.3711
      vertex 125.045 -6.24732 39.3046
    endloop
  endfacet
  facet normal 0 0.461934 0.886914
    outer loop
      vertex 125.045 -6.375 39.3711
      vertex 117.545 -6.24732 39.3046
      vertex 117.545 -6.375 39.3711
    endloop
  endfacet
  facet normal 0 -0.608636 0.79345
    outer loop
      vertex 117.545 -4.4894 39.536
      vertex 125.045 -4.6036 39.4484
      vertex 125.045 -4.4894 39.536
    endloop
  endfacet
  facet normal 0 -0.608636 0.79345
    outer loop
      vertex 125.045 -4.6036 39.4484
      vertex 117.545 -4.4894 39.536
      vertex 117.545 -4.6036 39.4484
    endloop
  endfacet
  facet normal 0 0.991442 -0.130548
    outer loop
      vertex 125.045 -7.19372 40.9438
      vertex 117.545 -7.17493 41.0865
      vertex 125.045 -7.17493 41.0865
    endloop
  endfacet
  facet normal 0 0.991442 -0.130548
    outer loop
      vertex 117.545 -7.17493 41.0865
      vertex 125.045 -7.19372 40.9438
      vertex 117.545 -7.19372 40.9438
    endloop
  endfacet
  facet normal 0 -0.216077 -0.976376
    outer loop
      vertex 117.545 -5.26348 42.4249
      vertex 125.045 -5.12295 42.3938
      vertex 125.045 -5.26348 42.4249
    endloop
  endfacet
  facet normal -0 -0.216077 -0.976376
    outer loop
      vertex 125.045 -5.12295 42.3938
      vertex 117.545 -5.26348 42.4249
      vertex 117.545 -5.12295 42.3938
    endloop
  endfacet
  facet normal -0 0.675778 0.737105
    outer loop
      vertex 117.545 -6.6106 39.536
      vertex 125.045 -6.71673 39.6333
      vertex 125.045 -6.6106 39.536
    endloop
  endfacet
  facet normal 0 0.675778 0.737105
    outer loop
      vertex 125.045 -6.71673 39.6333
      vertex 117.545 -6.6106 39.536
      vertex 117.545 -6.71673 39.6333
    endloop
  endfacet
  facet normal 0 -0.887029 0.461714
    outer loop
      vertex 117.545 -4.12106 39.975
      vertex 125.045 -4.05459 40.1027
      vertex 117.545 -4.05459 40.1027
    endloop
  endfacet
  facet normal 0 -0.887029 0.461714
    outer loop
      vertex 125.045 -4.05459 40.1027
      vertex 117.545 -4.12106 39.975
      vertex 125.045 -4.12106 39.975
    endloop
  endfacet
  facet normal 0 -0.300806 0.953686
    outer loop
      vertex 117.545 -4.98567 39.2495
      vertex 125.045 -5.12295 39.2062
      vertex 125.045 -4.98567 39.2495
    endloop
  endfacet
  facet normal 0 -0.300806 0.953686
    outer loop
      vertex 125.045 -5.12295 39.2062
      vertex 117.545 -4.98567 39.2495
      vertex 117.545 -5.12295 39.2062
    endloop
  endfacet
  facet normal 0 -0.953655 0.300902
    outer loop
      vertex 117.545 -3.99951 40.2357
      vertex 125.045 -3.95622 40.3729
      vertex 117.545 -3.95622 40.3729
    endloop
  endfacet
  facet normal 0 -0.953655 0.300902
    outer loop
      vertex 125.045 -3.95622 40.3729
      vertex 117.545 -3.99951 40.2357
      vertex 125.045 -3.99951 40.2357
    endloop
  endfacet
  facet normal 0 -0.675778 -0.737105
    outer loop
      vertex 117.545 -4.4894 42.064
      vertex 125.045 -4.38327 41.9667
      vertex 125.045 -4.4894 42.064
    endloop
  endfacet
  facet normal -0 -0.675778 -0.737105
    outer loop
      vertex 125.045 -4.38327 41.9667
      vertex 117.545 -4.4894 42.064
      vertex 117.545 -4.38327 41.9667
    endloop
  endfacet
  facet normal 0 -0.991442 -0.130548
    outer loop
      vertex 117.545 -3.90628 40.9438
      vertex 125.045 -3.92507 41.0865
      vertex 117.545 -3.92507 41.0865
    endloop
  endfacet
  facet normal 0 -0.991442 -0.130548
    outer loop
      vertex 125.045 -3.92507 41.0865
      vertex 117.545 -3.90628 40.9438
      vertex 125.045 -3.90628 40.9438
    endloop
  endfacet
  facet normal 0 0.382765 -0.923846
    outer loop
      vertex 117.545 -6.24732 42.2954
      vertex 125.045 -6.11433 42.3505
      vertex 125.045 -6.24732 42.2954
    endloop
  endfacet
  facet normal 0 0.382765 -0.923846
    outer loop
      vertex 125.045 -6.11433 42.3505
      vertex 117.545 -6.24732 42.2954
      vertex 117.545 -6.11433 42.3505
    endloop
  endfacet
  facet normal 0 0.976326 0.216305
    outer loop
      vertex 125.045 -7.14378 40.3729
      vertex 117.545 -7.17493 40.5135
      vertex 125.045 -7.17493 40.5135
    endloop
  endfacet
  facet normal 0 0.976326 0.216305
    outer loop
      vertex 117.545 -7.17493 40.5135
      vertex 125.045 -7.14378 40.3729
      vertex 117.545 -7.14378 40.3729
    endloop
  endfacet
  facet normal 0 -0.887029 -0.461714
    outer loop
      vertex 117.545 -4.05459 41.4973
      vertex 125.045 -4.12106 41.625
      vertex 117.545 -4.12106 41.625
    endloop
  endfacet
  facet normal 0 -0.887029 -0.461714
    outer loop
      vertex 125.045 -4.12106 41.625
      vertex 117.545 -4.05459 41.4973
      vertex 125.045 -4.05459 41.4973
    endloop
  endfacet
  facet normal 0 0.999048 -0.0436302
    outer loop
      vertex 125.045 -7.2 40.8
      vertex 117.545 -7.19372 40.9438
      vertex 125.045 -7.19372 40.9438
    endloop
  endfacet
  facet normal 0 0.999048 -0.0436302
    outer loop
      vertex 117.545 -7.19372 40.9438
      vertex 125.045 -7.2 40.8
      vertex 117.545 -7.2 40.8
    endloop
  endfacet
  facet normal 0 -0.923905 -0.382622
    outer loop
      vertex 117.545 -3.99951 41.3643
      vertex 125.045 -4.05459 41.4973
      vertex 117.545 -4.05459 41.4973
    endloop
  endfacet
  facet normal 0 -0.923905 -0.382622
    outer loop
      vertex 125.045 -4.05459 41.4973
      vertex 117.545 -3.99951 41.3643
      vertex 125.045 -3.99951 41.3643
    endloop
  endfacet
  facet normal 0 0.130607 -0.991434
    outer loop
      vertex 117.545 -5.83652 42.4249
      vertex 125.045 -5.69381 42.4437
      vertex 125.045 -5.83652 42.4249
    endloop
  endfacet
  facet normal 0 0.130607 -0.991434
    outer loop
      vertex 125.045 -5.69381 42.4437
      vertex 117.545 -5.83652 42.4249
      vertex 117.545 -5.69381 42.4437
    endloop
  endfacet
  facet normal 0 -0.0437658 -0.999042
    outer loop
      vertex 117.545 -5.55 42.45
      vertex 125.045 -5.40619 42.4437
      vertex 125.045 -5.55 42.45
    endloop
  endfacet
  facet normal -0 -0.0437658 -0.999042
    outer loop
      vertex 125.045 -5.40619 42.4437
      vertex 117.545 -5.55 42.45
      vertex 117.545 -5.40619 42.4437
    endloop
  endfacet
  facet normal 0 0.737218 -0.675655
    outer loop
      vertex 125.045 -6.81397 41.8606
      vertex 117.545 -6.71673 41.9667
      vertex 125.045 -6.71673 41.9667
    endloop
  endfacet
  facet normal 0 0.737218 -0.675655
    outer loop
      vertex 117.545 -6.71673 41.9667
      vertex 125.045 -6.81397 41.8606
      vertex 117.545 -6.81397 41.8606
    endloop
  endfacet
  facet normal 0 0.5371 -0.843518
    outer loop
      vertex 117.545 -6.4964 42.1516
      vertex 125.045 -6.375 42.2289
      vertex 125.045 -6.4964 42.1516
    endloop
  endfacet
  facet normal 0 0.5371 -0.843518
    outer loop
      vertex 125.045 -6.375 42.2289
      vertex 117.545 -6.4964 42.1516
      vertex 117.545 -6.375 42.2289
    endloop
  endfacet
  facet normal 0 -0.991442 0.130548
    outer loop
      vertex 117.545 -3.92507 40.5135
      vertex 125.045 -3.90628 40.6562
      vertex 117.545 -3.90628 40.6562
    endloop
  endfacet
  facet normal 0 -0.991442 0.130548
    outer loop
      vertex 125.045 -3.90628 40.6562
      vertex 117.545 -3.92507 40.5135
      vertex 125.045 -3.92507 40.5135
    endloop
  endfacet
  facet normal 0 0.0437658 -0.999042
    outer loop
      vertex 117.545 -5.69381 42.4437
      vertex 125.045 -5.55 42.45
      vertex 125.045 -5.69381 42.4437
    endloop
  endfacet
  facet normal 0 0.0437658 -0.999042
    outer loop
      vertex 125.045 -5.55 42.45
      vertex 117.545 -5.69381 42.4437
      vertex 117.545 -5.55 42.45
    endloop
  endfacet
  facet normal 0 -0.976326 -0.216305
    outer loop
      vertex 117.545 -3.92507 41.0865
      vertex 125.045 -3.95622 41.2271
      vertex 117.545 -3.95622 41.2271
    endloop
  endfacet
  facet normal 0 -0.976326 -0.216305
    outer loop
      vertex 125.045 -3.95622 41.2271
      vertex 117.545 -3.92507 41.0865
      vertex 125.045 -3.92507 41.0865
    endloop
  endfacet
  facet normal 0 -0.461934 0.886914
    outer loop
      vertex 117.545 -4.725 39.3711
      vertex 125.045 -4.85268 39.3046
      vertex 125.045 -4.725 39.3711
    endloop
  endfacet
  facet normal 0 -0.461934 0.886914
    outer loop
      vertex 125.045 -4.85268 39.3046
      vertex 117.545 -4.725 39.3711
      vertex 117.545 -4.85268 39.3046
    endloop
  endfacet
  facet normal 0 0.999048 0.0436302
    outer loop
      vertex 125.045 -7.19372 40.6562
      vertex 117.545 -7.2 40.8
      vertex 125.045 -7.2 40.8
    endloop
  endfacet
  facet normal 0 0.999048 0.0436302
    outer loop
      vertex 117.545 -7.2 40.8
      vertex 125.045 -7.19372 40.6562
      vertex 117.545 -7.19372 40.6562
    endloop
  endfacet
  facet normal 0 0.887029 -0.461714
    outer loop
      vertex 125.045 -7.04541 41.4973
      vertex 117.545 -6.97894 41.625
      vertex 125.045 -6.97894 41.625
    endloop
  endfacet
  facet normal 0 0.887029 -0.461714
    outer loop
      vertex 117.545 -6.97894 41.625
      vertex 125.045 -7.04541 41.4973
      vertex 117.545 -7.04541 41.4973
    endloop
  endfacet
  facet normal 0 -0.923905 0.382622
    outer loop
      vertex 117.545 -4.05459 40.1027
      vertex 125.045 -3.99951 40.2357
      vertex 117.545 -3.99951 40.2357
    endloop
  endfacet
  facet normal 0 -0.923905 0.382622
    outer loop
      vertex 125.045 -3.99951 40.2357
      vertex 117.545 -4.05459 40.1027
      vertex 125.045 -4.05459 40.1027
    endloop
  endfacet
  facet normal 0 0.461934 -0.886914
    outer loop
      vertex 117.545 -6.375 42.2289
      vertex 125.045 -6.24732 42.2954
      vertex 125.045 -6.375 42.2289
    endloop
  endfacet
  facet normal 0 0.461934 -0.886914
    outer loop
      vertex 125.045 -6.24732 42.2954
      vertex 117.545 -6.375 42.2289
      vertex 117.545 -6.24732 42.2954
    endloop
  endfacet
  facet normal 0 0.608636 -0.79345
    outer loop
      vertex 117.545 -6.6106 42.064
      vertex 125.045 -6.4964 42.1516
      vertex 125.045 -6.6106 42.064
    endloop
  endfacet
  facet normal 0 0.608636 -0.79345
    outer loop
      vertex 125.045 -6.4964 42.1516
      vertex 117.545 -6.6106 42.064
      vertex 117.545 -6.4964 42.1516
    endloop
  endfacet
  facet normal 0 0.793349 0.608767
    outer loop
      vertex 125.045 -6.81397 39.7394
      vertex 117.545 -6.9016 39.8536
      vertex 125.045 -6.9016 39.8536
    endloop
  endfacet
  facet normal 0 0.793349 0.608767
    outer loop
      vertex 117.545 -6.9016 39.8536
      vertex 125.045 -6.81397 39.7394
      vertex 117.545 -6.81397 39.7394
    endloop
  endfacet
  facet normal 0 0.976326 -0.216305
    outer loop
      vertex 125.045 -7.17493 41.0865
      vertex 117.545 -7.14378 41.2271
      vertex 125.045 -7.14378 41.2271
    endloop
  endfacet
  facet normal 0 0.976326 -0.216305
    outer loop
      vertex 117.545 -7.14378 41.2271
      vertex 125.045 -7.17493 41.0865
      vertex 117.545 -7.17493 41.0865
    endloop
  endfacet
  facet normal 0 -0.130607 -0.991434
    outer loop
      vertex 117.545 -5.40619 42.4437
      vertex 125.045 -5.26348 42.4249
      vertex 125.045 -5.40619 42.4437
    endloop
  endfacet
  facet normal -0 -0.130607 -0.991434
    outer loop
      vertex 125.045 -5.26348 42.4249
      vertex 117.545 -5.40619 42.4437
      vertex 117.545 -5.26348 42.4249
    endloop
  endfacet
  facet normal 0 -0.5371 -0.843518
    outer loop
      vertex 117.545 -4.725 42.2289
      vertex 125.045 -4.6036 42.1516
      vertex 125.045 -4.725 42.2289
    endloop
  endfacet
  facet normal -0 -0.5371 -0.843518
    outer loop
      vertex 125.045 -4.6036 42.1516
      vertex 117.545 -4.725 42.2289
      vertex 117.545 -4.6036 42.1516
    endloop
  endfacet
  facet normal 0 0.923905 -0.382622
    outer loop
      vertex 125.045 -7.10049 41.3643
      vertex 117.545 -7.04541 41.4973
      vertex 125.045 -7.04541 41.4973
    endloop
  endfacet
  facet normal 0 0.923905 -0.382622
    outer loop
      vertex 117.545 -7.04541 41.4973
      vertex 125.045 -7.10049 41.3643
      vertex 117.545 -7.10049 41.3643
    endloop
  endfacet
  facet normal -0 0.0437658 0.999042
    outer loop
      vertex 117.545 -5.55 39.15
      vertex 125.045 -5.69381 39.1563
      vertex 125.045 -5.55 39.15
    endloop
  endfacet
  facet normal 0 0.0437658 0.999042
    outer loop
      vertex 125.045 -5.69381 39.1563
      vertex 117.545 -5.55 39.15
      vertex 117.545 -5.69381 39.1563
    endloop
  endfacet
  facet normal 0 0.793349 -0.608767
    outer loop
      vertex 125.045 -6.9016 41.7464
      vertex 117.545 -6.81397 41.8606
      vertex 125.045 -6.81397 41.8606
    endloop
  endfacet
  facet normal 0 0.793349 -0.608767
    outer loop
      vertex 117.545 -6.81397 41.8606
      vertex 125.045 -6.9016 41.7464
      vertex 117.545 -6.9016 41.7464
    endloop
  endfacet
  facet normal 0 -0.5371 0.843518
    outer loop
      vertex 117.545 -4.6036 39.4484
      vertex 125.045 -4.725 39.3711
      vertex 125.045 -4.6036 39.4484
    endloop
  endfacet
  facet normal 0 -0.5371 0.843518
    outer loop
      vertex 125.045 -4.725 39.3711
      vertex 117.545 -4.6036 39.4484
      vertex 117.545 -4.725 39.3711
    endloop
  endfacet
  facet normal 0 0.953655 0.300902
    outer loop
      vertex 125.045 -7.10049 40.2357
      vertex 117.545 -7.14378 40.3729
      vertex 125.045 -7.14378 40.3729
    endloop
  endfacet
  facet normal 0 0.953655 0.300902
    outer loop
      vertex 117.545 -7.14378 40.3729
      vertex 125.045 -7.10049 40.2357
      vertex 117.545 -7.10049 40.2357
    endloop
  endfacet
  facet normal -0 0.130607 0.991434
    outer loop
      vertex 117.545 -5.69381 39.1563
      vertex 125.045 -5.83652 39.1751
      vertex 125.045 -5.69381 39.1563
    endloop
  endfacet
  facet normal 0 0.130607 0.991434
    outer loop
      vertex 125.045 -5.83652 39.1751
      vertex 117.545 -5.69381 39.1563
      vertex 117.545 -5.83652 39.1751
    endloop
  endfacet
  facet normal 0 0.923905 0.382622
    outer loop
      vertex 125.045 -7.04541 40.1027
      vertex 117.545 -7.10049 40.2357
      vertex 125.045 -7.10049 40.2357
    endloop
  endfacet
  facet normal 0 0.923905 0.382622
    outer loop
      vertex 117.545 -7.10049 40.2357
      vertex 125.045 -7.04541 40.1027
      vertex 117.545 -7.04541 40.1027
    endloop
  endfacet
  facet normal 0 0.843392 -0.537298
    outer loop
      vertex 125.045 -6.97894 41.625
      vertex 117.545 -6.9016 41.7464
      vertex 125.045 -6.9016 41.7464
    endloop
  endfacet
  facet normal 0 0.843392 -0.537298
    outer loop
      vertex 117.545 -6.9016 41.7464
      vertex 125.045 -6.97894 41.625
      vertex 117.545 -6.97894 41.625
    endloop
  endfacet
  facet normal 0 -0.953655 -0.300902
    outer loop
      vertex 117.545 -3.95622 41.2271
      vertex 125.045 -3.99951 41.3643
      vertex 117.545 -3.99951 41.3643
    endloop
  endfacet
  facet normal 0 -0.953655 -0.300902
    outer loop
      vertex 125.045 -3.99951 41.3643
      vertex 117.545 -3.95622 41.2271
      vertex 125.045 -3.95622 41.2271
    endloop
  endfacet
  facet normal 0 -0.0437658 0.999042
    outer loop
      vertex 117.545 -5.40619 39.1563
      vertex 125.045 -5.55 39.15
      vertex 125.045 -5.40619 39.1563
    endloop
  endfacet
  facet normal 0 -0.0437658 0.999042
    outer loop
      vertex 125.045 -5.55 39.15
      vertex 117.545 -5.40619 39.1563
      vertex 117.545 -5.55 39.15
    endloop
  endfacet
  facet normal 0 0.887029 0.461714
    outer loop
      vertex 125.045 -6.97894 39.975
      vertex 117.545 -7.04541 40.1027
      vertex 125.045 -7.04541 40.1027
    endloop
  endfacet
  facet normal 0 0.887029 0.461714
    outer loop
      vertex 117.545 -7.04541 40.1027
      vertex 125.045 -6.97894 39.975
      vertex 117.545 -6.97894 39.975
    endloop
  endfacet
  facet normal 0 -0.130607 0.991434
    outer loop
      vertex 117.545 -5.26348 39.1751
      vertex 125.045 -5.40619 39.1563
      vertex 125.045 -5.26348 39.1751
    endloop
  endfacet
  facet normal 0 -0.130607 0.991434
    outer loop
      vertex 125.045 -5.40619 39.1563
      vertex 117.545 -5.26348 39.1751
      vertex 117.545 -5.40619 39.1563
    endloop
  endfacet
  facet normal 0 -0.608636 -0.79345
    outer loop
      vertex 117.545 -4.6036 42.1516
      vertex 125.045 -4.4894 42.064
      vertex 125.045 -4.6036 42.1516
    endloop
  endfacet
  facet normal -0 -0.608636 -0.79345
    outer loop
      vertex 125.045 -4.4894 42.064
      vertex 117.545 -4.6036 42.1516
      vertex 117.545 -4.4894 42.064
    endloop
  endfacet
  facet normal 0 -0.976326 0.216305
    outer loop
      vertex 117.545 -3.95622 40.3729
      vertex 125.045 -3.92507 40.5135
      vertex 117.545 -3.92507 40.5135
    endloop
  endfacet
  facet normal 0 -0.976326 0.216305
    outer loop
      vertex 125.045 -3.92507 40.5135
      vertex 117.545 -3.95622 40.3729
      vertex 125.045 -3.95622 40.3729
    endloop
  endfacet
  facet normal 0 0.216077 -0.976376
    outer loop
      vertex 117.545 -5.97705 42.3938
      vertex 125.045 -5.83652 42.4249
      vertex 125.045 -5.97705 42.3938
    endloop
  endfacet
  facet normal 0 0.216077 -0.976376
    outer loop
      vertex 125.045 -5.83652 42.4249
      vertex 117.545 -5.97705 42.3938
      vertex 117.545 -5.83652 42.4249
    endloop
  endfacet
  facet normal 0 0.300806 -0.953686
    outer loop
      vertex 117.545 -6.11433 42.3505
      vertex 125.045 -5.97705 42.3938
      vertex 125.045 -6.11433 42.3505
    endloop
  endfacet
  facet normal 0 0.300806 -0.953686
    outer loop
      vertex 125.045 -5.97705 42.3938
      vertex 117.545 -6.11433 42.3505
      vertex 117.545 -5.97705 42.3938
    endloop
  endfacet
  facet normal 0 -0.737218 0.675655
    outer loop
      vertex 117.545 -4.38327 39.6333
      vertex 125.045 -4.28603 39.7394
      vertex 117.545 -4.28603 39.7394
    endloop
  endfacet
  facet normal 0 -0.737218 0.675655
    outer loop
      vertex 125.045 -4.28603 39.7394
      vertex 117.545 -4.38327 39.6333
      vertex 125.045 -4.38327 39.6333
    endloop
  endfacet
  facet normal 0 0.953655 -0.300902
    outer loop
      vertex 125.045 -7.14378 41.2271
      vertex 117.545 -7.10049 41.3643
      vertex 125.045 -7.10049 41.3643
    endloop
  endfacet
  facet normal 0 0.953655 -0.300902
    outer loop
      vertex 117.545 -7.10049 41.3643
      vertex 125.045 -7.14378 41.2271
      vertex 117.545 -7.14378 41.2271
    endloop
  endfacet
  facet normal 0 -0.300806 -0.953686
    outer loop
      vertex 117.545 -5.12295 42.3938
      vertex 125.045 -4.98567 42.3505
      vertex 125.045 -5.12295 42.3938
    endloop
  endfacet
  facet normal -0 -0.300806 -0.953686
    outer loop
      vertex 125.045 -4.98567 42.3505
      vertex 117.545 -5.12295 42.3938
      vertex 117.545 -4.98567 42.3505
    endloop
  endfacet
  facet normal 0 -0.843392 0.537298
    outer loop
      vertex 117.545 -4.1984 39.8536
      vertex 125.045 -4.12106 39.975
      vertex 117.545 -4.12106 39.975
    endloop
  endfacet
  facet normal 0 -0.843392 0.537298
    outer loop
      vertex 125.045 -4.12106 39.975
      vertex 117.545 -4.1984 39.8536
      vertex 125.045 -4.1984 39.8536
    endloop
  endfacet
  facet normal 0 0.675778 -0.737105
    outer loop
      vertex 117.545 -6.71673 41.9667
      vertex 125.045 -6.6106 42.064
      vertex 125.045 -6.71673 41.9667
    endloop
  endfacet
  facet normal 0 0.675778 -0.737105
    outer loop
      vertex 125.045 -6.6106 42.064
      vertex 117.545 -6.71673 41.9667
      vertex 117.545 -6.6106 42.064
    endloop
  endfacet
  facet normal -0 0.216077 0.976376
    outer loop
      vertex 117.545 -5.83652 39.1751
      vertex 125.045 -5.97705 39.2062
      vertex 125.045 -5.83652 39.1751
    endloop
  endfacet
  facet normal 0 0.216077 0.976376
    outer loop
      vertex 125.045 -5.97705 39.2062
      vertex 117.545 -5.83652 39.1751
      vertex 117.545 -5.97705 39.2062
    endloop
  endfacet
  facet normal 0 -0.999048 0.0436302
    outer loop
      vertex 117.545 -3.90628 40.6562
      vertex 125.045 -3.9 40.8
      vertex 117.545 -3.9 40.8
    endloop
  endfacet
  facet normal 0 -0.999048 0.0436302
    outer loop
      vertex 125.045 -3.9 40.8
      vertex 117.545 -3.90628 40.6562
      vertex 125.045 -3.90628 40.6562
    endloop
  endfacet
  facet normal 0 -0.737218 -0.675655
    outer loop
      vertex 117.545 -4.28603 41.8606
      vertex 125.045 -4.38327 41.9667
      vertex 117.545 -4.38327 41.9667
    endloop
  endfacet
  facet normal 0 -0.737218 -0.675655
    outer loop
      vertex 125.045 -4.38327 41.9667
      vertex 117.545 -4.28603 41.8606
      vertex 125.045 -4.28603 41.8606
    endloop
  endfacet
  facet normal -0 0.300806 0.953686
    outer loop
      vertex 117.545 -5.97705 39.2062
      vertex 125.045 -6.11433 39.2495
      vertex 125.045 -5.97705 39.2062
    endloop
  endfacet
  facet normal 0 0.300806 0.953686
    outer loop
      vertex 125.045 -6.11433 39.2495
      vertex 117.545 -5.97705 39.2062
      vertex 117.545 -6.11433 39.2495
    endloop
  endfacet
  facet normal 0 0.737218 0.675655
    outer loop
      vertex 125.045 -6.71673 39.6333
      vertex 117.545 -6.81397 39.7394
      vertex 125.045 -6.81397 39.7394
    endloop
  endfacet
  facet normal 0 0.737218 0.675655
    outer loop
      vertex 117.545 -6.81397 39.7394
      vertex 125.045 -6.71673 39.6333
      vertex 117.545 -6.71673 39.6333
    endloop
  endfacet
  facet normal -0 0.5371 0.843518
    outer loop
      vertex 117.545 -6.375 39.3711
      vertex 125.045 -6.4964 39.4484
      vertex 125.045 -6.375 39.3711
    endloop
  endfacet
  facet normal 0 0.5371 0.843518
    outer loop
      vertex 125.045 -6.4964 39.4484
      vertex 117.545 -6.375 39.3711
      vertex 117.545 -6.4964 39.4484
    endloop
  endfacet
  facet normal -0 0.382765 0.923846
    outer loop
      vertex 117.545 -6.11433 39.2495
      vertex 125.045 -6.24732 39.3046
      vertex 125.045 -6.11433 39.2495
    endloop
  endfacet
  facet normal 0 0.382765 0.923846
    outer loop
      vertex 125.045 -6.24732 39.3046
      vertex 117.545 -6.11433 39.2495
      vertex 117.545 -6.24732 39.3046
    endloop
  endfacet
  facet normal 0 -0.382765 0.923846
    outer loop
      vertex 117.545 -4.85268 39.3046
      vertex 125.045 -4.98567 39.2495
      vertex 125.045 -4.85268 39.3046
    endloop
  endfacet
  facet normal 0 -0.382765 0.923846
    outer loop
      vertex 125.045 -4.98567 39.2495
      vertex 117.545 -4.85268 39.3046
      vertex 117.545 -4.98567 39.2495
    endloop
  endfacet
  facet normal 0 -0.461934 -0.886914
    outer loop
      vertex 117.545 -4.85268 42.2954
      vertex 125.045 -4.725 42.2289
      vertex 125.045 -4.85268 42.2954
    endloop
  endfacet
  facet normal -0 -0.461934 -0.886914
    outer loop
      vertex 125.045 -4.725 42.2289
      vertex 117.545 -4.85268 42.2954
      vertex 117.545 -4.725 42.2289
    endloop
  endfacet
  facet normal 0 -0.382765 -0.923846
    outer loop
      vertex 117.545 -4.98567 42.3505
      vertex 125.045 -4.85268 42.2954
      vertex 125.045 -4.98567 42.3505
    endloop
  endfacet
  facet normal -0 -0.382765 -0.923846
    outer loop
      vertex 125.045 -4.85268 42.2954
      vertex 117.545 -4.98567 42.3505
      vertex 117.545 -4.85268 42.2954
    endloop
  endfacet
  facet normal 0 -0.216077 0.976376
    outer loop
      vertex 117.545 -5.12295 39.2062
      vertex 125.045 -5.26348 39.1751
      vertex 125.045 -5.12295 39.2062
    endloop
  endfacet
  facet normal 0 -0.216077 0.976376
    outer loop
      vertex 125.045 -5.26348 39.1751
      vertex 117.545 -5.12295 39.2062
      vertex 117.545 -5.26348 39.1751
    endloop
  endfacet
  facet normal 0 -0.675778 0.737105
    outer loop
      vertex 117.545 -4.38327 39.6333
      vertex 125.045 -4.4894 39.536
      vertex 125.045 -4.38327 39.6333
    endloop
  endfacet
  facet normal 0 -0.675778 0.737105
    outer loop
      vertex 125.045 -4.4894 39.536
      vertex 117.545 -4.38327 39.6333
      vertex 117.545 -4.4894 39.536
    endloop
  endfacet
  facet normal 0 -0.843392 -0.537298
    outer loop
      vertex 117.545 -4.12106 41.625
      vertex 125.045 -4.1984 41.7464
      vertex 117.545 -4.1984 41.7464
    endloop
  endfacet
  facet normal 0 -0.843392 -0.537298
    outer loop
      vertex 125.045 -4.1984 41.7464
      vertex 117.545 -4.12106 41.625
      vertex 125.045 -4.12106 41.625
    endloop
  endfacet
  facet normal 0 -0.793349 -0.608767
    outer loop
      vertex 117.545 -4.1984 41.7464
      vertex 125.045 -4.28603 41.8606
      vertex 117.545 -4.28603 41.8606
    endloop
  endfacet
  facet normal 0 -0.793349 -0.608767
    outer loop
      vertex 125.045 -4.28603 41.8606
      vertex 117.545 -4.1984 41.7464
      vertex 125.045 -4.1984 41.7464
    endloop
  endfacet
  facet normal 0 -0.793349 0.608767
    outer loop
      vertex 117.545 -4.28603 39.7394
      vertex 125.045 -4.1984 39.8536
      vertex 117.545 -4.1984 39.8536
    endloop
  endfacet
  facet normal 0 -0.793349 0.608767
    outer loop
      vertex 125.045 -4.1984 39.8536
      vertex 117.545 -4.28603 39.7394
      vertex 125.045 -4.28603 39.7394
    endloop
  endfacet
  facet normal 0 -0.130672 0.991426
    outer loop
      vertex 125.045 -5.02905 37.8456
      vertex 129.545 -5.28853 37.8114
      vertex 129.545 -5.02905 37.8456
    endloop
  endfacet
  facet normal 0 -0.130672 0.991426
    outer loop
      vertex 129.545 -5.28853 37.8114
      vertex 125.045 -5.02905 37.8456
      vertex 125.045 -5.28853 37.8114
    endloop
  endfacet
  facet normal 0 0.382838 -0.923816
    outer loop
      vertex 125.045 -6.81785 43.5189
      vertex 127.555 -6.57606 43.6191
      vertex 127.555 -6.81785 43.5189
    endloop
  endfacet
  facet normal 0 0.382838 -0.923816
    outer loop
      vertex 127.555 -6.57606 43.6191
      vertex 125.045 -6.81785 43.5189
      vertex 125.045 -6.57606 43.6191
    endloop
  endfacet
  facet normal 0 -0.99144 -0.130561
    outer loop
      vertex 125.045 -2.56142 41.0615
      vertex 127.555 -2.59558 41.3209
      vertex 125.045 -2.59558 41.3209
    endloop
  endfacet
  facet normal 0 -0.99144 -0.130561
    outer loop
      vertex 127.555 -2.59558 41.3209
      vertex 125.045 -2.56142 41.0615
      vertex 127.555 -2.56142 41.0615
    endloop
  endfacet
  facet normal 0 -0.976316 -0.216348
    outer loop
      vertex 125.045 -2.59558 41.3209
      vertex 127.555 -2.65222 41.5765
      vertex 125.045 -2.65222 41.5765
    endloop
  endfacet
  facet normal 0 -0.976316 -0.216348
    outer loop
      vertex 127.555 -2.65222 41.5765
      vertex 125.045 -2.59558 41.3209
      vertex 127.555 -2.59558 41.3209
    endloop
  endfacet
  facet normal 0 0.843359 -0.53735
    outer loop
      vertex 127.555 -8.14808 42.3
      vertex 125.045 -8.00746 42.5207
      vertex 127.555 -8.00746 42.5207
    endloop
  endfacet
  facet normal 0 0.843359 -0.53735
    outer loop
      vertex 125.045 -8.00746 42.5207
      vertex 127.555 -8.14808 42.3
      vertex 125.045 -8.14808 42.3
    endloop
  endfacet
  facet normal 0 0.300711 -0.953715
    outer loop
      vertex 125.045 -6.57606 43.6191
      vertex 127.555 -6.32646 43.6978
      vertex 127.555 -6.57606 43.6191
    endloop
  endfacet
  facet normal 0 0.300711 -0.953715
    outer loop
      vertex 127.555 -6.32646 43.6978
      vertex 125.045 -6.57606 43.6191
      vertex 125.045 -6.32646 43.6978
    endloop
  endfacet
  facet normal 0 -0.300711 -0.953715
    outer loop
      vertex 125.045 -4.77354 43.6978
      vertex 127.555 -4.52394 43.6191
      vertex 127.555 -4.77354 43.6978
    endloop
  endfacet
  facet normal -0 -0.300711 -0.953715
    outer loop
      vertex 127.555 -4.52394 43.6191
      vertex 125.045 -4.77354 43.6978
      vertex 125.045 -4.52394 43.6191
    endloop
  endfacet
  facet normal 0 -0.999048 0.0436295
    outer loop
      vertex 125.045 -2.56142 40.5385
      vertex 127.555 -2.55 40.8
      vertex 125.045 -2.55 40.8
    endloop
  endfacet
  facet normal 0 -0.999048 0.0436295
    outer loop
      vertex 127.555 -2.55 40.8
      vertex 125.045 -2.56142 40.5385
      vertex 127.555 -2.56142 40.5385
    endloop
  endfacet
  facet normal 0 -0.886985 -0.461798
    outer loop
      vertex 125.045 -2.83108 42.0679
      vertex 127.555 -2.95192 42.3
      vertex 125.045 -2.95192 42.3
    endloop
  endfacet
  facet normal 0 -0.886985 -0.461798
    outer loop
      vertex 127.555 -2.95192 42.3
      vertex 125.045 -2.83108 42.0679
      vertex 127.555 -2.83108 42.0679
    endloop
  endfacet
  facet normal 0 -0.793434 0.608656
    outer loop
      vertex 125.045 -3.25187 38.8716
      vertex 129.545 -3.09254 39.0793
      vertex 125.045 -3.09254 39.0793
    endloop
  endfacet
  facet normal 0 -0.793434 0.608656
    outer loop
      vertex 129.545 -3.09254 39.0793
      vertex 125.045 -3.25187 38.8716
      vertex 129.545 -3.25187 38.8716
    endloop
  endfacet
  facet normal 0 -0.999048 -0.0436295
    outer loop
      vertex 125.045 -2.55 40.8
      vertex 127.555 -2.56142 41.0615
      vertex 125.045 -2.56142 41.0615
    endloop
  endfacet
  facet normal 0 -0.999048 -0.0436295
    outer loop
      vertex 127.555 -2.56142 41.0615
      vertex 125.045 -2.55 40.8
      vertex 127.555 -2.55 40.8
    endloop
  endfacet
  facet normal 0 0.130677 -0.991425
    outer loop
      vertex 125.045 -6.07094 43.7544
      vertex 127.555 -5.81147 43.7886
      vertex 127.555 -6.07094 43.7544
    endloop
  endfacet
  facet normal 0 0.130677 -0.991425
    outer loop
      vertex 127.555 -5.81147 43.7886
      vertex 125.045 -6.07094 43.7544
      vertex 125.045 -5.81147 43.7886
    endloop
  endfacet
  facet normal 0 0.608954 -0.793206
    outer loop
      vertex 125.045 -7.47836 43.0981
      vertex 127.555 -7.27073 43.2575
      vertex 127.555 -7.47836 43.0981
    endloop
  endfacet
  facet normal 0 0.608954 -0.793206
    outer loop
      vertex 127.555 -7.27073 43.2575
      vertex 125.045 -7.47836 43.0981
      vertex 125.045 -7.27073 43.2575
    endloop
  endfacet
  facet normal 0 -0.461615 0.88708
    outer loop
      vertex 125.045 -4.05 38.2019
      vertex 129.545 -4.28214 38.0811
      vertex 129.545 -4.05 38.2019
    endloop
  endfacet
  facet normal 0 -0.461615 0.88708
    outer loop
      vertex 129.545 -4.28214 38.0811
      vertex 125.045 -4.05 38.2019
      vertex 125.045 -4.28214 38.0811
    endloop
  endfacet
  facet normal 0 -0.923875 -0.382694
    outer loop
      vertex 125.045 -2.73092 41.8261
      vertex 127.555 -2.83108 42.0679
      vertex 125.045 -2.83108 42.0679
    endloop
  endfacet
  facet normal 0 -0.923875 -0.382694
    outer loop
      vertex 127.555 -2.83108 42.0679
      vertex 125.045 -2.73092 41.8261
      vertex 127.555 -2.73092 41.8261
    endloop
  endfacet
  facet normal 0 -0.300711 0.953715
    outer loop
      vertex 125.045 -4.52394 37.9809
      vertex 129.545 -4.77354 37.9022
      vertex 129.545 -4.52394 37.9809
    endloop
  endfacet
  facet normal 0 -0.300711 0.953715
    outer loop
      vertex 129.545 -4.77354 37.9022
      vertex 125.045 -4.52394 37.9809
      vertex 125.045 -4.77354 37.9022
    endloop
  endfacet
  facet normal 0 -0.99144 0.130561
    outer loop
      vertex 125.045 -2.59558 40.2791
      vertex 127.555 -2.56142 40.5385
      vertex 125.045 -2.56142 40.5385
    endloop
  endfacet
  facet normal 0 -0.99144 0.130561
    outer loop
      vertex 127.555 -2.56142 40.5385
      vertex 125.045 -2.59558 40.2791
      vertex 127.555 -2.59558 40.2791
    endloop
  endfacet
  facet normal 0 -0.382824 -0.923821
    outer loop
      vertex 125.045 -4.52394 43.6191
      vertex 127.555 -4.28214 43.5189
      vertex 127.555 -4.52394 43.6191
    endloop
  endfacet
  facet normal -0 -0.382824 -0.923821
    outer loop
      vertex 127.555 -4.28214 43.5189
      vertex 125.045 -4.52394 43.6191
      vertex 125.045 -4.28214 43.5189
    endloop
  endfacet
  facet normal 0 0.99144 -0.130561
    outer loop
      vertex 127.555 -8.53858 41.0615
      vertex 125.045 -8.50442 41.3209
      vertex 127.555 -8.50442 41.3209
    endloop
  endfacet
  facet normal 0 0.99144 -0.130561
    outer loop
      vertex 125.045 -8.50442 41.3209
      vertex 127.555 -8.53858 41.0615
      vertex 125.045 -8.53858 41.0615
    endloop
  endfacet
  facet normal 0 0.99144 0.130561
    outer loop
      vertex 127.555 -8.50442 40.2791
      vertex 125.045 -8.53858 40.5385
      vertex 127.555 -8.53858 40.5385
    endloop
  endfacet
  facet normal 0 0.99144 0.130561
    outer loop
      vertex 125.045 -8.53858 40.5385
      vertex 127.555 -8.50442 40.2791
      vertex 125.045 -8.50442 40.2791
    endloop
  endfacet
  facet normal 0 -0.0435583 0.999051
    outer loop
      vertex 125.045 -5.28853 37.8114
      vertex 129.545 -5.55 37.8
      vertex 129.545 -5.28853 37.8114
    endloop
  endfacet
  facet normal 0 -0.0435583 0.999051
    outer loop
      vertex 129.545 -5.55 37.8
      vertex 125.045 -5.28853 37.8114
      vertex 125.045 -5.55 37.8
    endloop
  endfacet
  facet normal 0 0.461599 -0.887089
    outer loop
      vertex 125.045 -7.05 43.3981
      vertex 127.555 -6.81785 43.5189
      vertex 127.555 -7.05 43.3981
    endloop
  endfacet
  facet normal 0 0.461599 -0.887089
    outer loop
      vertex 127.555 -6.81785 43.5189
      vertex 125.045 -7.05 43.3981
      vertex 125.045 -6.81785 43.5189
    endloop
  endfacet
  facet normal 0 -0.976312 0.216369
    outer loop
      vertex 125.045 -2.59558 40.2791
      vertex 127.555 -2.64048 40.0765
      vertex 127.555 -2.59558 40.2791
    endloop
  endfacet
  facet normal -1.78963e-06 -0.976316 0.216348
    outer loop
      vertex 125.045 -2.65222 40.0235
      vertex 127.555 -2.64048 40.0765
      vertex 125.045 -2.59558 40.2791
    endloop
  endfacet
  facet normal 0 -0.976334 0.216267
    outer loop
      vertex 129.545 -2.65222 40.0235
      vertex 127.555 -2.64048 40.0765
      vertex 125.045 -2.65222 40.0235
    endloop
  endfacet
  facet normal 0 -0.976334 0.216267
    outer loop
      vertex 127.555 -2.64048 40.0765
      vertex 129.545 -2.65222 40.0235
      vertex 129.545 -2.64048 40.0765
    endloop
  endfacet
  facet normal 0 0.0435583 -0.999051
    outer loop
      vertex 125.045 -5.81147 43.7886
      vertex 127.555 -5.55 43.8
      vertex 127.555 -5.81147 43.7886
    endloop
  endfacet
  facet normal 0 0.0435583 -0.999051
    outer loop
      vertex 127.555 -5.55 43.8
      vertex 125.045 -5.81147 43.7886
      vertex 125.045 -5.55 43.8
    endloop
  endfacet
  facet normal -0 0.675559 0.737306
    outer loop
      vertex 125.045 -7.47836 38.5019
      vertex 129.545 -7.67132 38.6787
      vertex 129.545 -7.47836 38.5019
    endloop
  endfacet
  facet normal 0 0.675559 0.737306
    outer loop
      vertex 129.545 -7.67132 38.6787
      vertex 125.045 -7.47836 38.5019
      vertex 125.045 -7.67132 38.6787
    endloop
  endfacet
  facet normal 0 -0.675559 -0.737306
    outer loop
      vertex 125.045 -3.62164 43.0981
      vertex 127.555 -3.42868 42.9213
      vertex 127.555 -3.62164 43.0981
    endloop
  endfacet
  facet normal -0 -0.675559 -0.737306
    outer loop
      vertex 127.555 -3.42868 42.9213
      vertex 125.045 -3.62164 43.0981
      vertex 125.045 -3.42868 42.9213
    endloop
  endfacet
  facet normal 0 -0.793434 -0.608656
    outer loop
      vertex 125.045 -3.09254 42.5207
      vertex 127.555 -3.25187 42.7284
      vertex 125.045 -3.25187 42.7284
    endloop
  endfacet
  facet normal 0 -0.793434 -0.608656
    outer loop
      vertex 127.555 -3.25187 42.7284
      vertex 125.045 -3.09254 42.5207
      vertex 127.555 -3.09254 42.5207
    endloop
  endfacet
  facet normal 0 -0.737183 -0.675693
    outer loop
      vertex 125.045 -3.25187 42.7284
      vertex 127.555 -3.42868 42.9213
      vertex 125.045 -3.42868 42.9213
    endloop
  endfacet
  facet normal 0 -0.737183 -0.675693
    outer loop
      vertex 127.555 -3.42868 42.9213
      vertex 125.045 -3.25187 42.7284
      vertex 127.555 -3.25187 42.7284
    endloop
  endfacet
  facet normal -0 0.608954 0.793206
    outer loop
      vertex 125.045 -7.27073 38.3425
      vertex 129.545 -7.47836 38.5019
      vertex 129.545 -7.27073 38.3425
    endloop
  endfacet
  facet normal 0 0.608954 0.793206
    outer loop
      vertex 129.545 -7.47836 38.5019
      vertex 125.045 -7.27073 38.3425
      vertex 125.045 -7.47836 38.5019
    endloop
  endfacet
  facet normal -0 0.130677 0.991425
    outer loop
      vertex 125.045 -5.81147 37.8114
      vertex 129.545 -6.07094 37.8456
      vertex 129.545 -5.81147 37.8114
    endloop
  endfacet
  facet normal 0 0.130677 0.991425
    outer loop
      vertex 129.545 -6.07094 37.8456
      vertex 125.045 -5.81147 37.8114
      vertex 125.045 -6.07094 37.8456
    endloop
  endfacet
  facet normal 0 0.793434 -0.608656
    outer loop
      vertex 127.555 -8.00746 42.5207
      vertex 125.045 -7.84813 42.7284
      vertex 127.555 -7.84813 42.7284
    endloop
  endfacet
  facet normal 0 0.793434 -0.608656
    outer loop
      vertex 125.045 -7.84813 42.7284
      vertex 127.555 -8.00746 42.5207
      vertex 125.045 -8.00746 42.5207
    endloop
  endfacet
  facet normal 1 0 0
    outer loop
      vertex 125.045 -3.9 40.8
      vertex 125.045 -2.55 40.8
      vertex 125.045 -2.56142 41.0615
    endloop
  endfacet
  facet normal 1 0 0
    outer loop
      vertex 125.045 -3.90628 40.9438
      vertex 125.045 -2.56142 41.0615
      vertex 125.045 -2.59558 41.3209
    endloop
  endfacet
  facet normal 1 0 0
    outer loop
      vertex 125.045 -2.55 40.8
      vertex 125.045 -3.9 40.8
      vertex 125.045 -2.56142 40.5385
    endloop
  endfacet
  facet normal 1 0 0
    outer loop
      vertex 125.045 -3.92507 41.0865
      vertex 125.045 -2.59558 41.3209
      vertex 125.045 -2.65222 41.5765
    endloop
  endfacet
  facet normal 1 -0 0
    outer loop
      vertex 125.045 -3.90628 40.6562
      vertex 125.045 -2.56142 40.5385
      vertex 125.045 -3.9 40.8
    endloop
  endfacet
  facet normal 1 0 0
    outer loop
      vertex 125.045 -3.95622 41.2271
      vertex 125.045 -2.65222 41.5765
      vertex 125.045 -2.73092 41.8261
    endloop
  endfacet
  facet normal 1 0 0
    outer loop
      vertex 125.045 -2.56142 40.5385
      vertex 125.045 -3.90628 40.6562
      vertex 125.045 -2.59558 40.2791
    endloop
  endfacet
  facet normal 1 0 0
    outer loop
      vertex 125.045 -3.99951 41.3643
      vertex 125.045 -2.73092 41.8261
      vertex 125.045 -2.83108 42.0679
    endloop
  endfacet
  facet normal 1 -0 0
    outer loop
      vertex 125.045 -3.92507 40.5135
      vertex 125.045 -2.59558 40.2791
      vertex 125.045 -3.90628 40.6562
    endloop
  endfacet
  facet normal 1 0 0
    outer loop
      vertex 125.045 -4.05459 41.4973
      vertex 125.045 -2.83108 42.0679
      vertex 125.045 -2.95192 42.3
    endloop
  endfacet
  facet normal 1 0 0
    outer loop
      vertex 125.045 -2.59558 40.2791
      vertex 125.045 -3.92507 40.5135
      vertex 125.045 -2.65222 40.0235
    endloop
  endfacet
  facet normal 1 0 0
    outer loop
      vertex 125.045 -4.12106 41.625
      vertex 125.045 -2.95192 42.3
      vertex 125.045 -3.09254 42.5207
    endloop
  endfacet
  facet normal 1 -0 0
    outer loop
      vertex 125.045 -3.95622 40.3729
      vertex 125.045 -2.65222 40.0235
      vertex 125.045 -3.92507 40.5135
    endloop
  endfacet
  facet normal 1 0 0
    outer loop
      vertex 125.045 -4.1984 41.7464
      vertex 125.045 -3.09254 42.5207
      vertex 125.045 -3.25187 42.7284
    endloop
  endfacet
  facet normal 1 0 0
    outer loop
      vertex 125.045 -2.65222 40.0235
      vertex 125.045 -3.95622 40.3729
      vertex 125.045 -2.73092 39.7739
    endloop
  endfacet
  facet normal 1 0 0
    outer loop
      vertex 125.045 -4.28603 41.8606
      vertex 125.045 -3.25187 42.7284
      vertex 125.045 -3.42868 42.9213
    endloop
  endfacet
  facet normal 1 -0 0
    outer loop
      vertex 125.045 -3.99951 40.2357
      vertex 125.045 -2.73092 39.7739
      vertex 125.045 -3.95622 40.3729
    endloop
  endfacet
  facet normal 1 0 0
    outer loop
      vertex 125.045 -4.38327 41.9667
      vertex 125.045 -3.42868 42.9213
      vertex 125.045 -3.62164 43.0981
    endloop
  endfacet
  facet normal 1 0 0
    outer loop
      vertex 125.045 -2.73092 39.7739
      vertex 125.045 -3.99951 40.2357
      vertex 125.045 -2.83108 39.5321
    endloop
  endfacet
  facet normal 1 0 0
    outer loop
      vertex 125.045 -4.4894 42.064
      vertex 125.045 -3.62164 43.0981
      vertex 125.045 -3.82927 43.2575
    endloop
  endfacet
  facet normal 1 -0 0
    outer loop
      vertex 125.045 -4.05459 40.1027
      vertex 125.045 -2.83108 39.5321
      vertex 125.045 -3.99951 40.2357
    endloop
  endfacet
  facet normal 1 0 0
    outer loop
      vertex 125.045 -2.83108 39.5321
      vertex 125.045 -4.05459 40.1027
      vertex 125.045 -2.95192 39.3
    endloop
  endfacet
  facet normal 1 0 0
    outer loop
      vertex 125.045 -2.56142 41.0615
      vertex 125.045 -3.90628 40.9438
      vertex 125.045 -3.9 40.8
    endloop
  endfacet
  facet normal 1 0 0
    outer loop
      vertex 125.045 -2.59558 41.3209
      vertex 125.045 -3.92507 41.0865
      vertex 125.045 -3.90628 40.9438
    endloop
  endfacet
  facet normal 1 0 0
    outer loop
      vertex 125.045 -2.65222 41.5765
      vertex 125.045 -3.95622 41.2271
      vertex 125.045 -3.92507 41.0865
    endloop
  endfacet
  facet normal 1 0 0
    outer loop
      vertex 125.045 -2.73092 41.8261
      vertex 125.045 -3.99951 41.3643
      vertex 125.045 -3.95622 41.2271
    endloop
  endfacet
  facet normal 1 0 0
    outer loop
      vertex 125.045 -4.6036 42.1516
      vertex 125.045 -3.82927 43.2575
      vertex 125.045 -4.05 43.3981
    endloop
  endfacet
  facet normal 1 0 0
    outer loop
      vertex 125.045 -2.83108 42.0679
      vertex 125.045 -4.05459 41.4973
      vertex 125.045 -3.99951 41.3643
    endloop
  endfacet
  facet normal 1 0 0
    outer loop
      vertex 125.045 -2.95192 42.3
      vertex 125.045 -4.12106 41.625
      vertex 125.045 -4.05459 41.4973
    endloop
  endfacet
  facet normal 1 0 0
    outer loop
      vertex 125.045 -3.09254 42.5207
      vertex 125.045 -4.1984 41.7464
      vertex 125.045 -4.12106 41.625
    endloop
  endfacet
  facet normal 1 0 0
    outer loop
      vertex 125.045 -4.725 42.2289
      vertex 125.045 -4.05 43.3981
      vertex 125.045 -4.28214 43.5189
    endloop
  endfacet
  facet normal 1 0 0
    outer loop
      vertex 125.045 -3.25187 42.7284
      vertex 125.045 -4.28603 41.8606
      vertex 125.045 -4.1984 41.7464
    endloop
  endfacet
  facet normal 1 0 0
    outer loop
      vertex 125.045 -3.42868 42.9213
      vertex 125.045 -4.38327 41.9667
      vertex 125.045 -4.28603 41.8606
    endloop
  endfacet
  facet normal 1 0 0
    outer loop
      vertex 125.045 -3.62164 43.0981
      vertex 125.045 -4.4894 42.064
      vertex 125.045 -4.38327 41.9667
    endloop
  endfacet
  facet normal 1 0 0
    outer loop
      vertex 125.045 -4.85268 42.2954
      vertex 125.045 -4.28214 43.5189
      vertex 125.045 -4.52394 43.6191
    endloop
  endfacet
  facet normal 1 0 0
    outer loop
      vertex 125.045 -3.82927 43.2575
      vertex 125.045 -4.6036 42.1516
      vertex 125.045 -4.4894 42.064
    endloop
  endfacet
  facet normal 1 0 0
    outer loop
      vertex 125.045 -4.05 43.3981
      vertex 125.045 -4.725 42.2289
      vertex 125.045 -4.6036 42.1516
    endloop
  endfacet
  facet normal 1 0 0
    outer loop
      vertex 125.045 -4.98567 42.3505
      vertex 125.045 -4.52394 43.6191
      vertex 125.045 -4.77354 43.6978
    endloop
  endfacet
  facet normal 1 0 0
    outer loop
      vertex 125.045 -4.28214 43.5189
      vertex 125.045 -4.85268 42.2954
      vertex 125.045 -4.725 42.2289
    endloop
  endfacet
  facet normal 1 0 0
    outer loop
      vertex 125.045 -4.52394 43.6191
      vertex 125.045 -4.98567 42.3505
      vertex 125.045 -4.85268 42.2954
    endloop
  endfacet
  facet normal 1 0 0
    outer loop
      vertex 125.045 -5.12295 42.3938
      vertex 125.045 -4.77354 43.6978
      vertex 125.045 -5.02905 43.7544
    endloop
  endfacet
  facet normal 1 0 0
    outer loop
      vertex 125.045 -4.77354 43.6978
      vertex 125.045 -5.12295 42.3938
      vertex 125.045 -4.98567 42.3505
    endloop
  endfacet
  facet normal 1 0 0
    outer loop
      vertex 125.045 -5.02905 43.7544
      vertex 125.045 -5.26348 42.4249
      vertex 125.045 -5.12295 42.3938
    endloop
  endfacet
  facet normal 1 0 0
    outer loop
      vertex 125.045 -5.28853 43.7886
      vertex 125.045 -5.26348 42.4249
      vertex 125.045 -5.02905 43.7544
    endloop
  endfacet
  facet normal 1 0 0
    outer loop
      vertex 125.045 -5.28853 43.7886
      vertex 125.045 -5.40619 42.4437
      vertex 125.045 -5.26348 42.4249
    endloop
  endfacet
  facet normal 1 0 0
    outer loop
      vertex 125.045 -5.55 43.8
      vertex 125.045 -5.40619 42.4437
      vertex 125.045 -5.28853 43.7886
    endloop
  endfacet
  facet normal 1 0 0
    outer loop
      vertex 125.045 -5.55 43.8
      vertex 125.045 -5.55 42.45
      vertex 125.045 -5.40619 42.4437
    endloop
  endfacet
  facet normal 1 0 0
    outer loop
      vertex 125.045 -5.55 43.8
      vertex 125.045 -5.69381 42.4437
      vertex 125.045 -5.55 42.45
    endloop
  endfacet
  facet normal 1 -0 0
    outer loop
      vertex 125.045 -5.81147 43.7886
      vertex 125.045 -5.69381 42.4437
      vertex 125.045 -5.55 43.8
    endloop
  endfacet
  facet normal 1 0 0
    outer loop
      vertex 125.045 -5.81147 43.7886
      vertex 125.045 -5.83652 42.4249
      vertex 125.045 -5.69381 42.4437
    endloop
  endfacet
  facet normal 1 -0 0
    outer loop
      vertex 125.045 -6.07094 43.7544
      vertex 125.045 -5.83652 42.4249
      vertex 125.045 -5.81147 43.7886
    endloop
  endfacet
  facet normal 1 0 0
    outer loop
      vertex 125.045 -5.83652 42.4249
      vertex 125.045 -6.07094 43.7544
      vertex 125.045 -5.97705 42.3938
    endloop
  endfacet
  facet normal 1 -0 0
    outer loop
      vertex 125.045 -6.32646 43.6978
      vertex 125.045 -5.97705 42.3938
      vertex 125.045 -6.07094 43.7544
    endloop
  endfacet
  facet normal 1 0 0
    outer loop
      vertex 125.045 -5.97705 42.3938
      vertex 125.045 -6.32646 43.6978
      vertex 125.045 -6.11433 42.3505
    endloop
  endfacet
  facet normal 1 -0 0
    outer loop
      vertex 125.045 -6.57606 43.6191
      vertex 125.045 -6.11433 42.3505
      vertex 125.045 -6.32646 43.6978
    endloop
  endfacet
  facet normal 1 0 0
    outer loop
      vertex 125.045 -6.11433 42.3505
      vertex 125.045 -6.57606 43.6191
      vertex 125.045 -6.24732 42.2954
    endloop
  endfacet
  facet normal 1 -0 0
    outer loop
      vertex 125.045 -6.81785 43.5189
      vertex 125.045 -6.24732 42.2954
      vertex 125.045 -6.57606 43.6191
    endloop
  endfacet
  facet normal 1 0 0
    outer loop
      vertex 125.045 -6.24732 42.2954
      vertex 125.045 -6.81785 43.5189
      vertex 125.045 -6.375 42.2289
    endloop
  endfacet
  facet normal 1 -0 0
    outer loop
      vertex 125.045 -7.05 43.3981
      vertex 125.045 -6.375 42.2289
      vertex 125.045 -6.81785 43.5189
    endloop
  endfacet
  facet normal 1 0 0
    outer loop
      vertex 125.045 -6.375 42.2289
      vertex 125.045 -7.05 43.3981
      vertex 125.045 -6.4964 42.1516
    endloop
  endfacet
  facet normal 1 -0 0
    outer loop
      vertex 125.045 -7.27073 43.2575
      vertex 125.045 -6.4964 42.1516
      vertex 125.045 -7.05 43.3981
    endloop
  endfacet
  facet normal 1 0 0
    outer loop
      vertex 125.045 -6.4964 42.1516
      vertex 125.045 -7.27073 43.2575
      vertex 125.045 -6.6106 42.064
    endloop
  endfacet
  facet normal 1 -0 0
    outer loop
      vertex 125.045 -7.47836 43.0981
      vertex 125.045 -6.6106 42.064
      vertex 125.045 -7.27073 43.2575
    endloop
  endfacet
  facet normal 1 0 0
    outer loop
      vertex 125.045 -6.6106 42.064
      vertex 125.045 -7.47836 43.0981
      vertex 125.045 -6.71673 41.9667
    endloop
  endfacet
  facet normal 1 -0 0
    outer loop
      vertex 125.045 -7.67132 42.9213
      vertex 125.045 -6.71673 41.9667
      vertex 125.045 -7.47836 43.0981
    endloop
  endfacet
  facet normal 1 0 0
    outer loop
      vertex 125.045 -6.71673 41.9667
      vertex 125.045 -7.67132 42.9213
      vertex 125.045 -6.81397 41.8606
    endloop
  endfacet
  facet normal 1 -0 0
    outer loop
      vertex 125.045 -7.84813 42.7284
      vertex 125.045 -6.81397 41.8606
      vertex 125.045 -7.67132 42.9213
    endloop
  endfacet
  facet normal 1 0 0
    outer loop
      vertex 125.045 -6.81397 41.8606
      vertex 125.045 -7.84813 42.7284
      vertex 125.045 -6.9016 41.7464
    endloop
  endfacet
  facet normal 1 -0 0
    outer loop
      vertex 125.045 -8.00746 42.5207
      vertex 125.045 -6.9016 41.7464
      vertex 125.045 -7.84813 42.7284
    endloop
  endfacet
  facet normal 1 0 0
    outer loop
      vertex 125.045 -6.9016 41.7464
      vertex 125.045 -8.00746 42.5207
      vertex 125.045 -6.97894 41.625
    endloop
  endfacet
  facet normal 1 0 0
    outer loop
      vertex 125.045 -6.97894 41.625
      vertex 125.045 -8.14808 42.3
      vertex 125.045 -7.04541 41.4973
    endloop
  endfacet
  facet normal 1 -0 0
    outer loop
      vertex 125.045 -8.14808 42.3
      vertex 125.045 -6.97894 41.625
      vertex 125.045 -8.00746 42.5207
    endloop
  endfacet
  facet normal 1 -0 0
    outer loop
      vertex 125.045 -4.12106 39.975
      vertex 125.045 -2.95192 39.3
      vertex 125.045 -4.05459 40.1027
    endloop
  endfacet
  facet normal 1 0 0
    outer loop
      vertex 125.045 -2.95192 39.3
      vertex 125.045 -4.12106 39.975
      vertex 125.045 -3.09254 39.0793
    endloop
  endfacet
  facet normal 1 -0 0
    outer loop
      vertex 125.045 -4.1984 39.8536
      vertex 125.045 -3.09254 39.0793
      vertex 125.045 -4.12106 39.975
    endloop
  endfacet
  facet normal 1 0 0
    outer loop
      vertex 125.045 -3.09254 39.0793
      vertex 125.045 -4.1984 39.8536
      vertex 125.045 -3.25187 38.8716
    endloop
  endfacet
  facet normal 1 -0 0
    outer loop
      vertex 125.045 -4.28603 39.7394
      vertex 125.045 -3.25187 38.8716
      vertex 125.045 -4.1984 39.8536
    endloop
  endfacet
  facet normal 1 0 0
    outer loop
      vertex 125.045 -3.25187 38.8716
      vertex 125.045 -4.28603 39.7394
      vertex 125.045 -3.42868 38.6787
    endloop
  endfacet
  facet normal 1 -0 0
    outer loop
      vertex 125.045 -4.38327 39.6333
      vertex 125.045 -3.42868 38.6787
      vertex 125.045 -4.28603 39.7394
    endloop
  endfacet
  facet normal 1 0 0
    outer loop
      vertex 125.045 -3.42868 38.6787
      vertex 125.045 -4.38327 39.6333
      vertex 125.045 -3.62164 38.5019
    endloop
  endfacet
  facet normal 1 -0 0
    outer loop
      vertex 125.045 -4.4894 39.536
      vertex 125.045 -3.62164 38.5019
      vertex 125.045 -4.38327 39.6333
    endloop
  endfacet
  facet normal 1 0 0
    outer loop
      vertex 125.045 -3.62164 38.5019
      vertex 125.045 -4.4894 39.536
      vertex 125.045 -3.82927 38.3425
    endloop
  endfacet
  facet normal 1 -0 0
    outer loop
      vertex 125.045 -4.6036 39.4484
      vertex 125.045 -3.82927 38.3425
      vertex 125.045 -4.4894 39.536
    endloop
  endfacet
  facet normal 1 0 0
    outer loop
      vertex 125.045 -3.82927 38.3425
      vertex 125.045 -4.6036 39.4484
      vertex 125.045 -4.05 38.2019
    endloop
  endfacet
  facet normal 1 -0 0
    outer loop
      vertex 125.045 -4.725 39.3711
      vertex 125.045 -4.05 38.2019
      vertex 125.045 -4.6036 39.4484
    endloop
  endfacet
  facet normal 1 0 0
    outer loop
      vertex 125.045 -4.05 38.2019
      vertex 125.045 -4.725 39.3711
      vertex 125.045 -4.28214 38.0811
    endloop
  endfacet
  facet normal 1 -0 0
    outer loop
      vertex 125.045 -4.85268 39.3046
      vertex 125.045 -4.28214 38.0811
      vertex 125.045 -4.725 39.3711
    endloop
  endfacet
  facet normal 1 0 0
    outer loop
      vertex 125.045 -4.28214 38.0811
      vertex 125.045 -4.85268 39.3046
      vertex 125.045 -4.52394 37.9809
    endloop
  endfacet
  facet normal 1 -0 0
    outer loop
      vertex 125.045 -4.98567 39.2495
      vertex 125.045 -4.52394 37.9809
      vertex 125.045 -4.85268 39.3046
    endloop
  endfacet
  facet normal 1 0 0
    outer loop
      vertex 125.045 -4.52394 37.9809
      vertex 125.045 -4.98567 39.2495
      vertex 125.045 -4.77354 37.9022
    endloop
  endfacet
  facet normal 1 -0 0
    outer loop
      vertex 125.045 -5.12295 39.2062
      vertex 125.045 -4.77354 37.9022
      vertex 125.045 -4.98567 39.2495
    endloop
  endfacet
  facet normal 1 0 0
    outer loop
      vertex 125.045 -4.77354 37.9022
      vertex 125.045 -5.12295 39.2062
      vertex 125.045 -5.02905 37.8456
    endloop
  endfacet
  facet normal 1 -0 0
    outer loop
      vertex 125.045 -5.26348 39.1751
      vertex 125.045 -5.02905 37.8456
      vertex 125.045 -5.12295 39.2062
    endloop
  endfacet
  facet normal 1 0 0
    outer loop
      vertex 125.045 -5.26348 39.1751
      vertex 125.045 -5.28853 37.8114
      vertex 125.045 -5.02905 37.8456
    endloop
  endfacet
  facet normal 1 -0 0
    outer loop
      vertex 125.045 -5.40619 39.1563
      vertex 125.045 -5.28853 37.8114
      vertex 125.045 -5.26348 39.1751
    endloop
  endfacet
  facet normal 1 -0 0
    outer loop
      vertex 125.045 -5.55 39.15
      vertex 125.045 -5.28853 37.8114
      vertex 125.045 -5.40619 39.1563
    endloop
  endfacet
  facet normal 1 0 0
    outer loop
      vertex 125.045 -5.55 39.15
      vertex 125.045 -5.55 37.8
      vertex 125.045 -5.28853 37.8114
    endloop
  endfacet
  facet normal 1 0 0
    outer loop
      vertex 125.045 -5.69381 39.1563
      vertex 125.045 -5.55 37.8
      vertex 125.045 -5.55 39.15
    endloop
  endfacet
  facet normal 1 0 0
    outer loop
      vertex 125.045 -5.69381 39.1563
      vertex 125.045 -5.81147 37.8114
      vertex 125.045 -5.55 37.8
    endloop
  endfacet
  facet normal 1 0 0
    outer loop
      vertex 125.045 -5.83652 39.1751
      vertex 125.045 -5.81147 37.8114
      vertex 125.045 -5.69381 39.1563
    endloop
  endfacet
  facet normal 1 0 0
    outer loop
      vertex 125.045 -6.07094 37.8456
      vertex 125.045 -5.83652 39.1751
      vertex 125.045 -5.97705 39.2062
    endloop
  endfacet
  facet normal 1 0 0
    outer loop
      vertex 125.045 -5.83652 39.1751
      vertex 125.045 -6.07094 37.8456
      vertex 125.045 -5.81147 37.8114
    endloop
  endfacet
  facet normal 1 0 0
    outer loop
      vertex 125.045 -6.32646 37.9022
      vertex 125.045 -5.97705 39.2062
      vertex 125.045 -6.11433 39.2495
    endloop
  endfacet
  facet normal 1 0 0
    outer loop
      vertex 125.045 -6.57606 37.9809
      vertex 125.045 -6.11433 39.2495
      vertex 125.045 -6.24732 39.3046
    endloop
  endfacet
  facet normal 1 0 0
    outer loop
      vertex 125.045 -5.97705 39.2062
      vertex 125.045 -6.32646 37.9022
      vertex 125.045 -6.07094 37.8456
    endloop
  endfacet
  facet normal 1 0 0
    outer loop
      vertex 125.045 -6.81785 38.0811
      vertex 125.045 -6.24732 39.3046
      vertex 125.045 -6.375 39.3711
    endloop
  endfacet
  facet normal 1 0 0
    outer loop
      vertex 125.045 -7.05 38.2019
      vertex 125.045 -6.375 39.3711
      vertex 125.045 -6.4964 39.4484
    endloop
  endfacet
  facet normal 1 0 0
    outer loop
      vertex 125.045 -6.11433 39.2495
      vertex 125.045 -6.57606 37.9809
      vertex 125.045 -6.32646 37.9022
    endloop
  endfacet
  facet normal 1 0 0
    outer loop
      vertex 125.045 -7.27073 38.3425
      vertex 125.045 -6.4964 39.4484
      vertex 125.045 -6.6106 39.536
    endloop
  endfacet
  facet normal 1 0 0
    outer loop
      vertex 125.045 -7.47836 38.5019
      vertex 125.045 -6.6106 39.536
      vertex 125.045 -6.71673 39.6333
    endloop
  endfacet
  facet normal 1 0 0
    outer loop
      vertex 125.045 -7.67132 38.6787
      vertex 125.045 -6.71673 39.6333
      vertex 125.045 -6.81397 39.7394
    endloop
  endfacet
  facet normal 1 0 0
    outer loop
      vertex 125.045 -6.24732 39.3046
      vertex 125.045 -6.81785 38.0811
      vertex 125.045 -6.57606 37.9809
    endloop
  endfacet
  facet normal 1 0 0
    outer loop
      vertex 125.045 -7.84813 38.8716
      vertex 125.045 -6.81397 39.7394
      vertex 125.045 -6.9016 39.8536
    endloop
  endfacet
  facet normal 1 0 0
    outer loop
      vertex 125.045 -8.00746 39.0793
      vertex 125.045 -6.9016 39.8536
      vertex 125.045 -6.97894 39.975
    endloop
  endfacet
  facet normal 1 0 0
    outer loop
      vertex 125.045 -8.14808 39.3
      vertex 125.045 -6.97894 39.975
      vertex 125.045 -7.04541 40.1027
    endloop
  endfacet
  facet normal 1 0 0
    outer loop
      vertex 125.045 -6.375 39.3711
      vertex 125.045 -7.05 38.2019
      vertex 125.045 -6.81785 38.0811
    endloop
  endfacet
  facet normal 1 0 0
    outer loop
      vertex 125.045 -8.26892 39.5321
      vertex 125.045 -7.04541 40.1027
      vertex 125.045 -7.10049 40.2357
    endloop
  endfacet
  facet normal 1 0 0
    outer loop
      vertex 125.045 -8.36908 39.7739
      vertex 125.045 -7.10049 40.2357
      vertex 125.045 -7.14378 40.3729
    endloop
  endfacet
  facet normal 1 0 0
    outer loop
      vertex 125.045 -8.44778 40.0235
      vertex 125.045 -7.14378 40.3729
      vertex 125.045 -7.17493 40.5135
    endloop
  endfacet
  facet normal 1 0 0
    outer loop
      vertex 125.045 -8.50442 40.2791
      vertex 125.045 -7.17493 40.5135
      vertex 125.045 -7.19372 40.6562
    endloop
  endfacet
  facet normal 1 0 0
    outer loop
      vertex 125.045 -6.4964 39.4484
      vertex 125.045 -7.27073 38.3425
      vertex 125.045 -7.05 38.2019
    endloop
  endfacet
  facet normal 1 0 0
    outer loop
      vertex 125.045 -8.53858 40.5385
      vertex 125.045 -7.19372 40.6562
      vertex 125.045 -7.2 40.8
    endloop
  endfacet
  facet normal 1 -0 0
    outer loop
      vertex 125.045 -8.26892 42.0679
      vertex 125.045 -7.04541 41.4973
      vertex 125.045 -8.14808 42.3
    endloop
  endfacet
  facet normal 1 0 0
    outer loop
      vertex 125.045 -7.04541 41.4973
      vertex 125.045 -8.26892 42.0679
      vertex 125.045 -7.10049 41.3643
    endloop
  endfacet
  facet normal 1 0 0
    outer loop
      vertex 125.045 -6.6106 39.536
      vertex 125.045 -7.47836 38.5019
      vertex 125.045 -7.27073 38.3425
    endloop
  endfacet
  facet normal 1 -0 0
    outer loop
      vertex 125.045 -8.36908 41.8261
      vertex 125.045 -7.10049 41.3643
      vertex 125.045 -8.26892 42.0679
    endloop
  endfacet
  facet normal 1 0 0
    outer loop
      vertex 125.045 -6.71673 39.6333
      vertex 125.045 -7.67132 38.6787
      vertex 125.045 -7.47836 38.5019
    endloop
  endfacet
  facet normal 1 0 0
    outer loop
      vertex 125.045 -7.10049 41.3643
      vertex 125.045 -8.36908 41.8261
      vertex 125.045 -7.14378 41.2271
    endloop
  endfacet
  facet normal 1 0 0
    outer loop
      vertex 125.045 -6.81397 39.7394
      vertex 125.045 -7.84813 38.8716
      vertex 125.045 -7.67132 38.6787
    endloop
  endfacet
  facet normal 1 -0 0
    outer loop
      vertex 125.045 -8.44778 41.5765
      vertex 125.045 -7.14378 41.2271
      vertex 125.045 -8.36908 41.8261
    endloop
  endfacet
  facet normal 1 0 0
    outer loop
      vertex 125.045 -6.9016 39.8536
      vertex 125.045 -8.00746 39.0793
      vertex 125.045 -7.84813 38.8716
    endloop
  endfacet
  facet normal 1 0 0
    outer loop
      vertex 125.045 -7.14378 41.2271
      vertex 125.045 -8.44778 41.5765
      vertex 125.045 -7.17493 41.0865
    endloop
  endfacet
  facet normal 1 0 0
    outer loop
      vertex 125.045 -6.97894 39.975
      vertex 125.045 -8.14808 39.3
      vertex 125.045 -8.00746 39.0793
    endloop
  endfacet
  facet normal 1 -0 0
    outer loop
      vertex 125.045 -8.50442 41.3209
      vertex 125.045 -7.17493 41.0865
      vertex 125.045 -8.44778 41.5765
    endloop
  endfacet
  facet normal 1 0 0
    outer loop
      vertex 125.045 -7.04541 40.1027
      vertex 125.045 -8.26892 39.5321
      vertex 125.045 -8.14808 39.3
    endloop
  endfacet
  facet normal 1 0 0
    outer loop
      vertex 125.045 -7.17493 41.0865
      vertex 125.045 -8.50442 41.3209
      vertex 125.045 -7.19372 40.9438
    endloop
  endfacet
  facet normal 1 0 0
    outer loop
      vertex 125.045 -7.10049 40.2357
      vertex 125.045 -8.36908 39.7739
      vertex 125.045 -8.26892 39.5321
    endloop
  endfacet
  facet normal 1 -0 0
    outer loop
      vertex 125.045 -8.53858 41.0615
      vertex 125.045 -7.19372 40.9438
      vertex 125.045 -8.50442 41.3209
    endloop
  endfacet
  facet normal 1 0 0
    outer loop
      vertex 125.045 -7.14378 40.3729
      vertex 125.045 -8.44778 40.0235
      vertex 125.045 -8.36908 39.7739
    endloop
  endfacet
  facet normal 1 0 0
    outer loop
      vertex 125.045 -7.19372 40.9438
      vertex 125.045 -8.53858 41.0615
      vertex 125.045 -7.2 40.8
    endloop
  endfacet
  facet normal 1 0 0
    outer loop
      vertex 125.045 -7.17493 40.5135
      vertex 125.045 -8.50442 40.2791
      vertex 125.045 -8.44778 40.0235
    endloop
  endfacet
  facet normal 1 0 0
    outer loop
      vertex 125.045 -8.55 40.8
      vertex 125.045 -7.2 40.8
      vertex 125.045 -8.53858 41.0615
    endloop
  endfacet
  facet normal 1 0 0
    outer loop
      vertex 125.045 -7.19372 40.6562
      vertex 125.045 -8.53858 40.5385
      vertex 125.045 -8.50442 40.2791
    endloop
  endfacet
  facet normal 1 0 0
    outer loop
      vertex 125.045 -7.2 40.8
      vertex 125.045 -8.55 40.8
      vertex 125.045 -8.53858 40.5385
    endloop
  endfacet
  facet normal -0 0.382838 0.923816
    outer loop
      vertex 125.045 -6.57606 37.9809
      vertex 129.545 -6.81785 38.0811
      vertex 129.545 -6.57606 37.9809
    endloop
  endfacet
  facet normal 0 0.382838 0.923816
    outer loop
      vertex 129.545 -6.81785 38.0811
      vertex 125.045 -6.57606 37.9809
      vertex 125.045 -6.81785 38.0811
    endloop
  endfacet
  facet normal 0 0.737183 0.675693
    outer loop
      vertex 129.545 -7.67132 38.6787
      vertex 125.045 -7.84813 38.8716
      vertex 129.545 -7.84813 38.8716
    endloop
  endfacet
  facet normal 0 0.737183 0.675693
    outer loop
      vertex 125.045 -7.84813 38.8716
      vertex 129.545 -7.67132 38.6787
      vertex 125.045 -7.67132 38.6787
    endloop
  endfacet
  facet normal 0 0.675559 -0.737306
    outer loop
      vertex 125.045 -7.67132 42.9213
      vertex 127.555 -7.47836 43.0981
      vertex 127.555 -7.67132 42.9213
    endloop
  endfacet
  facet normal 0 0.675559 -0.737306
    outer loop
      vertex 127.555 -7.47836 43.0981
      vertex 125.045 -7.67132 42.9213
      vertex 125.045 -7.47836 43.0981
    endloop
  endfacet
  facet normal 0 -0.608954 -0.793206
    outer loop
      vertex 125.045 -3.82927 43.2575
      vertex 127.555 -3.62164 43.0981
      vertex 127.555 -3.82927 43.2575
    endloop
  endfacet
  facet normal -0 -0.608954 -0.793206
    outer loop
      vertex 127.555 -3.62164 43.0981
      vertex 125.045 -3.82927 43.2575
      vertex 125.045 -3.62164 43.0981
    endloop
  endfacet
  facet normal 0 -0.953715 0.300711
    outer loop
      vertex 125.045 -2.73092 39.7739
      vertex 129.545 -2.65222 40.0235
      vertex 125.045 -2.65222 40.0235
    endloop
  endfacet
  facet normal 0 -0.953715 0.300711
    outer loop
      vertex 129.545 -2.65222 40.0235
      vertex 125.045 -2.73092 39.7739
      vertex 129.545 -2.73092 39.7739
    endloop
  endfacet
  facet normal 0 -0.0435583 -0.999051
    outer loop
      vertex 125.045 -5.55 43.8
      vertex 127.555 -5.28853 43.7886
      vertex 127.555 -5.55 43.8
    endloop
  endfacet
  facet normal -0 -0.0435583 -0.999051
    outer loop
      vertex 127.555 -5.28853 43.7886
      vertex 125.045 -5.55 43.8
      vertex 125.045 -5.28853 43.7886
    endloop
  endfacet
  facet normal 0 -0.537244 -0.843427
    outer loop
      vertex 125.045 -4.05 43.3981
      vertex 127.555 -3.82927 43.2575
      vertex 127.555 -4.05 43.3981
    endloop
  endfacet
  facet normal -0 -0.537244 -0.843427
    outer loop
      vertex 127.555 -3.82927 43.2575
      vertex 125.045 -4.05 43.3981
      vertex 125.045 -3.82927 43.2575
    endloop
  endfacet
  facet normal 0 0.216267 -0.976334
    outer loop
      vertex 125.045 -6.32646 43.6978
      vertex 127.555 -6.07094 43.7544
      vertex 127.555 -6.32646 43.6978
    endloop
  endfacet
  facet normal 0 0.216267 -0.976334
    outer loop
      vertex 127.555 -6.07094 43.7544
      vertex 125.045 -6.32646 43.6978
      vertex 125.045 -6.07094 43.7544
    endloop
  endfacet
  facet normal 0 0.793434 0.608656
    outer loop
      vertex 129.545 -7.84813 38.8716
      vertex 125.045 -8.00746 39.0793
      vertex 129.545 -8.00746 39.0793
    endloop
  endfacet
  facet normal 0 0.793434 0.608656
    outer loop
      vertex 125.045 -8.00746 39.0793
      vertex 129.545 -7.84813 38.8716
      vertex 125.045 -7.84813 38.8716
    endloop
  endfacet
  facet normal 0 -0.461615 -0.88708
    outer loop
      vertex 125.045 -4.28214 43.5189
      vertex 127.555 -4.05 43.3981
      vertex 127.555 -4.28214 43.5189
    endloop
  endfacet
  facet normal -0 -0.461615 -0.88708
    outer loop
      vertex 127.555 -4.05 43.3981
      vertex 125.045 -4.28214 43.5189
      vertex 125.045 -4.05 43.3981
    endloop
  endfacet
  facet normal 0 0.923875 -0.382694
    outer loop
      vertex 127.555 -8.36908 41.8261
      vertex 125.045 -8.26892 42.0679
      vertex 127.555 -8.26892 42.0679
    endloop
  endfacet
  facet normal 0 0.923875 -0.382694
    outer loop
      vertex 125.045 -8.26892 42.0679
      vertex 127.555 -8.36908 41.8261
      vertex 125.045 -8.36908 41.8261
    endloop
  endfacet
  facet normal 0 0.953715 -0.300711
    outer loop
      vertex 127.555 -8.44778 41.5765
      vertex 125.045 -8.36908 41.8261
      vertex 127.555 -8.36908 41.8261
    endloop
  endfacet
  facet normal 0 0.953715 -0.300711
    outer loop
      vertex 125.045 -8.36908 41.8261
      vertex 127.555 -8.44778 41.5765
      vertex 125.045 -8.44778 41.5765
    endloop
  endfacet
  facet normal -0 0.0435583 0.999051
    outer loop
      vertex 125.045 -5.55 37.8
      vertex 129.545 -5.81147 37.8114
      vertex 129.545 -5.55 37.8
    endloop
  endfacet
  facet normal 0 0.0435583 0.999051
    outer loop
      vertex 129.545 -5.81147 37.8114
      vertex 125.045 -5.55 37.8
      vertex 125.045 -5.81147 37.8114
    endloop
  endfacet
  facet normal 0 -0.953715 -0.300711
    outer loop
      vertex 125.045 -2.65222 41.5765
      vertex 127.555 -2.73092 41.8261
      vertex 125.045 -2.73092 41.8261
    endloop
  endfacet
  facet normal 0 -0.953715 -0.300711
    outer loop
      vertex 127.555 -2.73092 41.8261
      vertex 125.045 -2.65222 41.5765
      vertex 127.555 -2.65222 41.5765
    endloop
  endfacet
  facet normal 0 -0.843359 -0.53735
    outer loop
      vertex 125.045 -2.95192 42.3
      vertex 127.555 -3.09254 42.5207
      vertex 125.045 -3.09254 42.5207
    endloop
  endfacet
  facet normal 0 -0.843359 -0.53735
    outer loop
      vertex 127.555 -3.09254 42.5207
      vertex 125.045 -2.95192 42.3
      vertex 127.555 -2.95192 42.3
    endloop
  endfacet
  facet normal -0 0.216267 0.976334
    outer loop
      vertex 125.045 -6.07094 37.8456
      vertex 129.545 -6.32646 37.9022
      vertex 129.545 -6.07094 37.8456
    endloop
  endfacet
  facet normal 0 0.216267 0.976334
    outer loop
      vertex 129.545 -6.32646 37.9022
      vertex 125.045 -6.07094 37.8456
      vertex 125.045 -6.32646 37.9022
    endloop
  endfacet
  facet normal 0 0.999048 -0.0436295
    outer loop
      vertex 127.555 -8.55 40.8
      vertex 125.045 -8.53858 41.0615
      vertex 127.555 -8.53858 41.0615
    endloop
  endfacet
  facet normal 0 0.999048 -0.0436295
    outer loop
      vertex 125.045 -8.53858 41.0615
      vertex 127.555 -8.55 40.8
      vertex 125.045 -8.55 40.8
    endloop
  endfacet
  facet normal 0 -0.537244 0.843427
    outer loop
      vertex 125.045 -3.82927 38.3425
      vertex 129.545 -4.05 38.2019
      vertex 129.545 -3.82927 38.3425
    endloop
  endfacet
  facet normal 0 -0.537244 0.843427
    outer loop
      vertex 129.545 -4.05 38.2019
      vertex 125.045 -3.82927 38.3425
      vertex 125.045 -4.05 38.2019
    endloop
  endfacet
  facet normal 0 0.953715 0.300711
    outer loop
      vertex 129.545 -8.36908 39.7739
      vertex 125.045 -8.44778 40.0235
      vertex 129.545 -8.44778 40.0235
    endloop
  endfacet
  facet normal 0 0.953715 0.300711
    outer loop
      vertex 125.045 -8.44778 40.0235
      vertex 129.545 -8.36908 39.7739
      vertex 125.045 -8.36908 39.7739
    endloop
  endfacet
  facet normal 0 -0.737183 0.675693
    outer loop
      vertex 125.045 -3.42868 38.6787
      vertex 129.545 -3.25187 38.8716
      vertex 125.045 -3.25187 38.8716
    endloop
  endfacet
  facet normal 0 -0.737183 0.675693
    outer loop
      vertex 129.545 -3.25187 38.8716
      vertex 125.045 -3.42868 38.6787
      vertex 129.545 -3.42868 38.6787
    endloop
  endfacet
  facet normal 0 -0.216275 -0.976332
    outer loop
      vertex 125.045 -5.02905 43.7544
      vertex 127.555 -4.77354 43.6978
      vertex 127.555 -5.02905 43.7544
    endloop
  endfacet
  facet normal -0 -0.216275 -0.976332
    outer loop
      vertex 127.555 -4.77354 43.6978
      vertex 125.045 -5.02905 43.7544
      vertex 125.045 -4.77354 43.6978
    endloop
  endfacet
  facet normal 0 0.999048 0.0436295
    outer loop
      vertex 127.555 -8.53858 40.5385
      vertex 125.045 -8.55 40.8
      vertex 127.555 -8.55 40.8
    endloop
  endfacet
  facet normal 0 0.999048 0.0436295
    outer loop
      vertex 125.045 -8.55 40.8
      vertex 127.555 -8.53858 40.5385
      vertex 125.045 -8.53858 40.5385
    endloop
  endfacet
  facet normal 0 -0.608954 0.793206
    outer loop
      vertex 125.045 -3.62164 38.5019
      vertex 129.545 -3.82927 38.3425
      vertex 129.545 -3.62164 38.5019
    endloop
  endfacet
  facet normal 0 -0.608954 0.793206
    outer loop
      vertex 129.545 -3.82927 38.3425
      vertex 125.045 -3.62164 38.5019
      vertex 125.045 -3.82927 38.3425
    endloop
  endfacet
  facet normal 0 0.737183 -0.675693
    outer loop
      vertex 127.555 -7.84813 42.7284
      vertex 125.045 -7.67132 42.9213
      vertex 127.555 -7.67132 42.9213
    endloop
  endfacet
  facet normal 0 0.737183 -0.675693
    outer loop
      vertex 125.045 -7.67132 42.9213
      vertex 127.555 -7.84813 42.7284
      vertex 125.045 -7.84813 42.7284
    endloop
  endfacet
  facet normal 0 -0.675559 0.737306
    outer loop
      vertex 125.045 -3.42868 38.6787
      vertex 129.545 -3.62164 38.5019
      vertex 129.545 -3.42868 38.6787
    endloop
  endfacet
  facet normal 0 -0.675559 0.737306
    outer loop
      vertex 129.545 -3.62164 38.5019
      vertex 125.045 -3.42868 38.6787
      vertex 125.045 -3.62164 38.5019
    endloop
  endfacet
  facet normal 0 -0.216275 0.976332
    outer loop
      vertex 125.045 -4.77354 37.9022
      vertex 129.545 -5.02905 37.8456
      vertex 129.545 -4.77354 37.9022
    endloop
  endfacet
  facet normal 0 -0.216275 0.976332
    outer loop
      vertex 129.545 -5.02905 37.8456
      vertex 125.045 -4.77354 37.9022
      vertex 125.045 -5.02905 37.8456
    endloop
  endfacet
  facet normal 0 -0.843359 0.53735
    outer loop
      vertex 125.045 -3.09254 39.0793
      vertex 129.545 -2.95192 39.3
      vertex 125.045 -2.95192 39.3
    endloop
  endfacet
  facet normal 0 -0.843359 0.53735
    outer loop
      vertex 129.545 -2.95192 39.3
      vertex 125.045 -3.09254 39.0793
      vertex 129.545 -3.09254 39.0793
    endloop
  endfacet
  facet normal 0 0.537244 -0.843427
    outer loop
      vertex 125.045 -7.27073 43.2575
      vertex 127.555 -7.05 43.3981
      vertex 127.555 -7.27073 43.2575
    endloop
  endfacet
  facet normal 0 0.537244 -0.843427
    outer loop
      vertex 127.555 -7.05 43.3981
      vertex 125.045 -7.27073 43.2575
      vertex 125.045 -7.05 43.3981
    endloop
  endfacet
  facet normal 0 -0.382824 0.923821
    outer loop
      vertex 125.045 -4.28214 38.0811
      vertex 129.545 -4.52394 37.9809
      vertex 129.545 -4.28214 38.0811
    endloop
  endfacet
  facet normal 0 -0.382824 0.923821
    outer loop
      vertex 129.545 -4.52394 37.9809
      vertex 125.045 -4.28214 38.0811
      vertex 125.045 -4.52394 37.9809
    endloop
  endfacet
  facet normal 0 0.886985 0.461798
    outer loop
      vertex 129.545 -8.14808 39.3
      vertex 125.045 -8.26892 39.5321
      vertex 129.545 -8.26892 39.5321
    endloop
  endfacet
  facet normal 0 0.886985 0.461798
    outer loop
      vertex 125.045 -8.26892 39.5321
      vertex 129.545 -8.14808 39.3
      vertex 125.045 -8.14808 39.3
    endloop
  endfacet
  facet normal 0 0.976316 -0.216348
    outer loop
      vertex 127.555 -8.50442 41.3209
      vertex 125.045 -8.44778 41.5765
      vertex 127.555 -8.44778 41.5765
    endloop
  endfacet
  facet normal 0 0.976316 -0.216348
    outer loop
      vertex 125.045 -8.44778 41.5765
      vertex 127.555 -8.50442 41.3209
      vertex 125.045 -8.50442 41.3209
    endloop
  endfacet
  facet normal 0 0.843359 0.53735
    outer loop
      vertex 129.545 -8.00746 39.0793
      vertex 125.045 -8.14808 39.3
      vertex 129.545 -8.14808 39.3
    endloop
  endfacet
  facet normal 0 0.843359 0.53735
    outer loop
      vertex 125.045 -8.14808 39.3
      vertex 129.545 -8.00746 39.0793
      vertex 125.045 -8.00746 39.0793
    endloop
  endfacet
  facet normal 0 0.923875 0.382694
    outer loop
      vertex 129.545 -8.26892 39.5321
      vertex 125.045 -8.36908 39.7739
      vertex 129.545 -8.36908 39.7739
    endloop
  endfacet
  facet normal 0 0.923875 0.382694
    outer loop
      vertex 125.045 -8.36908 39.7739
      vertex 129.545 -8.26892 39.5321
      vertex 125.045 -8.26892 39.5321
    endloop
  endfacet
  facet normal 0 -0.130672 -0.991426
    outer loop
      vertex 125.045 -5.28853 43.7886
      vertex 127.555 -5.02905 43.7544
      vertex 127.555 -5.28853 43.7886
    endloop
  endfacet
  facet normal -0 -0.130672 -0.991426
    outer loop
      vertex 127.555 -5.02905 43.7544
      vertex 125.045 -5.28853 43.7886
      vertex 125.045 -5.02905 43.7544
    endloop
  endfacet
  facet normal 0 -0.923875 0.382694
    outer loop
      vertex 125.045 -2.83108 39.5321
      vertex 129.545 -2.73092 39.7739
      vertex 125.045 -2.73092 39.7739
    endloop
  endfacet
  facet normal 0 -0.923875 0.382694
    outer loop
      vertex 129.545 -2.73092 39.7739
      vertex 125.045 -2.83108 39.5321
      vertex 129.545 -2.83108 39.5321
    endloop
  endfacet
  facet normal -0 0.461599 0.887089
    outer loop
      vertex 125.045 -6.81785 38.0811
      vertex 129.545 -7.05 38.2019
      vertex 129.545 -6.81785 38.0811
    endloop
  endfacet
  facet normal 0 0.461599 0.887089
    outer loop
      vertex 129.545 -7.05 38.2019
      vertex 125.045 -6.81785 38.0811
      vertex 125.045 -7.05 38.2019
    endloop
  endfacet
  facet normal 0 -0.886985 0.461798
    outer loop
      vertex 125.045 -2.95192 39.3
      vertex 129.545 -2.83108 39.5321
      vertex 125.045 -2.83108 39.5321
    endloop
  endfacet
  facet normal 0 -0.886985 0.461798
    outer loop
      vertex 129.545 -2.83108 39.5321
      vertex 125.045 -2.95192 39.3
      vertex 129.545 -2.95192 39.3
    endloop
  endfacet
  facet normal -0 0.300711 0.953715
    outer loop
      vertex 125.045 -6.32646 37.9022
      vertex 129.545 -6.57606 37.9809
      vertex 129.545 -6.32646 37.9022
    endloop
  endfacet
  facet normal 0 0.300711 0.953715
    outer loop
      vertex 129.545 -6.57606 37.9809
      vertex 125.045 -6.32646 37.9022
      vertex 125.045 -6.57606 37.9809
    endloop
  endfacet
  facet normal 0 0.976334 0.216267
    outer loop
      vertex 129.545 -8.45952 40.0765
      vertex 129.545 -8.44778 40.0235
      vertex 127.555 -8.45952 40.0765
    endloop
  endfacet
  facet normal 0 0.976312 0.216369
    outer loop
      vertex 127.555 -8.45952 40.0765
      vertex 125.045 -8.50442 40.2791
      vertex 127.555 -8.50442 40.2791
    endloop
  endfacet
  facet normal -1.78963e-06 0.976316 0.216348
    outer loop
      vertex 127.555 -8.45952 40.0765
      vertex 125.045 -8.44778 40.0235
      vertex 125.045 -8.50442 40.2791
    endloop
  endfacet
  facet normal -0 0.976334 0.216267
    outer loop
      vertex 125.045 -8.44778 40.0235
      vertex 127.555 -8.45952 40.0765
      vertex 129.545 -8.44778 40.0235
    endloop
  endfacet
  facet normal -0 0.537244 0.843427
    outer loop
      vertex 125.045 -7.05 38.2019
      vertex 129.545 -7.27073 38.3425
      vertex 129.545 -7.05 38.2019
    endloop
  endfacet
  facet normal 0 0.537244 0.843427
    outer loop
      vertex 129.545 -7.27073 38.3425
      vertex 125.045 -7.05 38.2019
      vertex 125.045 -7.27073 38.3425
    endloop
  endfacet
  facet normal 0 0.886985 -0.461798
    outer loop
      vertex 127.555 -8.26892 42.0679
      vertex 125.045 -8.14808 42.3
      vertex 127.555 -8.14808 42.3
    endloop
  endfacet
  facet normal 0 0.886985 -0.461798
    outer loop
      vertex 125.045 -8.14808 42.3
      vertex 127.555 -8.26892 42.0679
      vertex 125.045 -8.26892 42.0679
    endloop
  endfacet
  facet normal 0 1 -0
    outer loop
      vertex 127.545 -1.05 59
      vertex 126.545 -1.05 61
      vertex 127.545 -1.05 61
    endloop
  endfacet
  facet normal 0 1 0
    outer loop
      vertex 127.545 -1.05 59
      vertex 126.545 -1.05 54
      vertex 126.545 -1.05 61
    endloop
  endfacet
  facet normal 0 1 0
    outer loop
      vertex 126.545 -1.05 54
      vertex 127.545 -1.05 -25
      vertex 118.545 -1.05 54
    endloop
  endfacet
  facet normal 0 1 -0
    outer loop
      vertex 127.545 -1.05 -25
      vertex 126.545 -1.05 54
      vertex 127.545 -1.05 59
    endloop
  endfacet
  facet normal 0 1 -0
    outer loop
      vertex 118.545 -1.05 54
      vertex 117.545 -1.05 61
      vertex 118.545 -1.05 61
    endloop
  endfacet
  facet normal 0 1 0
    outer loop
      vertex 117.545 -1.05 -25
      vertex 118.545 -1.05 54
      vertex 127.545 -1.05 -25
    endloop
  endfacet
  facet normal 0 1 0
    outer loop
      vertex 118.545 -1.05 54
      vertex 117.545 -1.05 -25
      vertex 117.545 -1.05 61
    endloop
  endfacet
  facet normal 0 1 -0
    outer loop
      vertex 127.545 -1.05 -43
      vertex 117.545 -1.05 -39
      vertex 127.545 -1.05 -39
    endloop
  endfacet
  facet normal 0 1 0
    outer loop
      vertex 117.545 -1.05 -39
      vertex 127.545 -1.05 -43
      vertex 117.545 -1.05 -43
    endloop
  endfacet
  facet normal 0 -1 0
    outer loop
      vertex 127.545 2.95 -39
      vertex 129.545 2.95 -25
      vertex 127.545 2.95 -25
    endloop
  endfacet
  facet normal 0 -1 -0
    outer loop
      vertex 129.545 2.95 -25
      vertex 127.545 2.95 -39
      vertex 129.545 2.95 -39
    endloop
  endfacet
  facet normal 0 -1 0
    outer loop
      vertex 126.545 2.95 55
      vertex 127.545 2.95 59
      vertex 126.545 2.95 59
    endloop
  endfacet
  facet normal 0 -1 -0
    outer loop
      vertex 127.545 2.95 59
      vertex 126.545 2.95 55
      vertex 127.545 2.95 55
    endloop
  endfacet
  facet normal 0 0 -1
    outer loop
      vertex 117.545 -1.05 61
      vertex 118.545 0 61
      vertex 118.545 -1.05 61
    endloop
  endfacet
  facet normal -0 0 -1
    outer loop
      vertex 118.545 0 61
      vertex 117.545 -1.05 61
      vertex 117.545 0 61
    endloop
  endfacet
  facet normal 0 0 -1
    outer loop
      vertex 126.545 -1.05 61
      vertex 127.545 0 61
      vertex 127.545 -1.05 61
    endloop
  endfacet
  facet normal -0 0 -1
    outer loop
      vertex 127.545 0 61
      vertex 126.545 -1.05 61
      vertex 126.545 0 61
    endloop
  endfacet
  facet normal -0 0 1
    outer loop
      vertex 117.545 0 -43
      vertex 127.545 -1.05 -43
      vertex 127.545 0 -43
    endloop
  endfacet
  facet normal 0 0 1
    outer loop
      vertex 127.545 -1.05 -43
      vertex 117.545 0 -43
      vertex 117.545 -1.05 -43
    endloop
  endfacet
  facet normal 0 1 0
    outer loop
      vertex 125.045 -4.05 -38.2019
      vertex 129.545 -4.05 -25
      vertex 129.545 -4.05 -38.2019
    endloop
  endfacet
  facet normal 0 1 0
    outer loop
      vertex 129.545 -4.05 -25
      vertex 125.045 -4.05 -38.2019
      vertex 117.545 -4.05 -25
    endloop
  endfacet
  facet normal 0 1 0
    outer loop
      vertex 117.545 -4.05 -39
      vertex 125.045 -4.05 -38.2019
      vertex 125.045 -4.05 -39
    endloop
  endfacet
  facet normal 0 1 0
    outer loop
      vertex 125.045 -4.05 -38.2019
      vertex 117.545 -4.05 -39
      vertex 117.545 -4.05 -25
    endloop
  endfacet
  facet normal 0 0 -1
    outer loop
      vertex 129.545 -4.05 -25
      vertex 127.545 -1.05 -25
      vertex 129.545 2.95 -25
    endloop
  endfacet
  facet normal 0 0 -1
    outer loop
      vertex 117.545 -4.05 -25
      vertex 127.545 -1.05 -25
      vertex 129.545 -4.05 -25
    endloop
  endfacet
  facet normal -0 0 -1
    outer loop
      vertex 127.545 -1.05 -25
      vertex 117.545 -4.05 -25
      vertex 117.545 -1.05 -25
    endloop
  endfacet
  facet normal -0 0 -1
    outer loop
      vertex 129.545 2.95 -25
      vertex 127.545 -1.05 -25
      vertex 127.545 2.95 -25
    endloop
  endfacet
  facet normal 0 0 1
    outer loop
      vertex 127.545 -1.05 -39
      vertex 129.545 2.95 -39
      vertex 127.545 2.95 -39
    endloop
  endfacet
  facet normal 0 0 1
    outer loop
      vertex 129.545 2.95 -39
      vertex 127.545 -1.05 -39
      vertex 129.545 -3.15337 -39
    endloop
  endfacet
  facet normal 0 0 1
    outer loop
      vertex 127.545 -1.05 -39
      vertex 125.045 -3.15337 -39
      vertex 129.545 -3.15337 -39
    endloop
  endfacet
  facet normal -0 0 1
    outer loop
      vertex 117.545 -1.05 -39
      vertex 125.045 -3.15337 -39
      vertex 127.545 -1.05 -39
    endloop
  endfacet
  facet normal 0 0 1
    outer loop
      vertex 117.545 -4.05 -39
      vertex 125.045 -3.15337 -39
      vertex 117.545 -1.05 -39
    endloop
  endfacet
  facet normal 0 0 1
    outer loop
      vertex 125.045 -3.15337 -39
      vertex 117.545 -4.05 -39
      vertex 125.045 -4.05 -39
    endloop
  endfacet
  facet normal -1 0 0
    outer loop
      vertex 126.545 -1.05 54
      vertex 126.545 -4.55 54
      vertex 126.545 -1.05 61
    endloop
  endfacet
  facet normal -1 0 0
    outer loop
      vertex 126.545 -1.05 61
      vertex 126.545 0 66
      vertex 126.545 0 61
    endloop
  endfacet
  facet normal -1 0 0
    outer loop
      vertex 126.545 -4.55 66
      vertex 126.545 -1.05 61
      vertex 126.545 -4.55 54
    endloop
  endfacet
  facet normal -1 0 0
    outer loop
      vertex 126.545 -1.05 61
      vertex 126.545 -4.55 66
      vertex 126.545 0 66
    endloop
  endfacet
  facet normal -1 0 0
    outer loop
      vertex 126.545 2.95 55
      vertex 126.545 3.65 59
      vertex 126.545 3.65 55
    endloop
  endfacet
  facet normal -1 -0 0
    outer loop
      vertex 126.545 3.65 59
      vertex 126.545 2.95 55
      vertex 126.545 2.95 59
    endloop
  endfacet
  facet normal 0 1 -0
    outer loop
      vertex 126.545 -4.55 54
      vertex 118.545 -4.55 66
      vertex 126.545 -4.55 66
    endloop
  endfacet
  facet normal 0 1 0
    outer loop
      vertex 118.545 -4.55 66
      vertex 126.545 -4.55 54
      vertex 118.545 -4.55 54
    endloop
  endfacet
  facet normal 1 0 0
    outer loop
      vertex 118.545 0 66
      vertex 118.545 -1.05 61
      vertex 118.545 0 61
    endloop
  endfacet
  facet normal 1 -0 0
    outer loop
      vertex 118.545 -4.55 66
      vertex 118.545 -1.05 61
      vertex 118.545 0 66
    endloop
  endfacet
  facet normal 1 0 0
    outer loop
      vertex 118.545 -4.55 54
      vertex 118.545 -1.05 61
      vertex 118.545 -4.55 66
    endloop
  endfacet
  facet normal 1 0 0
    outer loop
      vertex 118.545 -1.05 61
      vertex 118.545 -4.55 54
      vertex 118.545 -1.05 54
    endloop
  endfacet
  facet normal 0 0 -1
    outer loop
      vertex 118.545 -4.55 66
      vertex 126.545 0 66
      vertex 126.545 -4.55 66
    endloop
  endfacet
  facet normal -0 0 -1
    outer loop
      vertex 126.545 0 66
      vertex 118.545 -4.55 66
      vertex 118.545 0 66
    endloop
  endfacet
  facet normal -0 0 1
    outer loop
      vertex 118.545 -1.05 54
      vertex 126.545 -4.55 54
      vertex 126.545 -1.05 54
    endloop
  endfacet
  facet normal 0 0 1
    outer loop
      vertex 126.545 -4.55 54
      vertex 118.545 -1.05 54
      vertex 118.545 -4.55 54
    endloop
  endfacet
  facet normal -1 0 0
    outer loop
      vertex 128.545 -9.55 -7.5
      vertex 128.545 -1.55 7.5
      vertex 128.545 -1.55 -7.5
    endloop
  endfacet
  facet normal -1 -0 0
    outer loop
      vertex 128.545 -1.55 7.5
      vertex 128.545 -9.55 -7.5
      vertex 128.545 -9.55 7.5
    endloop
  endfacet
  facet normal 0 1 -0
    outer loop
      vertex 128.545 -9.55 -7.5
      vertex 124.545 -9.55 7.5
      vertex 128.545 -9.55 7.5
    endloop
  endfacet
  facet normal 0 1 0
    outer loop
      vertex 124.545 -9.55 7.5
      vertex 128.545 -9.55 -7.5
      vertex 124.545 -9.55 -7.5
    endloop
  endfacet
  facet normal 0 -1 0
    outer loop
      vertex 124.545 -1.55 -7.5
      vertex 128.545 -1.55 7.5
      vertex 124.545 -1.55 7.5
    endloop
  endfacet
  facet normal 0 -1 -0
    outer loop
      vertex 128.545 -1.55 7.5
      vertex 124.545 -1.55 -7.5
      vertex 128.545 -1.55 -7.5
    endloop
  endfacet
  facet normal 1 -0 0
    outer loop
      vertex 124.545 -9.55 7.5
      vertex 124.545 -1.55 -7.5
      vertex 124.545 -1.55 7.5
    endloop
  endfacet
  facet normal 1 0 0
    outer loop
      vertex 124.545 -1.55 -7.5
      vertex 124.545 -9.55 7.5
      vertex 124.545 -9.55 -7.5
    endloop
  endfacet
  facet normal 0 0 -1
    outer loop
      vertex 124.545 -9.55 7.5
      vertex 128.545 -1.55 7.5
      vertex 128.545 -9.55 7.5
    endloop
  endfacet
  facet normal -0 0 -1
    outer loop
      vertex 128.545 -1.55 7.5
      vertex 124.545 -9.55 7.5
      vertex 124.545 -1.55 7.5
    endloop
  endfacet
  facet normal -0 0 1
    outer loop
      vertex 124.545 -1.55 -7.5
      vertex 128.545 -9.55 -7.5
      vertex 128.545 -1.55 -7.5
    endloop
  endfacet
  facet normal 0 0 1
    outer loop
      vertex 128.545 -9.55 -7.5
      vertex 124.545 -1.55 -7.5
      vertex 124.545 -9.55 -7.5
    endloop
  endfacet
endsolid OpenSCAD_Model
